gpu,test_id,kind,outcome,iterations,sample_count,guest_average_us,guest_median_us,framebuffer_fnv1a64
nvidia,busy_pfifo.pfifo_saturation,leaf,PASS,10,10,107611,107420.0,1508607624bb8506
nvidia,busy_pfifo.pgraph_pattern_polling,leaf,PASS,1,1,4494881,4494881,386d0f085e98c325
nvidia,cpu_floating_point.sse_scalar,leaf,PASS,10,10,498554,497940.5,6962077c244da325
nvidia,cpu_floating_point.x87_scalar,leaf,PASS,10,10,783550,783744.0,6962077c244da325
nvidia,cpu_translation_blocks.direct_loop,leaf,PASS,10,10,9767,9734.0,bd1fc9bf0c318325
nvidia,cpu_translation_blocks.indirect_dispatch,leaf,PASS,10,10,39505,39554.0,c0426cf669a02325
nvidia,cpu_translation_blocks.indirect_dispatch_stress,leaf,PASS,10,10,790576,790412.0,fbd507cb0c622325
nvidia,fill_rate.solid,leaf,PASS,10,10,1907,1157.5,08b0f60773aac775
nvidia,fill_rate.textured,leaf,PASS,10,10,2053,1219.5,99b433323df1684d
nvidia,game_load.long_unlocked_scene.cpu,leaf,PASS,8,8,24073,23988.0,4efd9244c4ad2325
nvidia,game_load.long_unlocked_scene.pfifo,leaf,PASS,8,8,4917,4855.0,4efd9244c4ad2325
nvidia,game_load.long_unlocked_scene.alpha_overdraw,leaf,PASS,8,8,33461,33379.5,4efd9244c4ad2325
nvidia,game_load.long_unlocked_scene.streaming_surface_reuse,leaf,PASS,8,8,11965,11311.5,4efd9244c4ad2325
nvidia,game_load.long_unlocked_scene.combined,leaf,PASS,8,8,73210,73267.5,4efd9244c4ad2325
nvidia,game_load.long_unlocked_scene.full_system,leaf,PASS,8,8,73937,73870.0,4efd9244c4ad2325
nvidia,game_load.long_unlocked_scene,group,PASS,0,0,0,,4efd9244c4ad2325
nvidia,game_load.cross_title_hotpath.queued_vertex_cpu_writes,leaf,PASS,8,8,84783,83184.5,ea21c900993ea325
nvidia,game_load.cross_title_hotpath.pgr2_small_draws,leaf,PASS,8,8,103037,102618.5,151015a16ca46325
nvidia,game_load.cross_title_hotpath.texture_update_reuse,leaf,PASS,8,8,2978,2927.0,44fcd2c900a5a325
nvidia,game_load.cross_title_hotpath.surface_reuse,leaf,PASS,8,8,9229,8884.0,37f87c4938cd6325
nvidia,game_load.cross_title_hotpath.pipeline_state_churn,leaf,PASS,8,8,66013,66505.5,4f8b2eab497ca325
nvidia,game_load.cross_title_hotpath.blend_constant_reuse,leaf,PASS,8,8,167163,167110.0,58e80f99c5a56325
nvidia,game_load.cross_title_hotpath.texture_binding_reuse,leaf,PASS,8,8,216979,216818.0,6b9bae4b9c97a325
nvidia,game_load.cross_title_hotpath.pgr2_lagspot_inline_elements,leaf,PASS,8,8,125703,126491.5,2b9db92162606325
nvidia,game_load.cross_title_hotpath.scaled_surface_pressure,leaf,PASS,8,8,651852,656602.0,32a69ec6dce52325
nvidia,game_load.cross_title_hotpath.s3tc_streaming_fenced_draws,leaf,PASS,8,8,1346386,1338426.5,1a65246e1a0ea325
nvidia,game_load.cross_title_hotpath.gpu_wait_control,leaf,PASS,8,8,1270,1223.5,e30500792076e325
nvidia,game_load.cross_title_hotpath,group,PASS,0,0,0,,e30500792076e325
nvidia,game_load.s3tc_sync_factor.dxt1_same_address_wait,leaf,PASS,8,8,16874,16661.0,3403675459d4d3d5
nvidia,game_load.s3tc_sync_factor.dxt1_same_address_queued,leaf,PASS,8,8,16963,16696.0,13f7f7c1639f09cf
nvidia,game_load.s3tc_sync_factor.dxt1_ring_payload_generations,leaf,PASS,8,8,15617,16524.0,3403675459d4d3d5
nvidia,game_load.s3tc_sync_factor.dxt1_dirty_once_redraw,leaf,PASS,8,8,15434,16556.5,428c04bbb0a62725
nvidia,game_load.s3tc_sync_factor.rgba8_same_address_wait,leaf,PASS,8,8,50313,49949.5,3403675459d4d3d5
nvidia,game_load.s3tc_sync_factor.rgba8_same_address_queued,leaf,PASS,8,8,50623,49876.5,4dda67c754d20b1a
nvidia,game_load.s3tc_sync_factor.rgba8_ring_payload_generations,leaf,PASS,8,8,49139,49812.5,3403675459d4d3d5
nvidia,game_load.s3tc_sync_factor.rgba8_dirty_once_redraw,leaf,PASS,8,8,15818,16652.0,428c04bbb0a62725
nvidia,game_load.s3tc_sync_factor.bc2_native_eligible,leaf,PASS,8,8,16765,16822.0,3403675459d4d3d5
nvidia,game_load.s3tc_sync_factor.bc2_bordered_fallback,leaf,PASS,8,8,50427,50299.5,db28300321744de5
nvidia,game_load.s3tc_sync_factor.bc3_native_eligible,leaf,PASS,8,8,16548,16637.5,3403675459d4d3d5
nvidia,game_load.s3tc_sync_factor.bc3_bordered_fallback,leaf,PASS,8,8,50500,49564.5,db28300321744de5
nvidia,game_load.s3tc_sync_factor,group,PASS,0,0,0,,db28300321744de5
nvidia,game_load.repeated_display,leaf,PASS,8,8,16569,16648.0,e758dbbf4edc2325
nvidia,game_load.repeated_display_boosted,leaf,PASS,8,8,47842,49917.5,60315b1c33b6a325
nvidia,game_load.doax_menu_representative.cpu_only,leaf,PASS,8,8,13769,13771.5,c9ffff20249e2325
nvidia,game_load.doax_menu_representative.pfifo_only,leaf,PASS,8,8,2394,2360.0,db52eb2ea2ee6325
nvidia,game_load.doax_menu_representative.gpu_only,leaf,PASS,8,8,19406,19333.5,fbd6d6be7f982325
nvidia,game_load.doax_menu_representative.streaming_only,leaf,PASS,8,8,5785,5830.5,f94303d175056325
nvidia,game_load.doax_menu_representative.cpu_pfifo_gpu,leaf,PASS,8,8,32176,32067.0,04157941d1aa6325
nvidia,game_load.doax_menu_representative.cpu_pfifo_gpu_streaming,leaf,PASS,8,8,37314,37419.5,e6d7900d809f6325
nvidia,game_load.doax_menu_representative.full_system,leaf,PASS,8,8,37557,37245.0,3ebb8ee340a52325
nvidia,game_load.doax_menu_stress.cpu_only,leaf,PASS,8,8,27169,27113.0,312802588e58a325
nvidia,game_load.doax_menu_stress.pfifo_only,leaf,PASS,8,8,4637,4598.5,6251472ce3a6e325
nvidia,game_load.doax_menu_stress.gpu_only,leaf,PASS,8,8,32512,32546.0,30126b41ecb96325
nvidia,game_load.doax_menu_stress.streaming_only,leaf,PASS,8,8,11359,11268.5,5b922e3ee1312325
nvidia,game_load.doax_menu_stress.cpu_pfifo_gpu,leaf,PASS,8,8,64228,63837.5,c94959246d55a325
nvidia,game_load.doax_menu_stress.cpu_pfifo_gpu_streaming,leaf,PASS,8,8,73390,73445.0,5dbf320b91a86325
nvidia,game_load.doax_menu_stress.full_system,leaf,PASS,8,8,74021,73449.5,545f7965debce325
nvidia,game_load.pgr2_ai_backup.cpu_only,leaf,PASS,8,8,42216,42050.0,e086b0a920c42325
nvidia,game_load.pgr2_ai_backup.pfifo_only,leaf,PASS,8,8,14413,14327.0,5bc1b07714da2325
nvidia,game_load.pgr2_ai_backup.gpu_only,leaf,PASS,8,8,84141,84212.0,f8348ac6eeaaa325
nvidia,game_load.pgr2_ai_backup.streaming_only,leaf,PASS,8,8,4759,4229.5,f43007e31b972325
nvidia,game_load.pgr2_ai_backup.cpu_pfifo_gpu,leaf,PASS,8,8,140804,140453.5,48c0585f003ea325
nvidia,game_load.pgr2_ai_backup.cpu_pfifo_gpu_streaming,leaf,PASS,8,8,144608,144768.0,e0430415b6dbe325
nvidia,game_load.pgr2_ai_backup.full_system,leaf,PASS,8,8,144560,144318.0,cb91c33db5046325
nvidia,high_vertex_count.arrays,leaf,PASS,100,100,166,85.0,a27c67890c2d9083
nvidia,high_vertex_count.inline_arrays,leaf,PASS,10,10,49054,47761.0,a27c67890c2d9083
nvidia,high_vertex_count.inline_buffers,leaf,PASS,5,5,232511,232330,a27c67890c2d9083
nvidia,high_vertex_count.inline_elements,leaf,PASS,50,50,4008,4001.5,a27c67890c2d9083
nvidia,pfifo_array_elements.array_element_pgr2,leaf,PASS,8,8,1338,478.5,bbc8b0702ffd0325
nvidia,pfifo_array_elements.array_element16,leaf,PASS,8,8,612,602.0,9c884de2a5d32325
nvidia,pfifo_array_elements.array_element32,leaf,PASS,8,8,1032,1020.0,e079f0cf1a994325
nvidia,pfifo_packet_boundary.array_element16_overflow,leaf,PASS,1,1,16482,16482,4d1756526f052325
nvidia,pfifo_packet_boundary.array_element32_overflow,leaf,PASS,1,1,32517,32517,6eb7071be692a325
nvidia,pfifo_packet_boundary.inline_array_overflow,leaf,PASS,1,1,32710,32710,847da1930526a325
nvidia,pfifo_packet_boundary.incrementing_inline_fallback,leaf,PASS,1,1,109,109,640439ee8ecd2325
nvidia,texture_cubemap_fallback.unbordered_subblock_dxt1,leaf,PASS,8,8,14896,16622.0,be0f2013c1997ca5
nvidia,pipeline_texture_switch.clear_texture_normal,leaf,PASS,8,8,28426,28694.0,22ba4f1405cda325
nvidia,pipeline_texture_switch.palette_only_update,leaf,PASS,1,1,24617,24617,467aab2f95cda325
nvidia,pipeline_texture_switch.sampler_only_identity,leaf,PASS,8,8,21373,21705.5,0b8438c8404da325
nvidia,pipeline_texture_switch.shader_negative_control,leaf,PASS,8,8,20360,19939.5,f110c8bd6338c325
nvidia,pipeline_texture_switch.shared_page_overlap,leaf,PASS,1,1,18417,18417,83bb59a8648da325
nvidia,pipeline_texture_switch.texture_switch,leaf,PASS,8,8,18941,18019.0,8ae05d31fb00c325
nvidia,primitive_type.line_loop.fixed_function,leaf,PASS,10,10,1049,641.5,f2158581ac6e3919
nvidia,primitive_type.line_loop.vertex_shader,leaf,PASS,10,10,668,616.0,f2158581ac6e3919
nvidia,primitive_type.line_strip.fixed_function,leaf,PASS,10,10,679,619.0,f2158581ac6e3919
nvidia,primitive_type.line_strip.vertex_shader,leaf,PASS,10,10,660,619.5,f2158581ac6e3919
nvidia,primitive_type.lines.fixed_function,leaf,PASS,10,10,1236,1176.5,1766a7f93aa72a14
nvidia,primitive_type.lines.vertex_shader,leaf,PASS,10,10,1194,1159.0,1766a7f93aa72a14
nvidia,primitive_type.points.fixed_function,leaf,PASS,10,10,1178,620.5,5b296619f665c070
nvidia,primitive_type.points.vertex_shader,leaf,PASS,10,10,1257,618.0,5b296619f665c070
nvidia,primitive_type.polygon.fixed_function,leaf,PASS,10,10,706,627.5,2c4beaa06aba1000
nvidia,primitive_type.polygon.vertex_shader,leaf,PASS,10,10,658,618.5,2c4beaa06aba1000
nvidia,primitive_type.quad_strip.fixed_function,leaf,PASS,10,10,1873,1170.5,f64b4495347cec73
nvidia,primitive_type.quad_strip.vertex_shader,leaf,PASS,10,10,1307,1147.0,f64b4495347cec73
nvidia,primitive_type.quads.fixed_function,leaf,PASS,10,10,2296,2261.0,114a1419338256e5
nvidia,primitive_type.quads.vertex_shader,leaf,PASS,10,10,2300,2262.0,114a1419338256e5
nvidia,primitive_type.triangle_fan.fixed_function,leaf,PASS,10,10,684,609.5,36644f0fd11db166
nvidia,primitive_type.triangle_fan.vertex_shader,leaf,PASS,10,10,674,633.5,36644f0fd11db166
nvidia,primitive_type.triangle_strip.fixed_function,leaf,PASS,10,10,648,612.0,d7b289579fdaa1ab
nvidia,primitive_type.triangle_strip.vertex_shader,leaf,PASS,10,10,659,619.5,d7b289579fdaa1ab
nvidia,primitive_type.triangles.fixed_function,leaf,PASS,10,10,1834,1787.5,72f05baf369ceb60
nvidia,primitive_type.triangles.vertex_shader,leaf,PASS,10,10,1791,1681.5,72f05baf369ceb60
nvidia,report_query.clear_boundary,leaf,PASS,4,4,1744,1550.5,b5eb7c4b9c8da325
nvidia,report_query.dma_descriptor_rewrite,leaf,PASS,1,1,11775,11775,c0c0fdbececda325
nvidia,report_query.dma_range_guard,leaf,FAIL,1,1,12045233,12045233,3f648ce11a4da325
nvidia,report_query.dma_target_switch,leaf,PASS,4,4,1999,1642.0,4c4bd8cd440da325
nvidia,report_query.fifo_producer_ordering,leaf,PASS,4,4,2970,2680.0,0d907c24a88da325
nvidia,report_query.multiple_boundaries,leaf,PASS,4,4,1677,1356.0,0c966fc9ba4da325
nvidia,report_query.single_boundary,leaf,PASS,4,4,1569,1348.0,60e674c9fecda325
nvidia,report_query.zero_query,leaf,PASS,4,4,1640,1286.5,23875dfeb40da325
nvidia,surface.basic,leaf,PASS,10,10,41731,36852.5,5a719d88d8221fb2
nvidia,surface.cpu_read_after_gpu_write,leaf,PASS,20,20,2144,1962.0,76ea18af98322325
nvidia,surface.cpu_read_clean_surface,leaf,PASS,100,100,61,59.0,d3267b427820a325
nvidia,surface.framebuffer_working_set_002,leaf,PASS,20,20,2383,2146.5,9f3b0609a42777d5
nvidia,surface.framebuffer_working_set_008,leaf,PASS,20,20,2333,2039.5,64cbf95dec8f59e5
nvidia,surface.framebuffer_working_set_032,leaf,PASS,20,20,2480,2179.5,a6116feb11a28c25
nvidia,surface.framebuffer_working_set_064,leaf,PASS,20,20,2597,2243.0,a6116feb11a28c25
nvidia,surface.full_clear_elision_guard,leaf,PASS,100,100,2972,2958.0,4f05ccd43f43d495
nvidia,surface.overlapping_surface_churn_representative,leaf,PASS,100,100,2909,2887.0,caf66d4bf5691525
nvidia,surface.overlapping_surface_churn_stress,leaf,PASS,10,10,45038,44941.5,caf66d4bf5691525
nvidia,surface.partial_channel_clear_guard,leaf,PASS,100,100,1947,1911.0,eb2cb498aa73af25
nvidia,surface.surface_download_path,leaf,PASS,10,10,33622,32832.0,2b0e8aac0f8838e8
nvidia,surface.surface_list_lookup_002,leaf,PASS,20,20,1788,1667.5,dce4c9394e7a3f35
nvidia,surface.surface_list_lookup_008,leaf,PASS,20,20,1825,1663.5,bf1fe5b8fe78a94d
nvidia,surface.surface_list_lookup_032,leaf,PASS,20,20,1926,1702.0,c6275b91195a5325
nvidia,surface.surface_list_lookup_128,leaf,PASS,20,20,2149,1838.0,c6275b91195a5325
nvidia,surface.vulkan_memory_pressure.representative.growth,leaf,PASS,4,4,32930,28378.5,c1b304b452852b25
nvidia,surface.vulkan_memory_pressure.representative.plateau,leaf,PASS,4,4,28586,28443.5,730005d86af45b25
nvidia,surface.vulkan_memory_pressure.representative.alias_resize,leaf,PASS,4,4,31418,29378.0,0c26236493b4d325
nvidia,surface.vulkan_memory_pressure.representative.reuse,leaf,PASS,4,4,30858,28926.0,3ba0d18066aacb25
nvidia,surface.vulkan_memory_pressure.representative.idle_retention,leaf,PASS,4,4,676,617.0,3a8651789ea0fa25
nvidia,surface.vulkan_memory_pressure.representative,group,PASS,0,0,0,,7e188dabb186cb25
nvidia,surface.vulkan_memory_pressure.stress.growth,leaf,PASS,4,4,127372,116374.5,94cdb4bddb0e4b25
nvidia,surface.vulkan_memory_pressure.stress.plateau,leaf,PASS,4,4,118343,118216.5,196f33989be28325
nvidia,surface.vulkan_memory_pressure.stress.alias_resize,leaf,PASS,4,4,132906,124973.0,84a8d75f1f9d1b25
nvidia,surface.vulkan_memory_pressure.stress.reuse,leaf,PASS,4,4,132550,124974.5,fb2a6abd1cbfc725
nvidia,surface.vulkan_memory_pressure.stress.idle_retention,leaf,PASS,4,4,1999,1552.0,430711a262877725
nvidia,surface.vulkan_memory_pressure.stress,group,PASS,0,0,0,,7e188dabb186cb25
nvidia,tiny_draw.arrays.fixed_function,leaf,PASS,10,10,21352,21387.0,acf025546cf667b5
nvidia,tiny_draw.arrays.vertex_shader,leaf,PASS,10,10,21003,20922.0,acf025546cf667b5
nvidia,tiny_draw.inline_arrays.fixed_function,leaf,PASS,10,10,35695,36339.5,acf025546cf667b5
nvidia,tiny_draw.inline_arrays.vertex_shader,leaf,PASS,10,10,35427,35615.5,acf025546cf667b5
nvidia,tiny_draw.inline_buffers.fixed_function,leaf,PASS,10,10,43426,43717.0,acf025546cf667b5
nvidia,tiny_draw.inline_buffers.vertex_shader,leaf,PASS,10,10,43738,44032.5,acf025546cf667b5
nvidia,tiny_draw.inline_elements.fixed_function,leaf,PASS,10,10,20788,20703.5,acf025546cf667b5
nvidia,tiny_draw.inline_elements.vertex_shader,leaf,PASS,10,10,20723,20727.0,acf025546cf667b5
nvidia,uniform_thrash.uniform_thrash,leaf,PASS,10,10,2407,1671.5,09eb5907ef624c25
nvidia,vertex_buffer_allocation.mixed.arrays,leaf,PASS,10,10,23303,23224.0,377e6c029807f325
nvidia,vertex_buffer_allocation.mixed.inline_arrays,leaf,PASS,10,10,138012,137401.0,377e6c029807f325
nvidia,vertex_buffer_allocation.mixed.inline_buffers,leaf,PASS,10,10,596070,592788.0,377e6c029807f325
nvidia,vertex_buffer_allocation.mixed.inline_elements,leaf,PASS,10,10,35878,35690.5,377e6c029807f325
nvidia,vertex_buffer_allocation.tiny.arrays,leaf,PASS,10,10,86320,88755.5,377e6c029807f325
nvidia,vertex_buffer_allocation.tiny.inline_arrays,leaf,PASS,10,10,49424,50836.0,377e6c029807f325
nvidia,vertex_buffer_allocation.tiny.inline_buffers,leaf,PASS,10,10,41875,39751.5,377e6c029807f325
nvidia,vertex_buffer_allocation.tiny.inline_elements,leaf,PASS,10,10,56887,52297.5,377e6c029807f325
nvidia,vertex_buffer_allocation.rising_transient_growth,leaf,PASS,1,1,660480,660480,377e6c029807f325
nvidia,vertex_buffer_allocation.disjoint_same_page,leaf,PASS,10,10,40173,40830.0,fdcd25a37910bb25
amd,busy_pfifo.pfifo_saturation,leaf,PASS,10,10,105750,103441.0,618832b1599bf211
amd,busy_pfifo.pgraph_pattern_polling,leaf,PASS,1,1,4382224,4382224,386d0f085e98c325
amd,cpu_floating_point.sse_scalar,leaf,PASS,10,10,499221,498464.5,6962077c244da325
amd,cpu_floating_point.x87_scalar,leaf,PASS,10,10,787211,787375.0,6962077c244da325
amd,cpu_translation_blocks.direct_loop,leaf,PASS,10,10,9781,9717.0,bd1fc9bf0c318325
amd,cpu_translation_blocks.indirect_dispatch,leaf,PASS,10,10,41212,41050.0,c0426cf669a02325
amd,cpu_translation_blocks.indirect_dispatch_stress,leaf,PASS,10,10,825392,824679.0,fbd507cb0c622325
amd,fill_rate.solid,leaf,PASS,10,10,3937,1187.0,aa539e0bcd4e54b3
amd,fill_rate.textured,leaf,PASS,10,10,5926,1188.0,92f42c56c1fbe869
amd,game_load.long_unlocked_scene.cpu,leaf,PASS,8,8,24756,24685.5,4efd9244c4ad2325
amd,game_load.long_unlocked_scene.pfifo,leaf,PASS,8,8,4863,4835.0,4efd9244c4ad2325
amd,game_load.long_unlocked_scene.alpha_overdraw,leaf,PASS,8,8,33643,33710.5,4efd9244c4ad2325
amd,game_load.long_unlocked_scene.streaming_surface_reuse,leaf,PASS,8,8,12210,10826.0,4efd9244c4ad2325
amd,game_load.long_unlocked_scene.combined,leaf,PASS,8,8,73593,73020.5,4efd9244c4ad2325
amd,game_load.long_unlocked_scene.full_system,leaf,PASS,8,8,73624,73721.0,4efd9244c4ad2325
amd,game_load.long_unlocked_scene,group,PASS,0,0,0,,4efd9244c4ad2325
amd,game_load.cross_title_hotpath.queued_vertex_cpu_writes,leaf,PASS,8,8,84446,83101.0,ea21c900993ea325
amd,game_load.cross_title_hotpath.pgr2_small_draws,leaf,PASS,8,8,109050,104921.0,151015a16ca46325
amd,game_load.cross_title_hotpath.texture_update_reuse,leaf,PASS,8,8,3038,2986.0,44fcd2c900a5a325
amd,game_load.cross_title_hotpath.surface_reuse,leaf,PASS,8,8,7967,7895.0,37f87c4938cd6325
amd,game_load.cross_title_hotpath.pipeline_state_churn,leaf,PASS,8,8,66173,65431.5,4f8b2eab497ca325
amd,game_load.cross_title_hotpath.blend_constant_reuse,leaf,PASS,8,8,161379,164988.5,58e80f99c5a56325
amd,game_load.cross_title_hotpath.texture_binding_reuse,leaf,PASS,8,8,200222,200614.5,6b9bae4b9c97a325
amd,game_load.cross_title_hotpath.pgr2_lagspot_inline_elements,leaf,PASS,8,8,116884,116322.0,2b9db92162606325
amd,game_load.cross_title_hotpath.scaled_surface_pressure,leaf,PASS,8,8,447181,449420.0,32a69ec6dce52325
amd,game_load.cross_title_hotpath.s3tc_streaming_fenced_draws,leaf,PASS,8,8,1249435,1249398.5,1a65246e1a0ea325
amd,game_load.cross_title_hotpath.gpu_wait_control,leaf,PASS,8,8,1275,1210.5,e30500792076e325
amd,game_load.cross_title_hotpath,group,PASS,0,0,0,,e30500792076e325
amd,game_load.s3tc_sync_factor.dxt1_same_address_wait,leaf,PASS,8,8,17614,16700.5,3403675459d4d3d5
amd,game_load.s3tc_sync_factor.dxt1_same_address_queued,leaf,PASS,8,8,16959,16629.5,c8adc4f435bc2d77
amd,game_load.s3tc_sync_factor.dxt1_ring_payload_generations,leaf,PASS,8,8,15616,16345.0,3403675459d4d3d5
amd,game_load.s3tc_sync_factor.dxt1_dirty_once_redraw,leaf,PASS,8,8,15335,16470.0,428c04bbb0a62725
amd,game_load.s3tc_sync_factor.rgba8_same_address_wait,leaf,PASS,8,8,49848,49425.5,3403675459d4d3d5
amd,game_load.s3tc_sync_factor.rgba8_same_address_queued,leaf,PASS,8,8,48695,50039.5,c09a5d9bb8569b56
amd,game_load.s3tc_sync_factor.rgba8_ring_payload_generations,leaf,PASS,8,8,48998,49181.0,3403675459d4d3d5
amd,game_load.s3tc_sync_factor.rgba8_dirty_once_redraw,leaf,PASS,8,8,16076,16497.5,428c04bbb0a62725
amd,game_load.s3tc_sync_factor.bc2_native_eligible,leaf,PASS,8,8,16478,16430.5,3403675459d4d3d5
amd,game_load.s3tc_sync_factor.bc2_bordered_fallback,leaf,PASS,8,8,50336,50343.0,db28300321744de5
amd,game_load.s3tc_sync_factor.bc3_native_eligible,leaf,PASS,8,8,16608,16667.0,3403675459d4d3d5
amd,game_load.s3tc_sync_factor.bc3_bordered_fallback,leaf,PASS,8,8,50455,49710.0,db28300321744de5
amd,game_load.s3tc_sync_factor,group,PASS,0,0,0,,db28300321744de5
amd,game_load.repeated_display,leaf,PASS,8,8,16419,16626.5,e758dbbf4edc2325
amd,game_load.repeated_display_boosted,leaf,PASS,8,8,49905,49680.0,60315b1c33b6a325
amd,game_load.doax_menu_representative.cpu_only,leaf,PASS,8,8,13916,13855.5,c9ffff20249e2325
amd,game_load.doax_menu_representative.pfifo_only,leaf,PASS,8,8,2392,2360.0,db52eb2ea2ee6325
amd,game_load.doax_menu_representative.gpu_only,leaf,PASS,8,8,16284,16167.0,fbd6d6be7f982325
amd,game_load.doax_menu_representative.streaming_only,leaf,PASS,8,8,5946,5900.0,f94303d175056325
amd,game_load.doax_menu_representative.cpu_pfifo_gpu,leaf,PASS,8,8,33054,33036.0,e7cef8cc6b616325
amd,game_load.doax_menu_representative.cpu_pfifo_gpu_streaming,leaf,PASS,8,8,38460,38428.0,e6d7900d809f6325
amd,game_load.doax_menu_representative.full_system,leaf,PASS,8,8,39051,38636.5,3ebb8ee340a52325
amd,game_load.doax_menu_stress.cpu_only,leaf,PASS,8,8,27843,27835.0,312802588e58a325
amd,game_load.doax_menu_stress.pfifo_only,leaf,PASS,8,8,4704,4692.0,6251472ce3a6e325
amd,game_load.doax_menu_stress.gpu_only,leaf,PASS,8,8,32537,32586.5,30126b41ecb96325
amd,game_load.doax_menu_stress.streaming_only,leaf,PASS,8,8,10696,10725.0,5b922e3ee1312325
amd,game_load.doax_menu_stress.cpu_pfifo_gpu,leaf,PASS,8,8,65067,64917.5,354713be420ca325
amd,game_load.doax_menu_stress.cpu_pfifo_gpu_streaming,leaf,PASS,8,8,74631,74651.5,5dbf320b91a86325
amd,game_load.doax_menu_stress.full_system,leaf,PASS,8,8,74955,74080.0,545f7965debce325
amd,game_load.pgr2_ai_backup.cpu_only,leaf,PASS,8,8,43951,43864.5,e086b0a920c42325
amd,game_load.pgr2_ai_backup.pfifo_only,leaf,PASS,8,8,15850,15886.5,5bc1b07714da2325
amd,game_load.pgr2_ai_backup.gpu_only,leaf,PASS,8,8,84756,84297.5,f8348ac6eeaaa325
amd,game_load.pgr2_ai_backup.streaming_only,leaf,PASS,8,8,3731,3690.0,f43007e31b972325
amd,game_load.pgr2_ai_backup.cpu_pfifo_gpu,leaf,PASS,8,8,144939,144641.0,02abbdf01cf5a325
amd,game_load.pgr2_ai_backup.cpu_pfifo_gpu_streaming,leaf,PASS,8,8,147846,147723.5,e0430415b6dbe325
amd,game_load.pgr2_ai_backup.full_system,leaf,PASS,8,8,149093,149052.0,cb91c33db5046325
amd,high_vertex_count.arrays,leaf,PASS,100,100,458,94.0,e67a1ce72784a588
amd,high_vertex_count.inline_arrays,leaf,PASS,10,10,50225,45773.5,e67a1ce72784a588
amd,high_vertex_count.inline_buffers,leaf,PASS,5,5,232216,224357,e67a1ce72784a588
amd,high_vertex_count.inline_elements,leaf,PASS,50,50,3855,3846.5,e67a1ce72784a588
amd,pfifo_array_elements.array_element_pgr2,leaf,PASS,8,8,5059,487.5,bbc8b0702ffd0325
amd,pfifo_array_elements.array_element16,leaf,PASS,8,8,591,577.0,9c884de2a5d32325
amd,pfifo_array_elements.array_element32,leaf,PASS,8,8,1010,995.5,e079f0cf1a994325
amd,pfifo_packet_boundary.array_element16_overflow,leaf,PASS,1,1,15924,15924,4d1756526f052325
amd,pfifo_packet_boundary.array_element32_overflow,leaf,PASS,1,1,30957,30957,6eb7071be692a325
amd,pfifo_packet_boundary.inline_array_overflow,leaf,PASS,1,1,30602,30602,847da1930526a325
amd,pfifo_packet_boundary.incrementing_inline_fallback,leaf,PASS,1,1,102,102,640439ee8ecd2325
amd,texture_cubemap_fallback.unbordered_subblock_dxt1,leaf,PASS,8,8,21627,16618.0,be0f2013c1997ca5
amd,pipeline_texture_switch.clear_texture_normal,leaf,PASS,8,8,35384,31624.5,22ba4f1405cda325
amd,pipeline_texture_switch.palette_only_update,leaf,PASS,1,1,30619,30619,467aab2f95cda325
amd,pipeline_texture_switch.sampler_only_identity,leaf,PASS,8,8,20924,21256.0,0b8438c8404da325
amd,pipeline_texture_switch.shader_negative_control,leaf,PASS,8,8,28626,24969.0,f110c8bd6338c325
amd,pipeline_texture_switch.shared_page_overlap,leaf,PASS,1,1,19677,19677,83bb59a8648da325
amd,pipeline_texture_switch.texture_switch,leaf,PASS,8,8,20085,17904.0,8ae05d31fb00c325
amd,primitive_type.line_loop.fixed_function,leaf,PASS,10,10,2817,608.0,58a881515e92797f
amd,primitive_type.line_loop.vertex_shader,leaf,PASS,10,10,2410,603.0,58a881515e92797f
amd,primitive_type.line_strip.fixed_function,leaf,PASS,10,10,673,584.0,58a881515e92797f
amd,primitive_type.line_strip.vertex_shader,leaf,PASS,10,10,642,587.0,58a881515e92797f
amd,primitive_type.lines.fixed_function,leaf,PASS,10,10,1237,1160.0,52865ed0cfa6d0fe
amd,primitive_type.lines.vertex_shader,leaf,PASS,10,10,1189,1149.0,52865ed0cfa6d0fe
amd,primitive_type.points.fixed_function,leaf,PASS,10,10,1874,596.0,6813f0dbe94bac3c
amd,primitive_type.points.vertex_shader,leaf,PASS,10,10,1322,605.5,6813f0dbe94bac3c
amd,primitive_type.polygon.fixed_function,leaf,PASS,10,10,3235,617.5,e0d0b9dbefa71269
amd,primitive_type.polygon.vertex_shader,leaf,PASS,10,10,2836,613.0,e0d0b9dbefa71269
amd,primitive_type.quad_strip.fixed_function,leaf,PASS,10,10,5140,1165.0,e1f46a0779ee1f21
amd,primitive_type.quad_strip.vertex_shader,leaf,PASS,10,10,4825,1160.5,e1f46a0779ee1f21
amd,primitive_type.quads.fixed_function,leaf,PASS,10,10,5859,2238.0,d14f30833e638324
amd,primitive_type.quads.vertex_shader,leaf,PASS,10,10,5574,2255.0,d14f30833e638324
amd,primitive_type.triangle_fan.fixed_function,leaf,PASS,10,10,658,586.5,eadb3b4945fe25df
amd,primitive_type.triangle_fan.vertex_shader,leaf,PASS,10,10,631,607.5,eadb3b4945fe25df
amd,primitive_type.triangle_strip.fixed_function,leaf,PASS,10,10,614,593.0,ee7f6eeeb2263031
amd,primitive_type.triangle_strip.vertex_shader,leaf,PASS,10,10,623,601.0,ee7f6eeeb2263031
amd,primitive_type.triangles.fixed_function,leaf,PASS,10,10,1746,1676.5,a53b3ecbc7019828
amd,primitive_type.triangles.vertex_shader,leaf,PASS,10,10,1699,1674.0,a53b3ecbc7019828
amd,report_query.clear_boundary,leaf,PASS,4,4,703,521.5,b5eb7c4b9c8da325
amd,report_query.dma_descriptor_rewrite,leaf,PASS,1,1,2202,2202,c0c0fdbececda325
amd,report_query.dma_range_guard,leaf,FAIL,1,1,12029222,12029222,3f648ce11a4da325
amd,report_query.dma_target_switch,leaf,PASS,4,4,622,531.0,4c4bd8cd440da325
amd,report_query.fifo_producer_ordering,leaf,PASS,4,4,918,772.5,0d907c24a88da325
amd,report_query.multiple_boundaries,leaf,PASS,4,4,643,489.5,0c966fc9ba4da325
amd,report_query.single_boundary,leaf,PASS,4,4,643,481.0,60e674c9fecda325
amd,report_query.zero_query,leaf,PASS,4,4,492,351.5,23875dfeb40da325
amd,surface.basic,leaf,PASS,10,10,66466,44427.5,13a4727b261b7156
amd,surface.cpu_read_after_gpu_write,leaf,PASS,20,20,538,424.5,76ea18af98322325
amd,surface.cpu_read_clean_surface,leaf,PASS,100,100,60,57.0,d3267b427820a325
amd,surface.framebuffer_working_set_002,leaf,PASS,20,20,1854,1706.5,cb732f2ae5736b2d
amd,surface.framebuffer_working_set_008,leaf,PASS,20,20,2089,1947.0,7ffda0d97cce712d
amd,surface.framebuffer_working_set_032,leaf,PASS,20,20,2090,2210.0,2baad45ae0ed71a5
amd,surface.framebuffer_working_set_064,leaf,PASS,20,20,2268,2257.5,2baad45ae0ed71a5
amd,surface.full_clear_elision_guard,leaf,PASS,100,100,1090,1028.5,7ce7e76e9e532c35
amd,surface.overlapping_surface_churn_representative,leaf,PASS,100,100,2047,2015.0,7a8c35cdc9c70725
amd,surface.overlapping_surface_churn_stress,leaf,PASS,10,10,40545,40440.0,7a8c35cdc9c70725
amd,surface.partial_channel_clear_guard,leaf,PASS,100,100,1092,1068.5,b52bc22d6eedd725
amd,surface.surface_download_path,leaf,PASS,10,10,40029,35093.5,3a281ef8b6b324c2
amd,surface.surface_list_lookup_002,leaf,PASS,20,20,1987,1849.0,5ff581688adbec5d
amd,surface.surface_list_lookup_008,leaf,PASS,20,20,1854,1788.5,11b6fb6aa7934e55
amd,surface.surface_list_lookup_032,leaf,PASS,20,20,1925,1770.5,8cdf93e7e3e6ce25
amd,surface.surface_list_lookup_128,leaf,PASS,20,20,2191,2001.5,8cdf93e7e3e6ce25
amd,surface.vulkan_memory_pressure.representative.growth,leaf,PASS,4,4,37773,28476.5,f9a075fd11590b25
amd,surface.vulkan_memory_pressure.representative.plateau,leaf,PASS,4,4,28551,28384.5,e6d4dfa87247c325
amd,surface.vulkan_memory_pressure.representative.alias_resize,leaf,PASS,4,4,32262,28608.0,7ecdf9b767317b25
amd,surface.vulkan_memory_pressure.representative.reuse,leaf,PASS,4,4,30493,27989.0,abb8d75cba9e5325
amd,surface.vulkan_memory_pressure.representative.idle_retention,leaf,PASS,4,4,670,595.5,97b495c110bcec25
amd,surface.vulkan_memory_pressure.representative,group,PASS,0,0,0,,7e188dabb186cb25
amd,surface.vulkan_memory_pressure.stress.growth,leaf,PASS,4,4,137161,114981.0,d02a49c96a2f9f25
amd,surface.vulkan_memory_pressure.stress.plateau,leaf,PASS,4,4,116321,116379.0,5da0c7b2ae7d4325
amd,surface.vulkan_memory_pressure.stress.alias_resize,leaf,PASS,4,4,128597,117113.5,7a0f087e668f1f25
amd,surface.vulkan_memory_pressure.stress.reuse,leaf,PASS,4,4,123748,115605.5,13042ed722307725
amd,surface.vulkan_memory_pressure.stress.idle_retention,leaf,PASS,4,4,997,565.5,f27ed34c98927125
amd,surface.vulkan_memory_pressure.stress,group,PASS,0,0,0,,7e188dabb186cb25
amd,tiny_draw.arrays.fixed_function,leaf,PASS,10,10,22964,21173.0,acf025546cf667b5
amd,tiny_draw.arrays.vertex_shader,leaf,PASS,10,10,22659,20970.0,acf025546cf667b5
amd,tiny_draw.inline_arrays.fixed_function,leaf,PASS,10,10,34246,34223.5,acf025546cf667b5
amd,tiny_draw.inline_arrays.vertex_shader,leaf,PASS,10,10,36106,36462.5,acf025546cf667b5
amd,tiny_draw.inline_buffers.fixed_function,leaf,PASS,10,10,45400,45290.0,acf025546cf667b5
amd,tiny_draw.inline_buffers.vertex_shader,leaf,PASS,10,10,47861,45966.5,acf025546cf667b5
amd,tiny_draw.inline_elements.fixed_function,leaf,PASS,10,10,21305,21043.0,acf025546cf667b5
amd,tiny_draw.inline_elements.vertex_shader,leaf,PASS,10,10,21125,20889.5,acf025546cf667b5
amd,uniform_thrash.uniform_thrash,leaf,PASS,10,10,4953,1516.0,ad445c59f8b11925
amd,vertex_buffer_allocation.mixed.arrays,leaf,PASS,10,10,23200,22934.5,377e6c029807f325
amd,vertex_buffer_allocation.mixed.inline_arrays,leaf,PASS,10,10,132763,130578.5,377e6c029807f325
amd,vertex_buffer_allocation.mixed.inline_buffers,leaf,PASS,10,10,573582,571439.0,377e6c029807f325
amd,vertex_buffer_allocation.mixed.inline_elements,leaf,PASS,10,10,35964,35973.5,377e6c029807f325
amd,vertex_buffer_allocation.tiny.arrays,leaf,PASS,10,10,84219,84876.5,377e6c029807f325
amd,vertex_buffer_allocation.tiny.inline_arrays,leaf,PASS,10,10,46667,48967.5,377e6c029807f325
amd,vertex_buffer_allocation.tiny.inline_buffers,leaf,PASS,10,10,41848,39400.0,377e6c029807f325
amd,vertex_buffer_allocation.tiny.inline_elements,leaf,PASS,10,10,54041,54574.5,377e6c029807f325
amd,vertex_buffer_allocation.rising_transient_growth,leaf,PASS,1,1,675841,675841,377e6c029807f325
amd,vertex_buffer_allocation.disjoint_same_page,leaf,PASS,10,10,43812,42745.5,fdcd25a37910bb25
