test_id,nvidia_framebuffer_fnv1a64,amd_framebuffer_fnv1a64,nvidia_outcome,amd_outcome,ledger_eligible
busy_pfifo.pfifo_saturation,1508607624bb8506,618832b1599bf211,PASS,PASS,yes
fill_rate.solid,08b0f60773aac775,aa539e0bcd4e54b3,PASS,PASS,yes
fill_rate.textured,99b433323df1684d,92f42c56c1fbe869,PASS,PASS,yes
game_load.doax_menu_representative.cpu_pfifo_gpu,04157941d1aa6325,e7cef8cc6b616325,PASS,PASS,yes
game_load.doax_menu_stress.cpu_pfifo_gpu,c94959246d55a325,354713be420ca325,PASS,PASS,yes
game_load.pgr2_ai_backup.cpu_pfifo_gpu,48c0585f003ea325,02abbdf01cf5a325,PASS,PASS,yes
game_load.s3tc_sync_factor.dxt1_same_address_queued,13f7f7c1639f09cf,9ca4a41bbfb731d2,PASS,PASS,no
game_load.s3tc_sync_factor.rgba8_same_address_queued,4dda67c754d20b1a,88c8fcc1a8ea6150,PASS,PASS,no
high_vertex_count.arrays,a27c67890c2d9083,e67a1ce72784a588,PASS,PASS,yes
high_vertex_count.inline_arrays,a27c67890c2d9083,e67a1ce72784a588,PASS,PASS,yes
high_vertex_count.inline_buffers,a27c67890c2d9083,e67a1ce72784a588,PASS,PASS,yes
high_vertex_count.inline_elements,a27c67890c2d9083,e67a1ce72784a588,PASS,PASS,yes
primitive_type.line_loop.fixed_function,f2158581ac6e3919,58a881515e92797f,PASS,PASS,yes
primitive_type.line_loop.vertex_shader,f2158581ac6e3919,58a881515e92797f,PASS,PASS,yes
primitive_type.line_strip.fixed_function,f2158581ac6e3919,58a881515e92797f,PASS,PASS,yes
primitive_type.line_strip.vertex_shader,f2158581ac6e3919,58a881515e92797f,PASS,PASS,yes
primitive_type.lines.fixed_function,1766a7f93aa72a14,52865ed0cfa6d0fe,PASS,PASS,yes
primitive_type.lines.vertex_shader,1766a7f93aa72a14,52865ed0cfa6d0fe,PASS,PASS,yes
primitive_type.points.fixed_function,5b296619f665c070,6813f0dbe94bac3c,PASS,PASS,yes
primitive_type.points.vertex_shader,5b296619f665c070,6813f0dbe94bac3c,PASS,PASS,yes
primitive_type.polygon.fixed_function,2c4beaa06aba1000,e0d0b9dbefa71269,PASS,PASS,yes
primitive_type.polygon.vertex_shader,2c4beaa06aba1000,e0d0b9dbefa71269,PASS,PASS,yes
primitive_type.quad_strip.fixed_function,f64b4495347cec73,e1f46a0779ee1f21,PASS,PASS,yes
primitive_type.quad_strip.vertex_shader,f64b4495347cec73,e1f46a0779ee1f21,PASS,PASS,yes
primitive_type.quads.fixed_function,114a1419338256e5,d14f30833e638324,PASS,PASS,yes
primitive_type.quads.vertex_shader,114a1419338256e5,d14f30833e638324,PASS,PASS,yes
primitive_type.triangle_fan.fixed_function,36644f0fd11db166,eadb3b4945fe25df,PASS,PASS,yes
primitive_type.triangle_fan.vertex_shader,36644f0fd11db166,eadb3b4945fe25df,PASS,PASS,yes
primitive_type.triangle_strip.fixed_function,d7b289579fdaa1ab,ee7f6eeeb2263031,PASS,PASS,yes
primitive_type.triangle_strip.vertex_shader,d7b289579fdaa1ab,ee7f6eeeb2263031,PASS,PASS,yes
primitive_type.triangles.fixed_function,72f05baf369ceb60,a53b3ecbc7019828,PASS,PASS,yes
primitive_type.triangles.vertex_shader,72f05baf369ceb60,a53b3ecbc7019828,PASS,PASS,yes
surface.basic,5a719d88d8221fb2,13a4727b261b7156,PASS,PASS,yes
surface.framebuffer_working_set_002,9f3b0609a42777d5,cb732f2ae5736b2d,PASS,PASS,yes
surface.framebuffer_working_set_008,64cbf95dec8f59e5,7ffda0d97cce712d,PASS,PASS,yes
surface.framebuffer_working_set_032,a6116feb11a28c25,2baad45ae0ed71a5,PASS,PASS,yes
surface.framebuffer_working_set_064,a6116feb11a28c25,2baad45ae0ed71a5,PASS,PASS,yes
surface.full_clear_elision_guard,4f05ccd43f43d495,7ce7e76e9e532c35,PASS,PASS,yes
surface.overlapping_surface_churn_representative,caf66d4bf5691525,7a8c35cdc9c70725,PASS,PASS,yes
surface.overlapping_surface_churn_stress,caf66d4bf5691525,7a8c35cdc9c70725,PASS,PASS,yes
surface.partial_channel_clear_guard,eb2cb498aa73af25,b52bc22d6eedd725,PASS,PASS,yes
surface.surface_download_path,2b0e8aac0f8838e8,3a281ef8b6b324c2,PASS,PASS,yes
surface.surface_list_lookup_002,dce4c9394e7a3f35,5ff581688adbec5d,PASS,PASS,yes
surface.surface_list_lookup_008,bf1fe5b8fe78a94d,11b6fb6aa7934e55,PASS,PASS,yes
surface.surface_list_lookup_032,c6275b91195a5325,8cdf93e7e3e6ce25,PASS,PASS,yes
surface.surface_list_lookup_128,c6275b91195a5325,8cdf93e7e3e6ce25,PASS,PASS,yes
surface.vulkan_memory_pressure.representative.alias_resize,0c26236493b4d325,7ecdf9b767317b25,PASS,PASS,yes
surface.vulkan_memory_pressure.representative.growth,c1b304b452852b25,f9a075fd11590b25,PASS,PASS,yes
surface.vulkan_memory_pressure.representative.idle_retention,3a8651789ea0fa25,97b495c110bcec25,PASS,PASS,yes
surface.vulkan_memory_pressure.representative.plateau,730005d86af45b25,e6d4dfa87247c325,PASS,PASS,yes
surface.vulkan_memory_pressure.representative.reuse,3ba0d18066aacb25,abb8d75cba9e5325,PASS,PASS,yes
surface.vulkan_memory_pressure.stress.alias_resize,84a8d75f1f9d1b25,7a0f087e668f1f25,PASS,PASS,yes
surface.vulkan_memory_pressure.stress.growth,94cdb4bddb0e4b25,d02a49c96a2f9f25,PASS,PASS,yes
surface.vulkan_memory_pressure.stress.idle_retention,430711a262877725,f27ed34c98927125,PASS,PASS,yes
surface.vulkan_memory_pressure.stress.plateau,196f33989be28325,5da0c7b2ae7d4325,PASS,PASS,yes
surface.vulkan_memory_pressure.stress.reuse,fb2a6abd1cbfc725,13042ed722307725,PASS,PASS,yes
uniform_thrash.uniform_thrash,09eb5907ef624c25,ad445c59f8b11925,PASS,PASS,yes
