renderer,test_id,kind,parent_outcome,candidate_outcome,parent_framebuffer_fnv1a64,candidate_framebuffer_fnv1a64,comparison,raw_direction,parent_median_us,candidate_median_us,improvement_pct
vulkan,busy_pfifo.pfifo_saturation,leaf,PASS,PASS,1508607624bb8506,1508607624bb8506,OUTCOME_AND_HASH_MATCH,+bad,100666,101969,-1.29
vulkan,busy_pfifo.pgraph_pattern_polling,leaf,PASS,PASS,386d0f085e98c325,386d0f085e98c325,OUTCOME_AND_HASH_MATCH,+bad,4433513,4295569,+3.11
vulkan,cpu_floating_point.sse_scalar,leaf,PASS,PASS,6962077c244da325,6962077c244da325,OUTCOME_AND_HASH_MATCH,+bad,497523,492464,+1.02
vulkan,cpu_floating_point.x87_scalar,leaf,PASS,PASS,6962077c244da325,6962077c244da325,OUTCOME_AND_HASH_MATCH,+bad,783204,788743,-0.71
vulkan,cpu_translation_blocks.direct_loop,leaf,PASS,PASS,bd1fc9bf0c318325,bd1fc9bf0c318325,OUTCOME_AND_HASH_MATCH,+bad,9723,9901,-1.83
vulkan,cpu_translation_blocks.indirect_dispatch,leaf,PASS,PASS,c0426cf669a02325,c0426cf669a02325,OUTCOME_AND_HASH_MATCH,+bad,39270,39709,-1.12
vulkan,cpu_translation_blocks.indirect_dispatch_stress,leaf,PASS,PASS,fbd507cb0c622325,fbd507cb0c622325,OUTCOME_AND_HASH_MATCH,+bad,786178,792186,-0.76
vulkan,fill_rate.solid,leaf,PASS,PASS,08b0f60773aac775,08b0f60773aac775,OUTCOME_AND_HASH_MATCH,+bad,1224,1081,+11.68
vulkan,fill_rate.textured,leaf,PASS,PASS,99b433323df1684d,99b433323df1684d,OUTCOME_AND_HASH_MATCH,+bad,1315,1189,+9.58
vulkan,game_load.long_unlocked_scene.cpu,leaf,PASS,PASS,4efd9244c4ad2325,4efd9244c4ad2325,OUTCOME_AND_HASH_MATCH,+bad,23643,24028,-1.63
vulkan,game_load.long_unlocked_scene.pfifo,leaf,PASS,PASS,4efd9244c4ad2325,4efd9244c4ad2325,OUTCOME_AND_HASH_MATCH,+bad,5082,4782,+5.90
vulkan,game_load.long_unlocked_scene.alpha_overdraw,leaf,PASS,PASS,4efd9244c4ad2325,4efd9244c4ad2325,OUTCOME_AND_HASH_MATCH,+bad,34903,32724,+6.24
vulkan,game_load.long_unlocked_scene.streaming_surface_reuse,leaf,PASS,PASS,4efd9244c4ad2325,4efd9244c4ad2325,OUTCOME_AND_HASH_MATCH,+bad,12255,11569,+5.60
vulkan,game_load.long_unlocked_scene.combined,leaf,PASS,PASS,4efd9244c4ad2325,4efd9244c4ad2325,OUTCOME_AND_HASH_MATCH,+bad,76073,71798,+5.62
vulkan,game_load.long_unlocked_scene.full_system,leaf,PASS,PASS,4efd9244c4ad2325,4efd9244c4ad2325,OUTCOME_AND_HASH_MATCH,+bad,77780,72974,+6.18
vulkan,game_load.long_unlocked_scene,group,PASS,PASS,4efd9244c4ad2325,4efd9244c4ad2325,OUTCOME_AND_HASH_MATCH,,,,
vulkan,game_load.cross_title_hotpath.queued_vertex_cpu_writes,leaf,PASS,PASS,ea21c900993ea325,ea21c900993ea325,OUTCOME_AND_HASH_MATCH,+bad,83722,51434,+38.57
vulkan,game_load.cross_title_hotpath.pgr2_small_draws,leaf,PASS,PASS,151015a16ca46325,151015a16ca46325,OUTCOME_AND_HASH_MATCH,+bad,109339,100676,+7.92
vulkan,game_load.cross_title_hotpath.texture_update_reuse,leaf,PASS,PASS,44fcd2c900a5a325,44fcd2c900a5a325,OUTCOME_AND_HASH_MATCH,+bad,2991,2834,+5.25
vulkan,game_load.cross_title_hotpath.surface_reuse,leaf,PASS,PASS,37f87c4938cd6325,37f87c4938cd6325,OUTCOME_AND_HASH_MATCH,+bad,9714,8996,+7.39
vulkan,game_load.cross_title_hotpath.pipeline_state_churn,leaf,PASS,PASS,4f8b2eab497ca325,4f8b2eab497ca325,OUTCOME_AND_HASH_MATCH,+bad,66021,62880,+4.76
vulkan,game_load.cross_title_hotpath.blend_constant_reuse,leaf,PASS,PASS,58e80f99c5a56325,58e80f99c5a56325,OUTCOME_AND_HASH_MATCH,+bad,167753,99535,+40.67
vulkan,game_load.cross_title_hotpath.texture_binding_reuse,leaf,PASS,PASS,6b9bae4b9c97a325,6b9bae4b9c97a325,OUTCOME_AND_HASH_MATCH,+bad,216816,133877,+38.25
vulkan,game_load.cross_title_hotpath.pgr2_lagspot_inline_elements,leaf,PASS,PASS,2b9db92162606325,2b9db92162606325,OUTCOME_AND_HASH_MATCH,+bad,123802,86056,+30.49
vulkan,game_load.cross_title_hotpath.scaled_surface_pressure,leaf,PASS,PASS,32a69ec6dce52325,32a69ec6dce52325,OUTCOME_AND_HASH_MATCH,+bad,665970,625870,+6.02
vulkan,game_load.cross_title_hotpath.s3tc_streaming_fenced_draws,leaf,PASS,PASS,1a65246e1a0ea325,1a65246e1a0ea325,OUTCOME_AND_HASH_MATCH,+bad,1216259,1332769,-9.58
vulkan,game_load.cross_title_hotpath.gpu_wait_control,leaf,PASS,PASS,e30500792076e325,e30500792076e325,OUTCOME_AND_HASH_MATCH,+bad,1209,1197,+0.99
vulkan,game_load.cross_title_hotpath,group,PASS,PASS,e30500792076e325,e30500792076e325,OUTCOME_AND_HASH_MATCH,,,,
vulkan,game_load.s3tc_sync_factor.dxt1_same_address_wait,leaf,PASS,PASS,3403675459d4d3d5,3403675459d4d3d5,OUTCOME_AND_HASH_MATCH,+bad,16633,16731,-0.59
vulkan,game_load.s3tc_sync_factor.dxt1_same_address_queued,leaf,PASS,PASS,fd536ab61733dc59,a5a9feb9b95c330d,HASH_INELIGIBLE_OUTCOME_MATCH,+bad,16685,16717,-0.19
vulkan,game_load.s3tc_sync_factor.dxt1_ring_payload_generations,leaf,PASS,PASS,3403675459d4d3d5,3403675459d4d3d5,OUTCOME_AND_HASH_MATCH,+bad,16625,16573,+0.31
vulkan,game_load.s3tc_sync_factor.dxt1_dirty_once_redraw,leaf,PASS,PASS,428c04bbb0a62725,428c04bbb0a62725,OUTCOME_AND_HASH_MATCH,+bad,16522,16639,-0.71
vulkan,game_load.s3tc_sync_factor.rgba8_same_address_wait,leaf,PASS,PASS,3403675459d4d3d5,3403675459d4d3d5,OUTCOME_AND_HASH_MATCH,+bad,49793,49644,+0.30
vulkan,game_load.s3tc_sync_factor.rgba8_same_address_queued,leaf,PASS,PASS,a0f2d726f08867f6,8e2d1fef0147449a,HASH_INELIGIBLE_OUTCOME_MATCH,+bad,49811,49849,-0.08
vulkan,game_load.s3tc_sync_factor.rgba8_ring_payload_generations,leaf,PASS,PASS,3403675459d4d3d5,3403675459d4d3d5,OUTCOME_AND_HASH_MATCH,+bad,49725,49550,+0.35
vulkan,game_load.s3tc_sync_factor.rgba8_dirty_once_redraw,leaf,PASS,PASS,428c04bbb0a62725,428c04bbb0a62725,OUTCOME_AND_HASH_MATCH,+bad,16648,16635,+0.08
vulkan,game_load.s3tc_sync_factor.bc2_native_eligible,leaf,PASS,PASS,3403675459d4d3d5,3403675459d4d3d5,OUTCOME_AND_HASH_MATCH,+bad,16643,16705,-0.37
vulkan,game_load.s3tc_sync_factor.bc2_bordered_fallback,leaf,PASS,PASS,db28300321744de5,db28300321744de5,OUTCOME_AND_HASH_MATCH,+bad,49968,49890,+0.16
vulkan,game_load.s3tc_sync_factor.bc3_native_eligible,leaf,PASS,PASS,3403675459d4d3d5,3403675459d4d3d5,OUTCOME_AND_HASH_MATCH,+bad,16682,16736,-0.32
vulkan,game_load.s3tc_sync_factor.bc3_bordered_fallback,leaf,PASS,PASS,db28300321744de5,db28300321744de5,OUTCOME_AND_HASH_MATCH,+bad,49996,49783,+0.43
vulkan,game_load.s3tc_sync_factor,group,PASS,PASS,db28300321744de5,db28300321744de5,OUTCOME_AND_HASH_MATCH,,,,
vulkan,game_load.repeated_display,leaf,PASS,PASS,e758dbbf4edc2325,e758dbbf4edc2325,OUTCOME_AND_HASH_MATCH,+bad,16640,16625,+0.09
vulkan,game_load.repeated_display_boosted,leaf,PASS,PASS,60315b1c33b6a325,60315b1c33b6a325,OUTCOME_AND_HASH_MATCH,+bad,49868,49723,+0.29
vulkan,game_load.doax_menu_representative.cpu_only,leaf,PASS,PASS,c9ffff20249e2325,c9ffff20249e2325,OUTCOME_AND_HASH_MATCH,+bad,13447,13610,-1.21
vulkan,game_load.doax_menu_representative.pfifo_only,leaf,PASS,PASS,db52eb2ea2ee6325,db52eb2ea2ee6325,OUTCOME_AND_HASH_MATCH,+bad,2379,2402,-0.97
vulkan,game_load.doax_menu_representative.gpu_only,leaf,PASS,PASS,fbd6d6be7f982325,fbd6d6be7f982325,OUTCOME_AND_HASH_MATCH,+bad,15531,18794,-21.01
vulkan,game_load.doax_menu_representative.streaming_only,leaf,PASS,PASS,f94303d175056325,f94303d175056325,OUTCOME_AND_HASH_MATCH,+bad,5919,5708,+3.56
vulkan,game_load.doax_menu_representative.cpu_pfifo_gpu,leaf,PASS,PASS,04157941d1aa6325,04157941d1aa6325,OUTCOME_AND_HASH_MATCH,+bad,31416,31861,-1.42
vulkan,game_load.doax_menu_representative.cpu_pfifo_gpu_streaming,leaf,PASS,PASS,e6d7900d809f6325,e6d7900d809f6325,OUTCOME_AND_HASH_MATCH,+bad,36321,36792,-1.30
vulkan,game_load.doax_menu_representative.full_system,leaf,PASS,PASS,3ebb8ee340a52325,3ebb8ee340a52325,OUTCOME_AND_HASH_MATCH,+bad,37231,36642,+1.58
vulkan,game_load.doax_menu_stress.cpu_only,leaf,PASS,PASS,312802588e58a325,312802588e58a325,OUTCOME_AND_HASH_MATCH,+bad,26930,26769,+0.60
vulkan,game_load.doax_menu_stress.pfifo_only,leaf,PASS,PASS,6251472ce3a6e325,6251472ce3a6e325,OUTCOME_AND_HASH_MATCH,+bad,4718,4728,-0.21
vulkan,game_load.doax_menu_stress.gpu_only,leaf,PASS,PASS,30126b41ecb96325,30126b41ecb96325,OUTCOME_AND_HASH_MATCH,+bad,30730,31000,-0.88
vulkan,game_load.doax_menu_stress.streaming_only,leaf,PASS,PASS,5b922e3ee1312325,5b922e3ee1312325,OUTCOME_AND_HASH_MATCH,+bad,12195,11139,+8.66
vulkan,game_load.doax_menu_stress.cpu_pfifo_gpu,leaf,PASS,PASS,c94959246d55a325,c94959246d55a325,OUTCOME_AND_HASH_MATCH,+bad,62489,62578,-0.14
vulkan,game_load.doax_menu_stress.cpu_pfifo_gpu_streaming,leaf,PASS,PASS,5dbf320b91a86325,5dbf320b91a86325,OUTCOME_AND_HASH_MATCH,+bad,72255,72853,-0.83
vulkan,game_load.doax_menu_stress.full_system,leaf,PASS,PASS,545f7965debce325,545f7965debce325,OUTCOME_AND_HASH_MATCH,+bad,72783,72810,-0.04
vulkan,game_load.pgr2_ai_backup.cpu_only,leaf,PASS,PASS,e086b0a920c42325,e086b0a920c42325,OUTCOME_AND_HASH_MATCH,+bad,42165,41553,+1.45
vulkan,game_load.pgr2_ai_backup.pfifo_only,leaf,PASS,PASS,5bc1b07714da2325,5bc1b07714da2325,OUTCOME_AND_HASH_MATCH,+bad,15206,14791,+2.73
vulkan,game_load.pgr2_ai_backup.gpu_only,leaf,PASS,PASS,f8348ac6eeaaa325,f8348ac6eeaaa325,OUTCOME_AND_HASH_MATCH,+bad,81133,80292,+1.04
vulkan,game_load.pgr2_ai_backup.streaming_only,leaf,PASS,PASS,f43007e31b972325,f43007e31b972325,OUTCOME_AND_HASH_MATCH,+bad,4104,3995,+2.66
vulkan,game_load.pgr2_ai_backup.cpu_pfifo_gpu,leaf,PASS,PASS,48c0585f003ea325,48c0585f003ea325,OUTCOME_AND_HASH_MATCH,+bad,138434,137685,+0.54
vulkan,game_load.pgr2_ai_backup.cpu_pfifo_gpu_streaming,leaf,PASS,PASS,e0430415b6dbe325,e0430415b6dbe325,OUTCOME_AND_HASH_MATCH,+bad,141650,141316,+0.24
vulkan,game_load.pgr2_ai_backup.full_system,leaf,PASS,PASS,cb91c33db5046325,cb91c33db5046325,OUTCOME_AND_HASH_MATCH,+bad,143475,142923,+0.38
vulkan,high_vertex_count.arrays,leaf,PASS,PASS,a27c67890c2d9083,a27c67890c2d9083,OUTCOME_AND_HASH_MATCH,+bad,73,91,-24.66
vulkan,high_vertex_count.inline_arrays,leaf,PASS,PASS,a27c67890c2d9083,a27c67890c2d9083,OUTCOME_AND_HASH_MATCH,+bad,43825,44409,-1.33
vulkan,high_vertex_count.inline_buffers,leaf,PASS,PASS,a27c67890c2d9083,a27c67890c2d9083,OUTCOME_AND_HASH_MATCH,+bad,229585,233147,-1.55
vulkan,high_vertex_count.inline_elements,leaf,PASS,PASS,a27c67890c2d9083,a27c67890c2d9083,OUTCOME_AND_HASH_MATCH,+bad,4060,4021,+0.96
vulkan,pfifo_array_elements.array_element_pgr2,leaf,PASS,PASS,bbc8b0702ffd0325,bbc8b0702ffd0325,OUTCOME_AND_HASH_MATCH,+bad,471,465,+1.27
vulkan,pfifo_array_elements.array_element16,leaf,PASS,PASS,9c884de2a5d32325,9c884de2a5d32325,OUTCOME_AND_HASH_MATCH,+bad,584,578,+1.03
vulkan,pfifo_array_elements.array_element32,leaf,PASS,PASS,e079f0cf1a994325,e079f0cf1a994325,OUTCOME_AND_HASH_MATCH,+bad,1024,1004,+1.95
vulkan,pfifo_packet_boundary.array_element16_overflow,leaf,PASS,PASS,4d1756526f052325,4d1756526f052325,OUTCOME_AND_HASH_MATCH,+bad,15994,15585,+2.56
vulkan,pfifo_packet_boundary.array_element32_overflow,leaf,PASS,PASS,6eb7071be692a325,6eb7071be692a325,OUTCOME_AND_HASH_MATCH,+bad,31646,31277,+1.17
vulkan,pfifo_packet_boundary.inline_array_overflow,leaf,PASS,PASS,847da1930526a325,847da1930526a325,OUTCOME_AND_HASH_MATCH,+bad,31890,31205,+2.15
vulkan,pfifo_packet_boundary.incrementing_inline_fallback,leaf,PASS,PASS,640439ee8ecd2325,640439ee8ecd2325,OUTCOME_AND_HASH_MATCH,+bad,108,122,-12.96
vulkan,texture_cubemap_fallback.unbordered_subblock_dxt1,leaf,PASS,PASS,be0f2013c1997ca5,be0f2013c1997ca5,OUTCOME_AND_HASH_MATCH,+bad,16591,16696,-0.63
vulkan,pipeline_texture_switch.clear_texture_normal,leaf,PASS,PASS,22ba4f1405cda325,22ba4f1405cda325,OUTCOME_AND_HASH_MATCH,+bad,27300,27983,-2.50
vulkan,pipeline_texture_switch.palette_dma_remap,leaf,PASS,PASS,fbf687de65082325,fbf687de65082325,OUTCOME_AND_HASH_MATCH,+bad,20776,18967,+8.71
vulkan,pipeline_texture_switch.palette_only_update,leaf,PASS,PASS,467aab2f95cda325,467aab2f95cda325,OUTCOME_AND_HASH_MATCH,+bad,20166,20262,-0.48
vulkan,pipeline_texture_switch.sampler_only_identity,leaf,PASS,PASS,0b8438c8404da325,0b8438c8404da325,OUTCOME_AND_HASH_MATCH,+bad,21155,20982,+0.82
vulkan,pipeline_texture_switch.shader_negative_control,leaf,PASS,PASS,f110c8bd6338c325,f110c8bd6338c325,OUTCOME_AND_HASH_MATCH,+bad,18312,18462,-0.82
vulkan,pipeline_texture_switch.shared_page_overlap,leaf,PASS,PASS,83bb59a8648da325,83bb59a8648da325,OUTCOME_AND_HASH_MATCH,+bad,18255,18155,+0.55
vulkan,pipeline_texture_switch.texture_dma_remap,leaf,PASS,PASS,fbf687de65082325,fbf687de65082325,OUTCOME_AND_HASH_MATCH,+bad,11086,16070,-44.96
vulkan,pipeline_texture_switch.texture_switch,leaf,PASS,PASS,8ae05d31fb00c325,8ae05d31fb00c325,OUTCOME_AND_HASH_MATCH,+bad,17617,17362,+1.45
vulkan,primitive_type.line_loop.fixed_function,leaf,PASS,PASS,f2158581ac6e3919,f2158581ac6e3919,OUTCOME_AND_HASH_MATCH,+bad,629,622,+1.11
vulkan,primitive_type.line_loop.vertex_shader,leaf,PASS,PASS,f2158581ac6e3919,f2158581ac6e3919,OUTCOME_AND_HASH_MATCH,+bad,623,623,+0.00
vulkan,primitive_type.line_strip.fixed_function,leaf,PASS,PASS,f2158581ac6e3919,f2158581ac6e3919,OUTCOME_AND_HASH_MATCH,+bad,628,632,-0.64
vulkan,primitive_type.line_strip.vertex_shader,leaf,PASS,PASS,f2158581ac6e3919,f2158581ac6e3919,OUTCOME_AND_HASH_MATCH,+bad,626,628,-0.32
vulkan,primitive_type.lines.fixed_function,leaf,PASS,PASS,1766a7f93aa72a14,1766a7f93aa72a14,OUTCOME_AND_HASH_MATCH,+bad,1159,1152,+0.60
vulkan,primitive_type.lines.vertex_shader,leaf,PASS,PASS,1766a7f93aa72a14,1766a7f93aa72a14,OUTCOME_AND_HASH_MATCH,+bad,1156,1169,-1.12
vulkan,primitive_type.points.fixed_function,leaf,PASS,PASS,5b296619f665c070,5b296619f665c070,OUTCOME_AND_HASH_MATCH,+bad,633,629,+0.63
vulkan,primitive_type.points.vertex_shader,leaf,PASS,PASS,5b296619f665c070,5b296619f665c070,OUTCOME_AND_HASH_MATCH,+bad,620,615,+0.81
vulkan,primitive_type.polygon.fixed_function,leaf,PASS,PASS,2c4beaa06aba1000,2c4beaa06aba1000,OUTCOME_AND_HASH_MATCH,+bad,622,625,-0.48
vulkan,primitive_type.polygon.vertex_shader,leaf,PASS,PASS,2c4beaa06aba1000,2c4beaa06aba1000,OUTCOME_AND_HASH_MATCH,+bad,623,613,+1.61
vulkan,primitive_type.quad_strip.fixed_function,leaf,PASS,PASS,f64b4495347cec73,f64b4495347cec73,OUTCOME_AND_HASH_MATCH,+bad,1149,1184,-3.05
vulkan,primitive_type.quad_strip.vertex_shader,leaf,PASS,PASS,f64b4495347cec73,f64b4495347cec73,OUTCOME_AND_HASH_MATCH,+bad,1165,1183,-1.55
vulkan,primitive_type.quads.fixed_function,leaf,PASS,PASS,114a1419338256e5,114a1419338256e5,OUTCOME_AND_HASH_MATCH,+bad,2246,2277,-1.38
vulkan,primitive_type.quads.vertex_shader,leaf,PASS,PASS,114a1419338256e5,114a1419338256e5,OUTCOME_AND_HASH_MATCH,+bad,2288,2355,-2.93
vulkan,primitive_type.triangle_fan.fixed_function,leaf,PASS,PASS,36644f0fd11db166,36644f0fd11db166,OUTCOME_AND_HASH_MATCH,+bad,625,628,-0.48
vulkan,primitive_type.triangle_fan.vertex_shader,leaf,PASS,PASS,36644f0fd11db166,36644f0fd11db166,OUTCOME_AND_HASH_MATCH,+bad,626,621,+0.80
vulkan,primitive_type.triangle_strip.fixed_function,leaf,PASS,PASS,d7b289579fdaa1ab,d7b289579fdaa1ab,OUTCOME_AND_HASH_MATCH,+bad,610,622,-1.97
vulkan,primitive_type.triangle_strip.vertex_shader,leaf,PASS,PASS,d7b289579fdaa1ab,d7b289579fdaa1ab,OUTCOME_AND_HASH_MATCH,+bad,620,628,-1.29
vulkan,primitive_type.triangles.fixed_function,leaf,PASS,PASS,72f05baf369ceb60,72f05baf369ceb60,OUTCOME_AND_HASH_MATCH,+bad,1713,1704,+0.53
vulkan,primitive_type.triangles.vertex_shader,leaf,PASS,PASS,72f05baf369ceb60,72f05baf369ceb60,OUTCOME_AND_HASH_MATCH,+bad,1731,1712,+1.10
vulkan,report_query.clear_boundary,leaf,PASS,PASS,b5eb7c4b9c8da325,b5eb7c4b9c8da325,OUTCOME_AND_HASH_MATCH,+bad,1513,1498,+0.99
vulkan,report_query.dma_descriptor_rewrite,leaf,PASS,PASS,c0c0fdbececda325,c0c0fdbececda325,OUTCOME_AND_HASH_MATCH,+bad,8330,28249,-239.12
vulkan,report_query.dma_range_guard,leaf,FAIL,FAIL,3f648ce11a4da325,3f648ce11a4da325,OUTCOME_AND_HASH_MATCH,,12049888,12026807,
vulkan,report_query.dma_target_switch,leaf,PASS,PASS,4c4bd8cd440da325,4c4bd8cd440da325,OUTCOME_AND_HASH_MATCH,+bad,1466,1314,+10.37
vulkan,report_query.fifo_producer_ordering,leaf,PASS,PASS,0d907c24a88da325,0d907c24a88da325,OUTCOME_AND_HASH_MATCH,+bad,1989,2350,-18.15
vulkan,report_query.multiple_boundaries,leaf,PASS,PASS,0c966fc9ba4da325,0c966fc9ba4da325,OUTCOME_AND_HASH_MATCH,+bad,1154,1205,-4.42
vulkan,report_query.single_boundary,leaf,PASS,PASS,60e674c9fecda325,60e674c9fecda325,OUTCOME_AND_HASH_MATCH,+bad,1201,1211,-0.83
vulkan,report_query.zero_query,leaf,PASS,PASS,23875dfeb40da325,23875dfeb40da325,OUTCOME_AND_HASH_MATCH,+bad,1134,1108,+2.29
vulkan,surface.basic,leaf,PASS,PASS,5a719d88d8221fb2,5a719d88d8221fb2,OUTCOME_AND_HASH_MATCH,+bad,36487,36915,-1.17
vulkan,surface.cpu_read_after_gpu_write,leaf,PASS,PASS,76ea18af98322325,76ea18af98322325,OUTCOME_AND_HASH_MATCH,+bad,1850,1845,+0.27
vulkan,surface.cpu_read_clean_surface,leaf,PASS,PASS,d3267b427820a325,d3267b427820a325,OUTCOME_AND_HASH_MATCH,+bad,57,57,+0.00
vulkan,surface.framebuffer_working_set_002,leaf,PASS,PASS,9f3b0609a42777d5,9f3b0609a42777d5,OUTCOME_AND_HASH_MATCH,+bad,1909,2026,-6.13
vulkan,surface.framebuffer_working_set_008,leaf,PASS,PASS,64cbf95dec8f59e5,64cbf95dec8f59e5,OUTCOME_AND_HASH_MATCH,+bad,2210,2210,+0.00
vulkan,surface.framebuffer_working_set_032,leaf,PASS,PASS,a6116feb11a28c25,a6116feb11a28c25,OUTCOME_AND_HASH_MATCH,+bad,2224,2135,+4.00
vulkan,surface.framebuffer_working_set_064,leaf,PASS,PASS,a6116feb11a28c25,a6116feb11a28c25,OUTCOME_AND_HASH_MATCH,+bad,2065,2099,-1.65
vulkan,surface.full_clear_elision_guard,leaf,PASS,PASS,4f05ccd43f43d495,4f05ccd43f43d495,OUTCOME_AND_HASH_MATCH,+bad,2692,2649,+1.60
vulkan,surface.overlapping_surface_churn_representative,leaf,PASS,PASS,caf66d4bf5691525,caf66d4bf5691525,OUTCOME_AND_HASH_MATCH,+bad,2863,2861,+0.07
vulkan,surface.overlapping_surface_churn_stress,leaf,PASS,PASS,caf66d4bf5691525,caf66d4bf5691525,OUTCOME_AND_HASH_MATCH,+bad,45683,45199,+1.06
vulkan,surface.partial_channel_clear_guard,leaf,PASS,PASS,eb2cb498aa73af25,eb2cb498aa73af25,OUTCOME_AND_HASH_MATCH,+bad,1813,1815,-0.11
vulkan,surface.surface_download_path,leaf,PASS,PASS,2b0e8aac0f8838e8,2b0e8aac0f8838e8,OUTCOME_AND_HASH_MATCH,+bad,32323,32305,+0.06
vulkan,surface.surface_list_lookup_002,leaf,PASS,PASS,dce4c9394e7a3f35,dce4c9394e7a3f35,OUTCOME_AND_HASH_MATCH,+bad,1642,1762,-7.31
vulkan,surface.surface_list_lookup_008,leaf,PASS,PASS,bf1fe5b8fe78a94d,bf1fe5b8fe78a94d,OUTCOME_AND_HASH_MATCH,+bad,1814,1678,+7.50
vulkan,surface.surface_list_lookup_032,leaf,PASS,PASS,c6275b91195a5325,c6275b91195a5325,OUTCOME_AND_HASH_MATCH,+bad,1730,1774,-2.54
vulkan,surface.surface_list_lookup_128,leaf,PASS,PASS,c6275b91195a5325,c6275b91195a5325,OUTCOME_AND_HASH_MATCH,+bad,1959,1872,+4.44
vulkan,surface.vulkan_memory_pressure.representative.growth,leaf,PASS,PASS,c1b304b452852b25,c1b304b452852b25,OUTCOME_AND_HASH_MATCH,+bad,27535,27051,+1.76
vulkan,surface.vulkan_memory_pressure.representative.plateau,leaf,PASS,PASS,730005d86af45b25,730005d86af45b25,OUTCOME_AND_HASH_MATCH,+bad,27059,26643,+1.54
vulkan,surface.vulkan_memory_pressure.representative.alias_resize,leaf,PASS,PASS,0c26236493b4d325,0c26236493b4d325,OUTCOME_AND_HASH_MATCH,+bad,27655,27294,+1.31
vulkan,surface.vulkan_memory_pressure.representative.reuse,leaf,PASS,PASS,3ba0d18066aacb25,3ba0d18066aacb25,OUTCOME_AND_HASH_MATCH,+bad,27999,26899,+3.93
vulkan,surface.vulkan_memory_pressure.representative.idle_retention,leaf,PASS,PASS,3a8651789ea0fa25,3a8651789ea0fa25,OUTCOME_AND_HASH_MATCH,+bad,643,655,-1.87
vulkan,surface.vulkan_memory_pressure.representative,group,PASS,PASS,7e188dabb186cb25,7e188dabb186cb25,OUTCOME_AND_HASH_MATCH,,,,
vulkan,surface.vulkan_memory_pressure.stress.growth,leaf,PASS,PASS,94cdb4bddb0e4b25,94cdb4bddb0e4b25,OUTCOME_AND_HASH_MATCH,+bad,119214,117506,+1.43
vulkan,surface.vulkan_memory_pressure.stress.plateau,leaf,PASS,PASS,196f33989be28325,196f33989be28325,OUTCOME_AND_HASH_MATCH,+bad,120268,117741,+2.10
vulkan,surface.vulkan_memory_pressure.stress.alias_resize,leaf,PASS,PASS,84a8d75f1f9d1b25,84a8d75f1f9d1b25,OUTCOME_AND_HASH_MATCH,+bad,130199,125137,+3.89
vulkan,surface.vulkan_memory_pressure.stress.reuse,leaf,PASS,PASS,fb2a6abd1cbfc725,fb2a6abd1cbfc725,OUTCOME_AND_HASH_MATCH,+bad,135692,126429,+6.83
vulkan,surface.vulkan_memory_pressure.stress.idle_retention,leaf,PASS,PASS,430711a262877725,430711a262877725,OUTCOME_AND_HASH_MATCH,+bad,586,606,-3.41
vulkan,surface.vulkan_memory_pressure.stress,group,PASS,PASS,7e188dabb186cb25,7e188dabb186cb25,OUTCOME_AND_HASH_MATCH,,,,
vulkan,tiny_draw.arrays.fixed_function,leaf,PASS,PASS,acf025546cf667b5,acf025546cf667b5,OUTCOME_AND_HASH_MATCH,+bad,20324,20200,+0.61
vulkan,tiny_draw.arrays.vertex_shader,leaf,PASS,PASS,acf025546cf667b5,acf025546cf667b5,OUTCOME_AND_HASH_MATCH,+bad,20642,20300,+1.66
vulkan,tiny_draw.inline_arrays.fixed_function,leaf,PASS,PASS,acf025546cf667b5,acf025546cf667b5,OUTCOME_AND_HASH_MATCH,+bad,34882,35410,-1.51
vulkan,tiny_draw.inline_arrays.vertex_shader,leaf,PASS,PASS,acf025546cf667b5,acf025546cf667b5,OUTCOME_AND_HASH_MATCH,+bad,35006,35173,-0.48
vulkan,tiny_draw.inline_buffers.fixed_function,leaf,PASS,PASS,acf025546cf667b5,acf025546cf667b5,OUTCOME_AND_HASH_MATCH,+bad,43523,43897,-0.86
vulkan,tiny_draw.inline_buffers.vertex_shader,leaf,PASS,PASS,acf025546cf667b5,acf025546cf667b5,OUTCOME_AND_HASH_MATCH,+bad,43619,43942,-0.74
vulkan,tiny_draw.inline_elements.fixed_function,leaf,PASS,PASS,acf025546cf667b5,acf025546cf667b5,OUTCOME_AND_HASH_MATCH,+bad,20337,20127,+1.03
vulkan,tiny_draw.inline_elements.vertex_shader,leaf,PASS,PASS,acf025546cf667b5,acf025546cf667b5,OUTCOME_AND_HASH_MATCH,+bad,20223,19920,+1.50
vulkan,uniform_thrash.uniform_thrash,leaf,PASS,PASS,09eb5907ef624c25,09eb5907ef624c25,OUTCOME_AND_HASH_MATCH,+bad,1640,1729,-5.43
vulkan,vertex_buffer_allocation.mixed.arrays,leaf,PASS,PASS,377e6c029807f325,377e6c029807f325,OUTCOME_AND_HASH_MATCH,+bad,24364,24980,-2.53
vulkan,vertex_buffer_allocation.mixed.inline_arrays,leaf,PASS,PASS,377e6c029807f325,377e6c029807f325,OUTCOME_AND_HASH_MATCH,+bad,129705,129983,-0.21
vulkan,vertex_buffer_allocation.mixed.inline_buffers,leaf,PASS,PASS,377e6c029807f325,377e6c029807f325,OUTCOME_AND_HASH_MATCH,+bad,582901,579204,+0.63
vulkan,vertex_buffer_allocation.mixed.inline_elements,leaf,PASS,PASS,377e6c029807f325,377e6c029807f325,OUTCOME_AND_HASH_MATCH,+bad,32979,32819,+0.49
vulkan,vertex_buffer_allocation.tiny.arrays,leaf,PASS,PASS,377e6c029807f325,377e6c029807f325,OUTCOME_AND_HASH_MATCH,+bad,79733,30628,+61.59
vulkan,vertex_buffer_allocation.tiny.inline_arrays,leaf,PASS,PASS,377e6c029807f325,377e6c029807f325,OUTCOME_AND_HASH_MATCH,+bad,37964,43894,-15.62
vulkan,vertex_buffer_allocation.tiny.inline_buffers,leaf,PASS,PASS,377e6c029807f325,377e6c029807f325,OUTCOME_AND_HASH_MATCH,+bad,39686,39312,+0.94
vulkan,vertex_buffer_allocation.tiny.inline_elements,leaf,PASS,PASS,377e6c029807f325,377e6c029807f325,OUTCOME_AND_HASH_MATCH,+bad,46403,47347,-2.03
vulkan,vertex_buffer_allocation.rising_transient_growth,leaf,PASS,PASS,377e6c029807f325,377e6c029807f325,OUTCOME_AND_HASH_MATCH,+bad,660658,667162,-0.98
vulkan,vertex_buffer_allocation.disjoint_same_page,leaf,PASS,PASS,fdcd25a37910bb25,fdcd25a37910bb25,OUTCOME_AND_HASH_MATCH,+bad,39914,39195,+1.80
vulkan,vertex_buffer_allocation.ordered_same_page_overwrite,leaf,PASS,PASS,bbc8caeedc9dff25,bbc8caeedc9dff25,OUTCOME_AND_HASH_MATCH,+bad,15112,15376,-1.75
opengl,busy_pfifo.pfifo_saturation,leaf,PASS,PASS,1508607624bb8506,1508607624bb8506,OUTCOME_AND_HASH_MATCH,+bad,101165,101866,-0.69
opengl,busy_pfifo.pgraph_pattern_polling,leaf,PASS,PASS,386d0f085e98c325,386d0f085e98c325,OUTCOME_AND_HASH_MATCH,+bad,3933819,4266689,-8.46
opengl,cpu_floating_point.sse_scalar,leaf,PASS,PASS,6962077c244da325,6962077c244da325,OUTCOME_AND_HASH_MATCH,+bad,503121,506101,-0.59
opengl,cpu_floating_point.x87_scalar,leaf,PASS,PASS,6962077c244da325,6962077c244da325,OUTCOME_AND_HASH_MATCH,+bad,790477,788683,+0.23
opengl,cpu_translation_blocks.direct_loop,leaf,PASS,PASS,bd1fc9bf0c318325,bd1fc9bf0c318325,OUTCOME_AND_HASH_MATCH,+bad,10028,9915,+1.13
opengl,cpu_translation_blocks.indirect_dispatch,leaf,PASS,PASS,c0426cf669a02325,c0426cf669a02325,OUTCOME_AND_HASH_MATCH,+bad,39954,40313,-0.90
opengl,cpu_translation_blocks.indirect_dispatch_stress,leaf,PASS,PASS,fbd507cb0c622325,fbd507cb0c622325,OUTCOME_AND_HASH_MATCH,+bad,788521,790264,-0.22
opengl,fill_rate.solid,leaf,PASS,PASS,08b0f60773aac775,08b0f60773aac775,OUTCOME_AND_HASH_MATCH,+bad,1893,1533,+19.02
opengl,fill_rate.textured,leaf,PASS,PASS,99b433323df1684d,99b433323df1684d,OUTCOME_AND_HASH_MATCH,+bad,1971,2016,-2.28
opengl,game_load.long_unlocked_scene.cpu,leaf,PASS,PASS,4efd9244c4ad2325,4efd9244c4ad2325,OUTCOME_AND_HASH_MATCH,+bad,24070,24036,+0.14
opengl,game_load.long_unlocked_scene.pfifo,leaf,PASS,PASS,4efd9244c4ad2325,4efd9244c4ad2325,OUTCOME_AND_HASH_MATCH,+bad,4709,4665,+0.93
opengl,game_load.long_unlocked_scene.alpha_overdraw,leaf,PASS,PASS,4efd9244c4ad2325,4efd9244c4ad2325,OUTCOME_AND_HASH_MATCH,+bad,32035,31210,+2.58
opengl,game_load.long_unlocked_scene.streaming_surface_reuse,leaf,PASS,PASS,4efd9244c4ad2325,4efd9244c4ad2325,OUTCOME_AND_HASH_MATCH,+bad,9002,9284,-3.13
opengl,game_load.long_unlocked_scene.combined,leaf,PASS,PASS,4efd9244c4ad2325,4efd9244c4ad2325,OUTCOME_AND_HASH_MATCH,+bad,69075,68875,+0.29
opengl,game_load.long_unlocked_scene.full_system,leaf,PASS,PASS,4efd9244c4ad2325,4efd9244c4ad2325,OUTCOME_AND_HASH_MATCH,+bad,68766,68471,+0.43
opengl,game_load.long_unlocked_scene,group,PASS,PASS,4efd9244c4ad2325,4efd9244c4ad2325,OUTCOME_AND_HASH_MATCH,,,,
opengl,game_load.cross_title_hotpath.queued_vertex_cpu_writes,leaf,PASS,PASS,ea21c900993ea325,ea21c900993ea325,OUTCOME_AND_HASH_MATCH,+bad,50390,50021,+0.73
opengl,game_load.cross_title_hotpath.pgr2_small_draws,leaf,PASS,PASS,151015a16ca46325,151015a16ca46325,OUTCOME_AND_HASH_MATCH,+bad,100406,100014,+0.39
opengl,game_load.cross_title_hotpath.texture_update_reuse,leaf,PASS,PASS,44fcd2c900a5a325,44fcd2c900a5a325,OUTCOME_AND_HASH_MATCH,+bad,2741,2730,+0.40
opengl,game_load.cross_title_hotpath.surface_reuse,leaf,PASS,PASS,37f87c4938cd6325,37f87c4938cd6325,OUTCOME_AND_HASH_MATCH,+bad,6496,6733,-3.65
opengl,game_load.cross_title_hotpath.pipeline_state_churn,leaf,PASS,PASS,4f8b2eab497ca325,4f8b2eab497ca325,OUTCOME_AND_HASH_MATCH,+bad,64881,65610,-1.12
opengl,game_load.cross_title_hotpath.blend_constant_reuse,leaf,PASS,PASS,58e80f99c5a56325,58e80f99c5a56325,OUTCOME_AND_HASH_MATCH,+bad,99889,99985,-0.10
opengl,game_load.cross_title_hotpath.texture_binding_reuse,leaf,PASS,PASS,6b9bae4b9c97a325,6b9bae4b9c97a325,OUTCOME_AND_HASH_MATCH,+bad,133335,133071,+0.20
opengl,game_load.cross_title_hotpath.pgr2_lagspot_inline_elements,leaf,PASS,PASS,2b9db92162606325,2b9db92162606325,OUTCOME_AND_HASH_MATCH,+bad,84024,83791,+0.28
opengl,game_load.cross_title_hotpath.scaled_surface_pressure,leaf,PASS,PASS,32a69ec6dce52325,32a69ec6dce52325,OUTCOME_AND_HASH_MATCH,+bad,232708,232794,-0.04
opengl,game_load.cross_title_hotpath.s3tc_streaming_fenced_draws,leaf,PASS,PASS,1a65246e1a0ea325,1a65246e1a0ea325,OUTCOME_AND_HASH_MATCH,+bad,2074357,2076294,-0.09
opengl,game_load.cross_title_hotpath.gpu_wait_control,leaf,PASS,PASS,e30500792076e325,e30500792076e325,OUTCOME_AND_HASH_MATCH,+bad,2398,2118,+11.68
opengl,game_load.cross_title_hotpath,group,PASS,PASS,e30500792076e325,e30500792076e325,OUTCOME_AND_HASH_MATCH,,,,
opengl,game_load.s3tc_sync_factor.dxt1_same_address_wait,leaf,PASS,PASS,3403675459d4d3d5,3403675459d4d3d5,OUTCOME_AND_HASH_MATCH,+bad,16602,16897,-1.78
opengl,game_load.s3tc_sync_factor.dxt1_same_address_queued,leaf,PASS,PASS,466ef062703c6f0d,68160b16bbdb0425,HASH_INELIGIBLE_OUTCOME_MATCH,+bad,16501,16549,-0.29
opengl,game_load.s3tc_sync_factor.dxt1_ring_payload_generations,leaf,PASS,PASS,3403675459d4d3d5,3403675459d4d3d5,OUTCOME_AND_HASH_MATCH,+bad,16751,16448,+1.81
opengl,game_load.s3tc_sync_factor.dxt1_dirty_once_redraw,leaf,PASS,PASS,428c04bbb0a62725,428c04bbb0a62725,OUTCOME_AND_HASH_MATCH,+bad,16628,16610,+0.11
opengl,game_load.s3tc_sync_factor.rgba8_same_address_wait,leaf,PASS,PASS,3403675459d4d3d5,3403675459d4d3d5,OUTCOME_AND_HASH_MATCH,+bad,49673,49982,-0.62
opengl,game_load.s3tc_sync_factor.rgba8_same_address_queued,leaf,PASS,PASS,2a4ee85df87c028f,fdd2f7f7e0893e11,HASH_INELIGIBLE_OUTCOME_MATCH,+bad,49735,49833,-0.20
opengl,game_load.s3tc_sync_factor.rgba8_ring_payload_generations,leaf,PASS,PASS,3403675459d4d3d5,3403675459d4d3d5,OUTCOME_AND_HASH_MATCH,+bad,50097,49075,+2.04
opengl,game_load.s3tc_sync_factor.rgba8_dirty_once_redraw,leaf,PASS,PASS,428c04bbb0a62725,428c04bbb0a62725,OUTCOME_AND_HASH_MATCH,+bad,16473,16584,-0.67
opengl,game_load.s3tc_sync_factor.bc2_native_eligible,leaf,PASS,PASS,3403675459d4d3d5,3403675459d4d3d5,OUTCOME_AND_HASH_MATCH,+bad,16870,16648,+1.32
opengl,game_load.s3tc_sync_factor.bc2_bordered_fallback,leaf,PASS,PASS,3403675459d4d3d5,3403675459d4d3d5,OUTCOME_AND_HASH_MATCH,+bad,49705,49571,+0.27
opengl,game_load.s3tc_sync_factor.bc3_native_eligible,leaf,PASS,PASS,3403675459d4d3d5,3403675459d4d3d5,OUTCOME_AND_HASH_MATCH,+bad,16524,16754,-1.39
opengl,game_load.s3tc_sync_factor.bc3_bordered_fallback,leaf,PASS,PASS,3403675459d4d3d5,3403675459d4d3d5,OUTCOME_AND_HASH_MATCH,+bad,50014,50003,+0.02
opengl,game_load.s3tc_sync_factor,group,PASS,PASS,3403675459d4d3d5,3403675459d4d3d5,OUTCOME_AND_HASH_MATCH,,,,
opengl,game_load.repeated_display,leaf,PASS,PASS,e758dbbf4edc2325,e758dbbf4edc2325,OUTCOME_AND_HASH_MATCH,+bad,16650,16630,+0.12
opengl,game_load.repeated_display_boosted,leaf,PASS,PASS,60315b1c33b6a325,60315b1c33b6a325,OUTCOME_AND_HASH_MATCH,+bad,50184,50040,+0.29
opengl,game_load.doax_menu_representative.cpu_only,leaf,PASS,PASS,c9ffff20249e2325,c9ffff20249e2325,OUTCOME_AND_HASH_MATCH,+bad,13576,13701,-0.92
opengl,game_load.doax_menu_representative.pfifo_only,leaf,PASS,PASS,db52eb2ea2ee6325,db52eb2ea2ee6325,OUTCOME_AND_HASH_MATCH,+bad,2423,2367,+2.31
opengl,game_load.doax_menu_representative.gpu_only,leaf,PASS,PASS,fbd6d6be7f982325,fbd6d6be7f982325,OUTCOME_AND_HASH_MATCH,+bad,16098,16101,-0.02
opengl,game_load.doax_menu_representative.streaming_only,leaf,PASS,PASS,f94303d175056325,f94303d175056325,OUTCOME_AND_HASH_MATCH,+bad,4984,4784,+4.01
opengl,game_load.doax_menu_representative.cpu_pfifo_gpu,leaf,PASS,PASS,04157941d1aa6325,04157941d1aa6325,OUTCOME_AND_HASH_MATCH,+bad,31767,31635,+0.42
opengl,game_load.doax_menu_representative.cpu_pfifo_gpu_streaming,leaf,PASS,PASS,e6d7900d809f6325,e6d7900d809f6325,OUTCOME_AND_HASH_MATCH,+bad,35095,34903,+0.55
opengl,game_load.doax_menu_representative.full_system,leaf,PASS,PASS,3ebb8ee340a52325,3ebb8ee340a52325,OUTCOME_AND_HASH_MATCH,+bad,34911,34333,+1.66
opengl,game_load.doax_menu_stress.cpu_only,leaf,PASS,PASS,312802588e58a325,312802588e58a325,OUTCOME_AND_HASH_MATCH,+bad,26910,27216,-1.14
opengl,game_load.doax_menu_stress.pfifo_only,leaf,PASS,PASS,6251472ce3a6e325,6251472ce3a6e325,OUTCOME_AND_HASH_MATCH,+bad,4683,4674,+0.19
opengl,game_load.doax_menu_stress.gpu_only,leaf,PASS,PASS,30126b41ecb96325,30126b41ecb96325,OUTCOME_AND_HASH_MATCH,+bad,31736,31812,-0.24
opengl,game_load.doax_menu_stress.streaming_only,leaf,PASS,PASS,5b922e3ee1312325,5b922e3ee1312325,OUTCOME_AND_HASH_MATCH,+bad,8550,8736,-2.18
opengl,game_load.doax_menu_stress.cpu_pfifo_gpu,leaf,PASS,PASS,c94959246d55a325,c94959246d55a325,OUTCOME_AND_HASH_MATCH,+bad,63425,63330,+0.15
opengl,game_load.doax_menu_stress.cpu_pfifo_gpu_streaming,leaf,PASS,PASS,5dbf320b91a86325,5dbf320b91a86325,OUTCOME_AND_HASH_MATCH,+bad,68234,68586,-0.52
opengl,game_load.doax_menu_stress.full_system,leaf,PASS,PASS,545f7965debce325,545f7965debce325,OUTCOME_AND_HASH_MATCH,+bad,68284,69190,-1.33
opengl,game_load.pgr2_ai_backup.cpu_only,leaf,PASS,PASS,e086b0a920c42325,e086b0a920c42325,OUTCOME_AND_HASH_MATCH,+bad,42090,42458,-0.87
opengl,game_load.pgr2_ai_backup.pfifo_only,leaf,PASS,PASS,5bc1b07714da2325,5bc1b07714da2325,OUTCOME_AND_HASH_MATCH,+bad,15100,15014,+0.57
opengl,game_load.pgr2_ai_backup.gpu_only,leaf,PASS,PASS,f8348ac6eeaaa325,f8348ac6eeaaa325,OUTCOME_AND_HASH_MATCH,+bad,82897,81074,+2.20
opengl,game_load.pgr2_ai_backup.streaming_only,leaf,PASS,PASS,f43007e31b972325,f43007e31b972325,OUTCOME_AND_HASH_MATCH,+bad,3555,3475,+2.25
opengl,game_load.pgr2_ai_backup.cpu_pfifo_gpu,leaf,PASS,PASS,48c0585f003ea325,48c0585f003ea325,OUTCOME_AND_HASH_MATCH,+bad,139153,138031,+0.81
opengl,game_load.pgr2_ai_backup.cpu_pfifo_gpu_streaming,leaf,PASS,PASS,e0430415b6dbe325,e0430415b6dbe325,OUTCOME_AND_HASH_MATCH,+bad,141754,140358,+0.98
opengl,game_load.pgr2_ai_backup.full_system,leaf,PASS,PASS,cb91c33db5046325,cb91c33db5046325,OUTCOME_AND_HASH_MATCH,+bad,141401,141097,+0.21
opengl,high_vertex_count.arrays,leaf,PASS,PASS,a27c67890c2d9083,a27c67890c2d9083,OUTCOME_AND_HASH_MATCH,+bad,68,73,-7.35
opengl,high_vertex_count.inline_arrays,leaf,PASS,PASS,a27c67890c2d9083,a27c67890c2d9083,OUTCOME_AND_HASH_MATCH,+bad,41124,40397,+1.77
opengl,high_vertex_count.inline_buffers,leaf,PASS,PASS,a27c67890c2d9083,a27c67890c2d9083,OUTCOME_AND_HASH_MATCH,+bad,209880,207480,+1.14
opengl,high_vertex_count.inline_elements,leaf,PASS,PASS,a27c67890c2d9083,a27c67890c2d9083,OUTCOME_AND_HASH_MATCH,+bad,3947,3957,-0.25
opengl,pfifo_array_elements.array_element_pgr2,leaf,PASS,PASS,bbc8b0702ffd0325,bbc8b0702ffd0325,OUTCOME_AND_HASH_MATCH,+bad,1225,1223,+0.16
opengl,pfifo_array_elements.array_element16,leaf,PASS,PASS,9c884de2a5d32325,9c884de2a5d32325,OUTCOME_AND_HASH_MATCH,+bad,1345,1340,+0.37
opengl,pfifo_array_elements.array_element32,leaf,PASS,PASS,e079f0cf1a994325,e079f0cf1a994325,OUTCOME_AND_HASH_MATCH,+bad,1331,1337,-0.45
opengl,pfifo_packet_boundary.array_element16_overflow,leaf,PASS,PASS,4d1756526f052325,4d1756526f052325,OUTCOME_AND_HASH_MATCH,+bad,15486,14713,+4.99
opengl,pfifo_packet_boundary.array_element32_overflow,leaf,PASS,PASS,6eb7071be692a325,6eb7071be692a325,OUTCOME_AND_HASH_MATCH,+bad,30311,29364,+3.12
opengl,pfifo_packet_boundary.inline_array_overflow,leaf,PASS,PASS,847da1930526a325,847da1930526a325,OUTCOME_AND_HASH_MATCH,+bad,30871,29105,+5.72
opengl,pfifo_packet_boundary.incrementing_inline_fallback,leaf,PASS,PASS,640439ee8ecd2325,640439ee8ecd2325,OUTCOME_AND_HASH_MATCH,+bad,432,355,+17.82
opengl,texture_cubemap_fallback.unbordered_subblock_dxt1,leaf,FAIL,FAIL,0a68f0aa371576a5,0a68f0aa371576a5,OUTCOME_AND_HASH_MATCH,,16631,16668,
opengl,pipeline_texture_switch.clear_texture_normal,leaf,PASS,PASS,22ba4f1405cda325,22ba4f1405cda325,OUTCOME_AND_HASH_MATCH,+bad,9414,9132,+3.00
opengl,pipeline_texture_switch.palette_dma_remap,leaf,PASS,PASS,fbf687de65082325,fbf687de65082325,OUTCOME_AND_HASH_MATCH,+bad,18755,18922,-0.89
opengl,pipeline_texture_switch.palette_only_update,leaf,PASS,PASS,467aab2f95cda325,467aab2f95cda325,OUTCOME_AND_HASH_MATCH,+bad,17992,17476,+2.87
opengl,pipeline_texture_switch.sampler_only_identity,leaf,PASS,PASS,0b8438c8404da325,0b8438c8404da325,OUTCOME_AND_HASH_MATCH,+bad,20491,20547,-0.27
opengl,pipeline_texture_switch.shader_negative_control,leaf,PASS,PASS,f110c8bd6338c325,f110c8bd6338c325,OUTCOME_AND_HASH_MATCH,+bad,17268,16861,+2.36
opengl,pipeline_texture_switch.shared_page_overlap,leaf,PASS,PASS,83bb59a8648da325,83bb59a8648da325,OUTCOME_AND_HASH_MATCH,+bad,18444,18154,+1.57
opengl,pipeline_texture_switch.texture_dma_remap,leaf,PASS,PASS,fbf687de65082325,fbf687de65082325,OUTCOME_AND_HASH_MATCH,+bad,18873,19117,-1.29
opengl,pipeline_texture_switch.texture_switch,leaf,PASS,PASS,8ae05d31fb00c325,8ae05d31fb00c325,OUTCOME_AND_HASH_MATCH,+bad,17352,17373,-0.12
opengl,primitive_type.line_loop.fixed_function,leaf,PASS,PASS,e029a36a3b91c6cc,e029a36a3b91c6cc,OUTCOME_AND_HASH_MATCH,+bad,729,765,-4.94
opengl,primitive_type.line_loop.vertex_shader,leaf,PASS,PASS,e029a36a3b91c6cc,e029a36a3b91c6cc,OUTCOME_AND_HASH_MATCH,+bad,728,718,+1.37
opengl,primitive_type.line_strip.fixed_function,leaf,PASS,PASS,05e55de77521d31a,05e55de77521d31a,OUTCOME_AND_HASH_MATCH,+bad,723,763,-5.53
opengl,primitive_type.line_strip.vertex_shader,leaf,PASS,PASS,05e55de77521d31a,05e55de77521d31a,OUTCOME_AND_HASH_MATCH,+bad,758,732,+3.43
opengl,primitive_type.lines.fixed_function,leaf,PASS,PASS,e1c19d5c7e7898ab,e1c19d5c7e7898ab,OUTCOME_AND_HASH_MATCH,+bad,1412,1375,+2.62
opengl,primitive_type.lines.vertex_shader,leaf,PASS,PASS,e1c19d5c7e7898ab,e1c19d5c7e7898ab,OUTCOME_AND_HASH_MATCH,+bad,1380,1404,-1.74
opengl,primitive_type.points.fixed_function,leaf,PASS,PASS,5b296619f665c070,5b296619f665c070,OUTCOME_AND_HASH_MATCH,+bad,706,712,-0.85
opengl,primitive_type.points.vertex_shader,leaf,PASS,PASS,5b296619f665c070,5b296619f665c070,OUTCOME_AND_HASH_MATCH,+bad,714,714,+0.00
opengl,primitive_type.polygon.fixed_function,leaf,PASS,PASS,2c4beaa06aba1000,2c4beaa06aba1000,OUTCOME_AND_HASH_MATCH,+bad,718,717,+0.14
opengl,primitive_type.polygon.vertex_shader,leaf,PASS,PASS,2c4beaa06aba1000,2c4beaa06aba1000,OUTCOME_AND_HASH_MATCH,+bad,727,743,-2.20
opengl,primitive_type.quad_strip.fixed_function,leaf,PASS,PASS,f64b4495347cec73,f64b4495347cec73,OUTCOME_AND_HASH_MATCH,+bad,1410,1397,+0.92
opengl,primitive_type.quad_strip.vertex_shader,leaf,PASS,PASS,f64b4495347cec73,f64b4495347cec73,OUTCOME_AND_HASH_MATCH,+bad,1400,1411,-0.79
opengl,primitive_type.quads.fixed_function,leaf,PASS,PASS,114a1419338256e5,114a1419338256e5,OUTCOME_AND_HASH_MATCH,+bad,2132,2194,-2.91
opengl,primitive_type.quads.vertex_shader,leaf,PASS,PASS,114a1419338256e5,114a1419338256e5,OUTCOME_AND_HASH_MATCH,+bad,2189,2268,-3.61
opengl,primitive_type.triangle_fan.fixed_function,leaf,PASS,PASS,36644f0fd11db166,36644f0fd11db166,OUTCOME_AND_HASH_MATCH,+bad,712,723,-1.54
opengl,primitive_type.triangle_fan.vertex_shader,leaf,PASS,PASS,36644f0fd11db166,36644f0fd11db166,OUTCOME_AND_HASH_MATCH,+bad,726,716,+1.38
opengl,primitive_type.triangle_strip.fixed_function,leaf,PASS,PASS,d7b289579fdaa1ab,d7b289579fdaa1ab,OUTCOME_AND_HASH_MATCH,+bad,702,713,-1.57
opengl,primitive_type.triangle_strip.vertex_shader,leaf,PASS,PASS,d7b289579fdaa1ab,d7b289579fdaa1ab,OUTCOME_AND_HASH_MATCH,+bad,729,886,-21.54
opengl,primitive_type.triangles.fixed_function,leaf,PASS,PASS,72f05baf369ceb60,72f05baf369ceb60,OUTCOME_AND_HASH_MATCH,+bad,1874,1898,-1.28
opengl,primitive_type.triangles.vertex_shader,leaf,PASS,PASS,72f05baf369ceb60,72f05baf369ceb60,OUTCOME_AND_HASH_MATCH,+bad,1879,1982,-5.48
opengl,report_query.clear_boundary,leaf,PASS,PASS,b5eb7c4b9c8da325,b5eb7c4b9c8da325,OUTCOME_AND_HASH_MATCH,+bad,648,570,+12.04
opengl,report_query.dma_descriptor_rewrite,leaf,PASS,PASS,c0c0fdbececda325,c0c0fdbececda325,OUTCOME_AND_HASH_MATCH,+bad,6259,4959,+20.77
opengl,report_query.dma_range_guard,leaf,FAIL,FAIL,3f648ce11a4da325,3f648ce11a4da325,OUTCOME_AND_HASH_MATCH,,10058216,10091330,
opengl,report_query.dma_target_switch,leaf,PASS,PASS,4c4bd8cd440da325,4c4bd8cd440da325,OUTCOME_AND_HASH_MATCH,+bad,1280,1285,-0.39
opengl,report_query.fifo_producer_ordering,leaf,PASS,PASS,0d907c24a88da325,0d907c24a88da325,OUTCOME_AND_HASH_MATCH,+bad,1496,1934,-29.28
opengl,report_query.multiple_boundaries,leaf,PASS,PASS,0c966fc9ba4da325,0c966fc9ba4da325,OUTCOME_AND_HASH_MATCH,+bad,464,578,-24.57
opengl,report_query.single_boundary,leaf,PASS,PASS,60e674c9fecda325,60e674c9fecda325,OUTCOME_AND_HASH_MATCH,+bad,489,705,-44.17
opengl,report_query.zero_query,leaf,PASS,PASS,23875dfeb40da325,23875dfeb40da325,OUTCOME_AND_HASH_MATCH,+bad,48,124,-158.33
opengl,surface.basic,leaf,PASS,PASS,0f44c0df337b52bc,0f44c0df337b52bc,OUTCOME_AND_HASH_MATCH,+bad,14194,14309,-0.81
opengl,surface.cpu_read_after_gpu_write,leaf,PASS,PASS,76ea18af98322325,76ea18af98322325,OUTCOME_AND_HASH_MATCH,+bad,608,614,-0.99
opengl,surface.cpu_read_clean_surface,leaf,PASS,PASS,d3267b427820a325,d3267b427820a325,OUTCOME_AND_HASH_MATCH,+bad,61,62,-1.64
opengl,surface.framebuffer_working_set_002,leaf,PASS,PASS,9f3b0609a42777d5,9f3b0609a42777d5,OUTCOME_AND_HASH_MATCH,+bad,1665,1236,+25.77
opengl,surface.framebuffer_working_set_008,leaf,PASS,PASS,64cbf95dec8f59e5,64cbf95dec8f59e5,OUTCOME_AND_HASH_MATCH,+bad,1559,1565,-0.38
opengl,surface.framebuffer_working_set_032,leaf,PASS,PASS,a6116feb11a28c25,a6116feb11a28c25,OUTCOME_AND_HASH_MATCH,+bad,1546,1555,-0.58
opengl,surface.framebuffer_working_set_064,leaf,PASS,PASS,a6116feb11a28c25,a6116feb11a28c25,OUTCOME_AND_HASH_MATCH,+bad,1681,1537,+8.57
opengl,surface.full_clear_elision_guard,leaf,PASS,PASS,4f05ccd43f43d495,4f05ccd43f43d495,OUTCOME_AND_HASH_MATCH,+bad,1430,1424,+0.42
opengl,surface.overlapping_surface_churn_representative,leaf,PASS,PASS,caf66d4bf5691525,caf66d4bf5691525,OUTCOME_AND_HASH_MATCH,+bad,2027,2060,-1.63
opengl,surface.overlapping_surface_churn_stress,leaf,PASS,PASS,caf66d4bf5691525,caf66d4bf5691525,OUTCOME_AND_HASH_MATCH,+bad,27940,28524,-2.09
opengl,surface.partial_channel_clear_guard,leaf,PASS,PASS,eb2cb498aa73af25,eb2cb498aa73af25,OUTCOME_AND_HASH_MATCH,+bad,1431,1428,+0.21
opengl,surface.surface_download_path,leaf,PASS,PASS,2b0e8aac0f8838e8,2b0e8aac0f8838e8,OUTCOME_AND_HASH_MATCH,+bad,13210,13597,-2.93
opengl,surface.surface_list_lookup_002,leaf,PASS,PASS,dce4c9394e7a3f35,dce4c9394e7a3f35,OUTCOME_AND_HASH_MATCH,+bad,1457,1531,-5.08
opengl,surface.surface_list_lookup_008,leaf,PASS,PASS,bf1fe5b8fe78a94d,bf1fe5b8fe78a94d,OUTCOME_AND_HASH_MATCH,+bad,1508,1236,+18.04
opengl,surface.surface_list_lookup_032,leaf,PASS,PASS,c6275b91195a5325,c6275b91195a5325,OUTCOME_AND_HASH_MATCH,+bad,1641,1499,+8.65
opengl,surface.surface_list_lookup_128,leaf,PASS,PASS,c6275b91195a5325,c6275b91195a5325,OUTCOME_AND_HASH_MATCH,+bad,1543,1672,-8.36
opengl,surface.vulkan_memory_pressure.representative.growth,leaf,PASS,PASS,c1b304b452852b25,c1b304b452852b25,OUTCOME_AND_HASH_MATCH,+bad,13990,13942,+0.34
opengl,surface.vulkan_memory_pressure.representative.plateau,leaf,PASS,PASS,730005d86af45b25,730005d86af45b25,OUTCOME_AND_HASH_MATCH,+bad,13370,13619,-1.86
opengl,surface.vulkan_memory_pressure.representative.alias_resize,leaf,PASS,PASS,0c26236493b4d325,0c26236493b4d325,OUTCOME_AND_HASH_MATCH,+bad,16660,14453,+13.25
opengl,surface.vulkan_memory_pressure.representative.reuse,leaf,PASS,PASS,3ba0d18066aacb25,3ba0d18066aacb25,OUTCOME_AND_HASH_MATCH,+bad,14190,13792,+2.80
opengl,surface.vulkan_memory_pressure.representative.idle_retention,leaf,PASS,PASS,3a8651789ea0fa25,3a8651789ea0fa25,OUTCOME_AND_HASH_MATCH,+bad,817,784,+4.04
opengl,surface.vulkan_memory_pressure.representative,group,PASS,PASS,7e188dabb186cb25,7e188dabb186cb25,OUTCOME_AND_HASH_MATCH,,,,
opengl,surface.vulkan_memory_pressure.stress.growth,leaf,PASS,PASS,94cdb4bddb0e4b25,94cdb4bddb0e4b25,OUTCOME_AND_HASH_MATCH,+bad,53632,52954,+1.26
opengl,surface.vulkan_memory_pressure.stress.plateau,leaf,PASS,PASS,196f33989be28325,196f33989be28325,OUTCOME_AND_HASH_MATCH,+bad,54193,52551,+3.03
opengl,surface.vulkan_memory_pressure.stress.alias_resize,leaf,PASS,PASS,84a8d75f1f9d1b25,84a8d75f1f9d1b25,OUTCOME_AND_HASH_MATCH,+bad,58378,56405,+3.38
opengl,surface.vulkan_memory_pressure.stress.reuse,leaf,PASS,PASS,fb2a6abd1cbfc725,fb2a6abd1cbfc725,OUTCOME_AND_HASH_MATCH,+bad,56411,56315,+0.17
opengl,surface.vulkan_memory_pressure.stress.idle_retention,leaf,PASS,PASS,430711a262877725,430711a262877725,OUTCOME_AND_HASH_MATCH,+bad,872,913,-4.70
opengl,surface.vulkan_memory_pressure.stress,group,PASS,PASS,7e188dabb186cb25,7e188dabb186cb25,OUTCOME_AND_HASH_MATCH,,,,
opengl,tiny_draw.arrays.fixed_function,leaf,PASS,PASS,acf025546cf667b5,acf025546cf667b5,OUTCOME_AND_HASH_MATCH,+bad,20742,20806,-0.31
opengl,tiny_draw.arrays.vertex_shader,leaf,PASS,PASS,acf025546cf667b5,acf025546cf667b5,OUTCOME_AND_HASH_MATCH,+bad,20532,20702,-0.83
opengl,tiny_draw.inline_arrays.fixed_function,leaf,PASS,PASS,acf025546cf667b5,acf025546cf667b5,OUTCOME_AND_HASH_MATCH,+bad,78865,80107,-1.57
opengl,tiny_draw.inline_arrays.vertex_shader,leaf,PASS,PASS,acf025546cf667b5,acf025546cf667b5,OUTCOME_AND_HASH_MATCH,+bad,75798,76437,-0.84
opengl,tiny_draw.inline_buffers.fixed_function,leaf,PASS,PASS,acf025546cf667b5,acf025546cf667b5,OUTCOME_AND_HASH_MATCH,+bad,75561,76376,-1.08
opengl,tiny_draw.inline_buffers.vertex_shader,leaf,PASS,PASS,acf025546cf667b5,acf025546cf667b5,OUTCOME_AND_HASH_MATCH,+bad,74369,75351,-1.32
opengl,tiny_draw.inline_elements.fixed_function,leaf,PASS,PASS,acf025546cf667b5,acf025546cf667b5,OUTCOME_AND_HASH_MATCH,+bad,20913,20658,+1.22
opengl,tiny_draw.inline_elements.vertex_shader,leaf,PASS,PASS,acf025546cf667b5,acf025546cf667b5,OUTCOME_AND_HASH_MATCH,+bad,21040,20900,+0.67
opengl,uniform_thrash.uniform_thrash,leaf,PASS,PASS,09eb5907ef624c25,09eb5907ef624c25,OUTCOME_AND_HASH_MATCH,+bad,1936,1807,+6.66
opengl,vertex_buffer_allocation.mixed.arrays,leaf,PASS,PASS,377e6c029807f325,377e6c029807f325,OUTCOME_AND_HASH_MATCH,+bad,24287,23987,+1.24
opengl,vertex_buffer_allocation.mixed.inline_arrays,leaf,PASS,PASS,377e6c029807f325,377e6c029807f325,OUTCOME_AND_HASH_MATCH,+bad,122747,123920,-0.96
opengl,vertex_buffer_allocation.mixed.inline_buffers,leaf,PASS,PASS,377e6c029807f325,377e6c029807f325,OUTCOME_AND_HASH_MATCH,+bad,532119,526863,+0.99
opengl,vertex_buffer_allocation.mixed.inline_elements,leaf,PASS,PASS,377e6c029807f325,377e6c029807f325,OUTCOME_AND_HASH_MATCH,+bad,32608,32360,+0.76
opengl,vertex_buffer_allocation.tiny.arrays,leaf,PASS,PASS,377e6c029807f325,377e6c029807f325,OUTCOME_AND_HASH_MATCH,+bad,28913,29060,-0.51
opengl,vertex_buffer_allocation.tiny.inline_arrays,leaf,PASS,PASS,377e6c029807f325,377e6c029807f325,OUTCOME_AND_HASH_MATCH,+bad,90597,89656,+1.04
opengl,vertex_buffer_allocation.tiny.inline_buffers,leaf,PASS,PASS,377e6c029807f325,377e6c029807f325,OUTCOME_AND_HASH_MATCH,+bad,107770,109310,-1.43
opengl,vertex_buffer_allocation.tiny.inline_elements,leaf,PASS,PASS,377e6c029807f325,377e6c029807f325,OUTCOME_AND_HASH_MATCH,+bad,28825,28957,-0.46
opengl,vertex_buffer_allocation.rising_transient_growth,leaf,PASS,PASS,377e6c029807f325,377e6c029807f325,OUTCOME_AND_HASH_MATCH,+bad,598297,610322,-2.01
opengl,vertex_buffer_allocation.disjoint_same_page,leaf,PASS,PASS,fdcd25a37910bb25,fdcd25a37910bb25,OUTCOME_AND_HASH_MATCH,+bad,22453,22277,+0.78
opengl,vertex_buffer_allocation.ordered_same_page_overwrite,leaf,PASS,PASS,bbc8caeedc9dff25,bbc8caeedc9dff25,OUTCOME_AND_HASH_MATCH,+bad,16395,16630,-1.43
