"Workload","Renderer","Role","Hybrid","Cache","Run","FPS","Average_ms","P95_ms","P99_ms","Maximum_ms","Stalls","Frames","Status"
"pgr2_snapshot","opengl","fixed_baseline","Off","none","01-pgr2_snapshot-baseline-opengl","28.560","35.016","42.995","48.076","60.681","0","1714","passed"
"pgr2_snapshot","opengl","candidate","Off","none","02-pgr2_snapshot-candidate-opengl","29.057","34.372","41.448","45.813","61.050","0","1746","passed"
"pgr2_snapshot","opengl","previous_main","Off","none","03-pgr2_snapshot-previous-opengl","29.483","33.919","40.402","43.538","60.330","0","1769","passed"
"pgr2_snapshot","vulkan","fixed_baseline","Off","none","04-pgr2_snapshot-baseline-vulkan-b1","29.226","34.204","40.529","46.183","65.577","0","1753","passed"
"pgr2_snapshot","vulkan","candidate","Off","cold","05-pgr2_snapshot-candidate-vulkan-off-cold-r1","29.418","34.010","39.840","44.360","56.887","0","1764","passed"
"pgr2_snapshot","vulkan","candidate","Off","warm","06-pgr2_snapshot-candidate-vulkan-off-warm-r1","29.140","34.302","40.730","44.451","62.279","0","1749","passed"
"pgr2_snapshot","vulkan","previous_main","Off","none","07-pgr2_snapshot-previous-vulkan-b1","29.231","34.222","40.682","45.110","65.240","0","1753","passed"
"pgr2_snapshot","vulkan","candidate","Off","cold","08-pgr2_snapshot-candidate-vulkan-off-cold-r2","29.484","33.887","39.444","44.396","61.103","0","1770","passed"
"pgr2_snapshot","vulkan","candidate","On","cold","09-pgr2_snapshot-candidate-vulkan-on-cold-r1","28.679","34.877","41.213","49.004","667.100","4","1720","passed"
"pgr2_snapshot","vulkan","candidate","On","warm","10-pgr2_snapshot-candidate-vulkan-on-warm-r1","29.192","34.257","41.261","45.249","58.213","0","1752","passed"
"pgr2_snapshot","vulkan","candidate","On","cold","11-pgr2_snapshot-candidate-vulkan-on-cold-r2","28.992","34.500","41.015","46.022","76.099","1","1739","passed"
"pgr2_snapshot","vulkan","fixed_baseline","Off","none","12-pgr2_snapshot-baseline-vulkan-b2","28.024","35.766","43.356","48.828","74.633","0","1678","passed"
"pgr2_snapshot","vulkan","previous_main","Off","none","13-pgr2_snapshot-previous-vulkan-b2","29.301","34.087","40.462","43.658","61.602","0","1760","passed"
"pgr2_full_start","opengl","fixed_baseline","Off","none","13-pgr2_full_start-baseline-opengl","29.996","33.337","33.479","35.038","41.215","0","3600","passed"
"pgr2_full_start","opengl","candidate","Off","none","14-pgr2_full_start-candidate-opengl","30.000","33.333","33.697","35.044","48.586","0","3602","passed"
"pgr2_full_start","opengl","previous_main","Off","none","15-pgr2_full_start-previous-opengl","30.000","33.333","33.686","33.992","42.349","0","3603","passed"
"pgr2_full_start","vulkan","fixed_baseline","Off","none","16-pgr2_full_start-baseline-vulkan-b1","30.000","33.333","33.388","34.272","45.177","0","3601","passed"
"pgr2_full_start","vulkan","candidate","Off","cold","17-pgr2_full_start-candidate-vulkan-off-cold-r1","30.000","33.333","33.665","33.782","40.865","0","3599","passed"
"pgr2_full_start","vulkan","candidate","Off","warm","18-pgr2_full_start-candidate-vulkan-off-warm-r1","30.000","33.333","33.551","33.791","34.529","0","3602","passed"
"pgr2_full_start","vulkan","previous_main","Off","none","19-pgr2_full_start-previous-vulkan-b1","30.000","33.333","33.621","33.804","34.433","0","3601","passed"
"pgr2_full_start","vulkan","candidate","Off","cold","20-pgr2_full_start-candidate-vulkan-off-cold-r2","30.000","33.333","33.564","33.967","39.052","0","3601","passed"
"pgr2_full_start","vulkan","candidate","On","cold","21-pgr2_full_start-candidate-vulkan-on-cold-r1","30.000","33.333","33.659","33.843","50.300","0","3602","passed"
"pgr2_full_start","vulkan","candidate","On","warm","22-pgr2_full_start-candidate-vulkan-on-warm-r1","30.000","33.333","33.630","33.782","34.636","0","3602","passed"
"pgr2_full_start","vulkan","candidate","On","cold","23-pgr2_full_start-candidate-vulkan-on-cold-r2","30.000","33.333","33.529","33.903","41.617","0","3603","passed"
"pgr2_full_start","vulkan","fixed_baseline","Off","none","24-pgr2_full_start-baseline-vulkan-b2","30.000","33.333","33.391","34.303","36.143","0","3602","passed"
"pgr2_full_start","vulkan","previous_main","Off","none","25-pgr2_full_start-previous-vulkan-b2","30.000","33.333","33.532","34.036","34.771","0","3602","passed"
"morrowind_snapshot","opengl","fixed_baseline","Off","none","25-morrowind-snapshot-baseline-opengl","34.473","29.009","36.142","40.706","45.407","0","2068","passed"
"morrowind_snapshot","opengl","candidate","Off","none","26-morrowind-snapshot-candidate-opengl","34.123","29.306","36.493","41.401","56.742","0","2047","passed"
"morrowind_snapshot","opengl","previous_main","Off","none","27-morrowind-snapshot-previous-opengl","34.632","28.875","36.078","40.748","76.279","1","2077","passed"
"morrowind_snapshot","vulkan","fixed_baseline","Off","none","28-morrowind-snapshot-baseline-vulkan-b1","24.136","41.432","48.091","54.179","62.380","0","1447","passed"
"morrowind_snapshot","vulkan","candidate","Off","cold","29-morrowind-snapshot-candidate-vulkan-off-cold-r1","23.725","42.150","48.424","54.364","69.787","0","1422","passed"
"morrowind_snapshot","vulkan","candidate","Off","warm","30-morrowind-snapshot-candidate-vulkan-off-warm-r1","24.075","41.536","47.408","54.759","61.400","0","1443","passed"
"morrowind_snapshot","vulkan","previous_main","Off","none","31-morrowind-snapshot-previous-vulkan-b1","24.282","41.184","47.216","53.730","60.886","0","1456","passed"
"morrowind_snapshot","vulkan","candidate","Off","cold","32-morrowind-snapshot-candidate-vulkan-off-cold-r2","24.324","41.111","47.948","53.422","64.288","0","1459","passed"
"morrowind_snapshot","vulkan","candidate","On","cold","33-morrowind-snapshot-candidate-vulkan-on-cold-r1","23.636","42.309","50.118","55.680","106.983","1","1417","passed"
"morrowind_snapshot","vulkan","candidate","On","warm","34-morrowind-snapshot-candidate-vulkan-on-warm-r1","24.055","41.571","47.936","53.801","61.634","0","1442","passed"
"morrowind_snapshot","vulkan","candidate","On","cold","35-morrowind-snapshot-candidate-vulkan-on-cold-r2","24.101","41.492","47.260","54.049","67.325","0","1445","passed"
"morrowind_snapshot","vulkan","fixed_baseline","Off","none","36-morrowind-snapshot-baseline-vulkan-b2","24.421","40.948","47.612","54.062","61.856","0","1464","passed"
"morrowind_snapshot","vulkan","previous_main","Off","none","37-morrowind-snapshot-previous-vulkan-b2","24.158","41.394","47.963","53.519","63.074","0","1449","passed"
