"Build","Renderer","ID","Outcome","Iterations","Samples","Average_us","Median_us","Minimum_us","Maximum_us","Total_us","Timing_use"
"previous-main","opengl","busy_pfifo.pfifo_saturation","PASS","10","10","102170","102118.5","100577","104095","1021702","Context only: live-marker waiver; no PR-grade performance claim"
"previous-main","opengl","busy_pfifo.pgraph_pattern_polling","PASS","1","1","4915050","4915050","4915050","4915050","4915050","Context only: live-marker waiver; no PR-grade performance claim"
"previous-main","opengl","cpu_floating_point.sse_scalar","PASS","10","10","498543","499118","490792","502959","4985430","Context only: live-marker waiver; no PR-grade performance claim"
"previous-main","opengl","cpu_floating_point.x87_scalar","PASS","10","10","784567","783905","782333","787961","7845677","Context only: live-marker waiver; no PR-grade performance claim"
"previous-main","opengl","cpu_translation_blocks.direct_loop","PASS","10","10","9952","9953","9810","10287","99525","Context only: live-marker waiver; no PR-grade performance claim"
"previous-main","opengl","cpu_translation_blocks.indirect_dispatch","PASS","10","10","39803","39780","39059","40361","398031","Context only: live-marker waiver; no PR-grade performance claim"
"previous-main","opengl","cpu_translation_blocks.indirect_dispatch_stress","PASS","10","10","790405","790554","786808","792699","7904052","Context only: live-marker waiver; no PR-grade performance claim"
"previous-main","opengl","fill_rate.solid","PASS","10","10","1967","1969.5","1360","2571","19678","Context only: live-marker waiver; no PR-grade performance claim"
"previous-main","opengl","fill_rate.textured","PASS","10","10","1883","1888","1233","2294","18836","Context only: live-marker waiver; no PR-grade performance claim"
"previous-main","opengl","game_load.long_unlocked_scene.cpu","PASS","8","8","24273","24116","24018","25148","194190","Context only: live-marker waiver; no PR-grade performance claim"
"previous-main","opengl","game_load.long_unlocked_scene.pfifo","PASS","8","8","5082","5029","4743","5632","40656","Context only: live-marker waiver; no PR-grade performance claim"
"previous-main","opengl","game_load.long_unlocked_scene.alpha_overdraw","PASS","8","8","34505","34360.5","34035","35046","276043","Context only: live-marker waiver; no PR-grade performance claim"
"previous-main","opengl","game_load.long_unlocked_scene.streaming_surface_reuse","PASS","8","8","8758","8787","8268","9319","70065","Context only: live-marker waiver; no PR-grade performance claim"
"previous-main","opengl","game_load.long_unlocked_scene.combined","PASS","8","8","71891","71533","70420","74208","575133","Context only: live-marker waiver; no PR-grade performance claim"
"previous-main","opengl","game_load.long_unlocked_scene.full_system","PASS","8","8","72149","72213.5","70833","73737","577193","Context only: live-marker waiver; no PR-grade performance claim"
"previous-main","opengl","game_load.cross_title_hotpath.queued_vertex_cpu_writes","PASS","8","8","51771","50452.5","48759","63565","414175","Context only: live-marker waiver; no PR-grade performance claim"
"previous-main","opengl","game_load.cross_title_hotpath.pgr2_small_draws","PASS","8","8","108368","108629","106865","109528","866949","Context only: live-marker waiver; no PR-grade performance claim"
"previous-main","opengl","game_load.cross_title_hotpath.texture_update_reuse","PASS","8","8","2973","3013","2694","3251","23784","Context only: live-marker waiver; no PR-grade performance claim"
"previous-main","opengl","game_load.cross_title_hotpath.surface_reuse","PASS","8","8","6074","6052","5677","6613","48599","Context only: live-marker waiver; no PR-grade performance claim"
"previous-main","opengl","game_load.cross_title_hotpath.pipeline_state_churn","PASS","8","8","66645","66792","65742","67245","533162","Context only: live-marker waiver; no PR-grade performance claim"
"previous-main","opengl","game_load.cross_title_hotpath.blend_constant_reuse","PASS","8","8","100422","100157","98619","103415","803377","Context only: live-marker waiver; no PR-grade performance claim"
"previous-main","opengl","game_load.cross_title_hotpath.texture_binding_reuse","PASS","8","8","147167","149217","135523","151492","1177339","Context only: live-marker waiver; no PR-grade performance claim"
"previous-main","opengl","game_load.cross_title_hotpath.pgr2_lagspot_inline_elements","PASS","8","8","99596","99777","96244","101466","796774","Context only: live-marker waiver; no PR-grade performance claim"
"previous-main","opengl","game_load.cross_title_hotpath.scaled_surface_pressure","PASS","8","8","231386","232405","218505","239391","1851090","Context only: live-marker waiver; no PR-grade performance claim"
"previous-main","opengl","game_load.cross_title_hotpath.s3tc_streaming_fenced_draws","PASS","8","8","2018064","2014602","1998318","2047738","16144519","Context only: live-marker waiver; no PR-grade performance claim"
"previous-main","opengl","game_load.cross_title_hotpath.gpu_wait_control","PASS","8","8","2486","2447.5","2293","2809","19895","Context only: live-marker waiver; no PR-grade performance claim"
"previous-main","opengl","game_load.s3tc_sync_factor.dxt1_same_address_wait","PASS","8","8","17778","16857","14846","25748","142227","Context only: live-marker waiver; no PR-grade performance claim"
"previous-main","opengl","game_load.s3tc_sync_factor.dxt1_same_address_queued","PASS","8","8","15394","16426.5","6669","17680","123153","Context only: live-marker waiver; no PR-grade performance claim"
"previous-main","opengl","game_load.s3tc_sync_factor.dxt1_ring_payload_generations","PASS","8","8","15572","16549.5","8239","17859","124582","Context only: live-marker waiver; no PR-grade performance claim"
"previous-main","opengl","game_load.s3tc_sync_factor.dxt1_dirty_once_redraw","PASS","8","8","15318","16572.5","5514","17407","122550","Context only: live-marker waiver; no PR-grade performance claim"
"previous-main","opengl","game_load.s3tc_sync_factor.rgba8_same_address_wait","PASS","8","8","50202","50336","47712","52028","401619","Context only: live-marker waiver; no PR-grade performance claim"
"previous-main","opengl","game_load.s3tc_sync_factor.rgba8_same_address_queued","PASS","8","8","48271","49952.5","36083","50570","386170","Context only: live-marker waiver; no PR-grade performance claim"
"previous-main","opengl","game_load.s3tc_sync_factor.rgba8_ring_payload_generations","PASS","8","8","49057","49820","44294","50360","392459","Context only: live-marker waiver; no PR-grade performance claim"
"previous-main","opengl","game_load.s3tc_sync_factor.rgba8_dirty_once_redraw","PASS","8","8","16088","16625.5","12747","16923","128710","Context only: live-marker waiver; no PR-grade performance claim"
"previous-main","opengl","game_load.s3tc_sync_factor.bc2_native_eligible","PASS","8","8","15922","16445.5","11082","17535","127383","Context only: live-marker waiver; no PR-grade performance claim"
"previous-main","opengl","game_load.s3tc_sync_factor.bc2_bordered_fallback","PASS","8","8","50289","50231.5","48912","51515","402318","Context only: live-marker waiver; no PR-grade performance claim"
"previous-main","opengl","game_load.s3tc_sync_factor.bc3_native_eligible","PASS","8","8","16631","16712","15367","17443","133048","Context only: live-marker waiver; no PR-grade performance claim"
"previous-main","opengl","game_load.s3tc_sync_factor.bc3_bordered_fallback","PASS","8","8","50274","49880.5","49407","52110","402197","Context only: live-marker waiver; no PR-grade performance claim"
"previous-main","opengl","game_load.repeated_display","PASS","8","8","16654","16626","16258","17081","133234","Context only: live-marker waiver; no PR-grade performance claim"
"previous-main","opengl","game_load.repeated_display_boosted","PASS","8","8","49996","49966","49038","51009","399971","Context only: live-marker waiver; no PR-grade performance claim"
"previous-main","opengl","game_load.doax_menu_representative.cpu_only","PASS","8","8","13787","13876","13238","14002","110300","Context only: live-marker waiver; no PR-grade performance claim"
"previous-main","opengl","game_load.doax_menu_representative.pfifo_only","PASS","8","8","2521","2520","2430","2677","20171","Context only: live-marker waiver; no PR-grade performance claim"
"previous-main","opengl","game_load.doax_menu_representative.gpu_only","PASS","8","8","17178","17203.5","16930","17474","137430","Context only: live-marker waiver; no PR-grade performance claim"
"previous-main","opengl","game_load.doax_menu_representative.streaming_only","PASS","8","8","4736","4723","4432","5299","37895","Context only: live-marker waiver; no PR-grade performance claim"
"previous-main","opengl","game_load.doax_menu_representative.cpu_pfifo_gpu","PASS","8","8","33754","33576.5","33436","34497","270033","Context only: live-marker waiver; no PR-grade performance claim"
"previous-main","opengl","game_load.doax_menu_representative.cpu_pfifo_gpu_streaming","PASS","8","8","36511","36533.5","35559","37945","292093","Context only: live-marker waiver; no PR-grade performance claim"
"previous-main","opengl","game_load.doax_menu_representative.full_system","PASS","8","8","36968","36688","35705","40997","295747","Context only: live-marker waiver; no PR-grade performance claim"
"previous-main","opengl","game_load.doax_menu_stress.cpu_only","PASS","8","8","27161","26995","26523","27970","217290","Context only: live-marker waiver; no PR-grade performance claim"
"previous-main","opengl","game_load.doax_menu_stress.pfifo_only","PASS","8","8","4861","4762","4673","5108","38893","Context only: live-marker waiver; no PR-grade performance claim"
"previous-main","opengl","game_load.doax_menu_stress.gpu_only","PASS","8","8","34696","34592.5","34192","35238","277570","Context only: live-marker waiver; no PR-grade performance claim"
"previous-main","opengl","game_load.doax_menu_stress.streaming_only","PASS","8","8","8996","9078.5","8066","10155","71974","Context only: live-marker waiver; no PR-grade performance claim"
"previous-main","opengl","game_load.doax_menu_stress.cpu_pfifo_gpu","PASS","8","8","66489","66505","66169","67053","531915","Context only: live-marker waiver; no PR-grade performance claim"
"previous-main","opengl","game_load.doax_menu_stress.cpu_pfifo_gpu_streaming","PASS","8","8","72235","71705.5","71121","76431","577882","Context only: live-marker waiver; no PR-grade performance claim"
"previous-main","opengl","game_load.doax_menu_stress.full_system","PASS","8","8","73134","72440","71048","79272","585079","Context only: live-marker waiver; no PR-grade performance claim"
"previous-main","opengl","game_load.pgr2_ai_backup.cpu_only","PASS","8","8","43034","42999","42474","43768","344279","Context only: live-marker waiver; no PR-grade performance claim"
"previous-main","opengl","game_load.pgr2_ai_backup.pfifo_only","PASS","8","8","16944","16964.5","16732","17216","135558","Context only: live-marker waiver; no PR-grade performance claim"
"previous-main","opengl","game_load.pgr2_ai_backup.gpu_only","PASS","8","8","89370","89473","88090","90231","714965","Context only: live-marker waiver; no PR-grade performance claim"
"previous-main","opengl","game_load.pgr2_ai_backup.streaming_only","PASS","8","8","3552","3272.5","3022","4618","28423","Context only: live-marker waiver; no PR-grade performance claim"
"previous-main","opengl","game_load.pgr2_ai_backup.cpu_pfifo_gpu","PASS","8","8","150161","149630","148117","155433","1201292","Context only: live-marker waiver; no PR-grade performance claim"
"previous-main","opengl","game_load.pgr2_ai_backup.cpu_pfifo_gpu_streaming","PASS","8","8","149872","149866.5","148203","151692","1198983","Context only: live-marker waiver; no PR-grade performance claim"
"previous-main","opengl","game_load.pgr2_ai_backup.full_system","PASS","8","8","151367","150919","150066","153613","1210937","Context only: live-marker waiver; no PR-grade performance claim"
"previous-main","opengl","high_vertex_count.arrays","PASS","100","100","204","69.5","56","1740","20452","Context only: live-marker waiver; no PR-grade performance claim"
"previous-main","opengl","high_vertex_count.inline_arrays","PASS","10","10","44908","44803","44014","46954","449089","Context only: live-marker waiver; no PR-grade performance claim"
"previous-main","opengl","high_vertex_count.inline_buffers","PASS","5","5","227218","226794","225929","230191","1136090","Context only: live-marker waiver; no PR-grade performance claim"
"previous-main","opengl","high_vertex_count.inline_elements","PASS","50","50","3945","3940.5","3658","4397","197280","Context only: live-marker waiver; no PR-grade performance claim"
"previous-main","opengl","pfifo_array_elements.array_element_pgr2","PASS","8","8","1205","1194","627","1841","9646","Context only: live-marker waiver; no PR-grade performance claim"
"previous-main","opengl","pfifo_array_elements.array_element16","PASS","8","8","1271","1298","603","1695","10168","Context only: live-marker waiver; no PR-grade performance claim"
"previous-main","opengl","pfifo_array_elements.array_element32","PASS","8","8","1462","1327.5","1145","1964","11698","Context only: live-marker waiver; no PR-grade performance claim"
"previous-main","opengl","pfifo_packet_boundary.array_element16_overflow","PASS","1","1","15667","15667","15667","15667","15667","Context only: live-marker waiver; no PR-grade performance claim"
"previous-main","opengl","pfifo_packet_boundary.array_element32_overflow","PASS","1","1","31017","31017","31017","31017","31017","Context only: live-marker waiver; no PR-grade performance claim"
"previous-main","opengl","pfifo_packet_boundary.inline_array_overflow","PASS","1","1","30138","30138","30138","30138","30138","Context only: live-marker waiver; no PR-grade performance claim"
"previous-main","opengl","pfifo_packet_boundary.incrementing_inline_fallback","PASS","1","1","132","132","132","132","132","Context only: live-marker waiver; no PR-grade performance claim"
"previous-main","opengl","texture_cubemap_fallback.unbordered_subblock_dxt1","FAIL","8","8","16684","16778.5","15325","18339","133472","Context only: live-marker waiver; no PR-grade performance claim"
"previous-main","opengl","pipeline_texture_switch.clear_texture_normal","PASS","8","8","9980","9916","9122","11038","79846","Context only: live-marker waiver; no PR-grade performance claim"
"previous-main","opengl","pipeline_texture_switch.palette_only_update","PASS","1","1","19819","19819","19819","19819","19819","Context only: live-marker waiver; no PR-grade performance claim"
"previous-main","opengl","pipeline_texture_switch.sampler_only_identity","PASS","8","8","22462","22448.5","21980","23052","179702","Context only: live-marker waiver; no PR-grade performance claim"
"previous-main","opengl","pipeline_texture_switch.shader_negative_control","PASS","8","8","18312","18249","17806","19476","146497","Context only: live-marker waiver; no PR-grade performance claim"
"previous-main","opengl","pipeline_texture_switch.shared_page_overlap","PASS","1","1","19826","19826","19826","19826","19826","Context only: live-marker waiver; no PR-grade performance claim"
"previous-main","opengl","pipeline_texture_switch.texture_switch","PASS","8","8","18452","18354.5","18156","19129","147620","Context only: live-marker waiver; no PR-grade performance claim"
"previous-main","opengl","primitive_type.line_loop.fixed_function","PASS","10","10","820","714","669","1635","8202","Context only: live-marker waiver; no PR-grade performance claim"
"previous-main","opengl","primitive_type.line_loop.vertex_shader","PASS","10","10","764","732","631","1314","7645","Context only: live-marker waiver; no PR-grade performance claim"
"previous-main","opengl","primitive_type.line_strip.fixed_function","PASS","10","10","753","703.5","676","1122","7534","Context only: live-marker waiver; no PR-grade performance claim"
"previous-main","opengl","primitive_type.line_strip.vertex_shader","PASS","10","10","718","670.5","637","1002","7185","Context only: live-marker waiver; no PR-grade performance claim"
"previous-main","opengl","primitive_type.lines.fixed_function","PASS","10","10","1333","1376.5","1052","1512","13333","Context only: live-marker waiver; no PR-grade performance claim"
"previous-main","opengl","primitive_type.lines.vertex_shader","PASS","10","10","1342","1294","1191","1714","13428","Context only: live-marker waiver; no PR-grade performance claim"
"previous-main","opengl","primitive_type.points.fixed_function","PASS","10","10","711","651","634","1234","7113","Context only: live-marker waiver; no PR-grade performance claim"
"previous-main","opengl","primitive_type.points.vertex_shader","PASS","10","10","708","669","651","960","7081","Context only: live-marker waiver; no PR-grade performance claim"
"previous-main","opengl","primitive_type.polygon.fixed_function","PASS","10","10","766","704.5","670","1202","7663","Context only: live-marker waiver; no PR-grade performance claim"
"previous-main","opengl","primitive_type.polygon.vertex_shader","PASS","10","10","749","718","635","1128","7498","Context only: live-marker waiver; no PR-grade performance claim"
"previous-main","opengl","primitive_type.quad_strip.fixed_function","PASS","10","10","1351","1320","1153","1695","13519","Context only: live-marker waiver; no PR-grade performance claim"
"previous-main","opengl","primitive_type.quad_strip.vertex_shader","PASS","10","10","1354","1307","1133","1920","13542","Context only: live-marker waiver; no PR-grade performance claim"
"previous-main","opengl","primitive_type.quads.fixed_function","PASS","10","10","2271","2261","2031","2661","22715","Context only: live-marker waiver; no PR-grade performance claim"
"previous-main","opengl","primitive_type.quads.vertex_shader","PASS","10","10","2312","2248","2053","2666","23126","Context only: live-marker waiver; no PR-grade performance claim"
"previous-main","opengl","primitive_type.triangle_fan.fixed_function","PASS","10","10","737","679.5","629","1127","7374","Context only: live-marker waiver; no PR-grade performance claim"
"previous-main","opengl","primitive_type.triangle_fan.vertex_shader","PASS","10","10","730","701.5","624","1105","7305","Context only: live-marker waiver; no PR-grade performance claim"
"previous-main","opengl","primitive_type.triangle_strip.fixed_function","PASS","10","10","671","664.5","636","753","6713","Context only: live-marker waiver; no PR-grade performance claim"
"previous-main","opengl","primitive_type.triangle_strip.vertex_shader","PASS","10","10","879","839","750","1060","8799","Context only: live-marker waiver; no PR-grade performance claim"
"previous-main","opengl","primitive_type.triangles.fixed_function","PASS","10","10","1910","1922.5","1673","2136","19105","Context only: live-marker waiver; no PR-grade performance claim"
"previous-main","opengl","primitive_type.triangles.vertex_shader","PASS","10","10","1958","1969.5","1884","2019","19585","Context only: live-marker waiver; no PR-grade performance claim"
"previous-main","opengl","report_query.clear_boundary","PASS","4","4","657","701.5","291","934","2628","Context only: live-marker waiver; no PR-grade performance claim"
"previous-main","opengl","report_query.dma_descriptor_rewrite","PASS","1","1","1368","1368","1368","1368","1368","Context only: live-marker waiver; no PR-grade performance claim"
"previous-main","opengl","report_query.dma_range_guard","FAIL","1","1","10024888","10024888","10024888","10024888","10024888","Context only: live-marker waiver; no PR-grade performance claim"
"previous-main","opengl","report_query.dma_target_switch","PASS","4","4","1264","1297.5","1153","1311","5059","Context only: live-marker waiver; no PR-grade performance claim"
"previous-main","opengl","report_query.fifo_producer_ordering","PASS","4","4","1067","987","935","1360","4269","Context only: live-marker waiver; no PR-grade performance claim"
"previous-main","opengl","report_query.multiple_boundaries","PASS","4","4","749","676.5","295","1349","2997","Context only: live-marker waiver; no PR-grade performance claim"
"previous-main","opengl","report_query.single_boundary","PASS","4","4","559","576","334","751","2237","Context only: live-marker waiver; no PR-grade performance claim"
"previous-main","opengl","report_query.zero_query","PASS","4","4","144","30.5","20","495","576","Context only: live-marker waiver; no PR-grade performance claim"
"previous-main","opengl","surface.basic","PASS","10","10","15483","15380.5","14828","16509","154836","Context only: live-marker waiver; no PR-grade performance claim"
"previous-main","opengl","surface.cpu_read_after_gpu_write","PASS","20","20","573","633.5","288","1193","11465","Context only: live-marker waiver; no PR-grade performance claim"
"previous-main","opengl","surface.cpu_read_clean_surface","PASS","100","100","137","63","60","1005","13739","Context only: live-marker waiver; no PR-grade performance claim"
"previous-main","opengl","surface.framebuffer_working_set_002","PASS","20","20","1442","1605.5","1006","2198","28843","Context only: live-marker waiver; no PR-grade performance claim"
"previous-main","opengl","surface.framebuffer_working_set_008","PASS","20","20","1339","1203","967","1888","26780","Context only: live-marker waiver; no PR-grade performance claim"
"previous-main","opengl","surface.framebuffer_working_set_032","PASS","20","20","1385","1386","970","1847","27719","Context only: live-marker waiver; no PR-grade performance claim"
"previous-main","opengl","surface.framebuffer_working_set_064","PASS","20","20","1625","1594.5","1003","2163","32517","Context only: live-marker waiver; no PR-grade performance claim"
"previous-main","opengl","surface.full_clear_elision_guard","PASS","100","100","1420","1348.5","510","5601","142072","Context only: live-marker waiver; no PR-grade performance claim"
"previous-main","opengl","surface.overlapping_surface_churn_representative","PASS","100","100","2130","2001.5","1156","3243","213022","Context only: live-marker waiver; no PR-grade performance claim"
"previous-main","opengl","surface.overlapping_surface_churn_stress","PASS","10","10","27196","27148","26515","28218","271961","Context only: live-marker waiver; no PR-grade performance claim"
"previous-main","opengl","surface.partial_channel_clear_guard","PASS","100","100","1312","1312","651","2703","131225","Context only: live-marker waiver; no PR-grade performance claim"
"previous-main","opengl","surface.surface_download_path","PASS","10","10","12517","12420","11357","14397","125176","Context only: live-marker waiver; no PR-grade performance claim"
"previous-main","opengl","surface.surface_list_lookup_002","PASS","20","20","1566","1583","1071","1947","31334","Context only: live-marker waiver; no PR-grade performance claim"
"previous-main","opengl","surface.surface_list_lookup_008","PASS","20","20","1536","1557.5","1005","2266","30724","Context only: live-marker waiver; no PR-grade performance claim"
"previous-main","opengl","surface.surface_list_lookup_032","PASS","20","20","1404","1491.5","1042","2013","28091","Context only: live-marker waiver; no PR-grade performance claim"
"previous-main","opengl","surface.surface_list_lookup_128","PASS","20","20","1718","1662","1376","2262","34370","Context only: live-marker waiver; no PR-grade performance claim"
"previous-main","opengl","surface.vulkan_memory_pressure.representative.growth","PASS","4","4","13859","13181.5","12468","16606","55437","Context only: live-marker waiver; no PR-grade performance claim"
"previous-main","opengl","surface.vulkan_memory_pressure.representative.plateau","PASS","4","4","12906","12804","12466","13552","51626","Context only: live-marker waiver; no PR-grade performance claim"
"previous-main","opengl","surface.vulkan_memory_pressure.representative.alias_resize","PASS","4","4","14319","13658","12675","17286","57277","Context only: live-marker waiver; no PR-grade performance claim"
"previous-main","opengl","surface.vulkan_memory_pressure.representative.reuse","PASS","4","4","13739","12774.5","12477","16932","54958","Context only: live-marker waiver; no PR-grade performance claim"
"previous-main","opengl","surface.vulkan_memory_pressure.representative.idle_retention","PASS","4","4","737","736.5","607","871","2951","Context only: live-marker waiver; no PR-grade performance claim"
"previous-main","opengl","surface.vulkan_memory_pressure.stress.growth","PASS","4","4","54979","50556.5","49638","69166","219917","Context only: live-marker waiver; no PR-grade performance claim"
"previous-main","opengl","surface.vulkan_memory_pressure.stress.plateau","PASS","4","4","52245","52216","51006","53542","208980","Context only: live-marker waiver; no PR-grade performance claim"
"previous-main","opengl","surface.vulkan_memory_pressure.stress.alias_resize","PASS","4","4","57339","53901","51739","69815","229356","Context only: live-marker waiver; no PR-grade performance claim"
"previous-main","opengl","surface.vulkan_memory_pressure.stress.reuse","PASS","4","4","58189","53143","51311","75159","232756","Context only: live-marker waiver; no PR-grade performance claim"
"previous-main","opengl","surface.vulkan_memory_pressure.stress.idle_retention","PASS","4","4","861","860","850","874","3444","Context only: live-marker waiver; no PR-grade performance claim"
"previous-main","opengl","tiny_draw.arrays.fixed_function","PASS","10","10","22659","22659.5","21833","23242","226599","Context only: live-marker waiver; no PR-grade performance claim"
"previous-main","opengl","tiny_draw.arrays.vertex_shader","PASS","10","10","22756","22725.5","22428","23237","227567","Context only: live-marker waiver; no PR-grade performance claim"
"previous-main","opengl","tiny_draw.inline_arrays.fixed_function","PASS","10","10","77269","77315.5","74579","81986","772690","Context only: live-marker waiver; no PR-grade performance claim"
"previous-main","opengl","tiny_draw.inline_arrays.vertex_shader","PASS","10","10","77067","76961","74067","79221","770672","Context only: live-marker waiver; no PR-grade performance claim"
"previous-main","opengl","tiny_draw.inline_buffers.fixed_function","PASS","10","10","75184","75435.5","70849","80509","751847","Context only: live-marker waiver; no PR-grade performance claim"
"previous-main","opengl","tiny_draw.inline_buffers.vertex_shader","PASS","10","10","70791","71074","67647","75301","707912","Context only: live-marker waiver; no PR-grade performance claim"
"previous-main","opengl","tiny_draw.inline_elements.fixed_function","PASS","10","10","22368","22410.5","21444","23129","223686","Context only: live-marker waiver; no PR-grade performance claim"
"previous-main","opengl","tiny_draw.inline_elements.vertex_shader","PASS","10","10","22684","22671","22161","23198","226847","Context only: live-marker waiver; no PR-grade performance claim"
"previous-main","opengl","uniform_thrash.uniform_thrash","PASS","10","10","1761","1727.5","1151","2192","17615","Context only: live-marker waiver; no PR-grade performance claim"
"previous-main","opengl","vertex_buffer_allocation.mixed.arrays","PASS","10","10","23338","22903","22695","26575","233384","Context only: live-marker waiver; no PR-grade performance claim"
"previous-main","opengl","vertex_buffer_allocation.mixed.inline_arrays","PASS","10","10","130245","130226.5","128243","132766","1302456","Context only: live-marker waiver; no PR-grade performance claim"
"previous-main","opengl","vertex_buffer_allocation.mixed.inline_buffers","PASS","10","10","573484","573255","565586","578214","5734845","Context only: live-marker waiver; no PR-grade performance claim"
"previous-main","opengl","vertex_buffer_allocation.mixed.inline_elements","PASS","10","10","31536","31447","30985","32580","315365","Context only: live-marker waiver; no PR-grade performance claim"
"previous-main","opengl","vertex_buffer_allocation.tiny.arrays","PASS","10","10","29730","29374","29009","30906","297309","Context only: live-marker waiver; no PR-grade performance claim"
"previous-main","opengl","vertex_buffer_allocation.tiny.inline_arrays","PASS","10","10","79582","80622.5","74315","84365","795827","Context only: live-marker waiver; no PR-grade performance claim"
"previous-main","opengl","vertex_buffer_allocation.tiny.inline_buffers","PASS","10","10","100491","101359.5","94289","104949","1004917","Context only: live-marker waiver; no PR-grade performance claim"
"previous-main","opengl","vertex_buffer_allocation.tiny.inline_elements","PASS","10","10","29753","29437","28711","31421","297539","Context only: live-marker waiver; no PR-grade performance claim"
"previous-main","opengl","vertex_buffer_allocation.rising_transient_growth","PASS","1","1","608796","608796","608796","608796","608796","Context only: live-marker waiver; no PR-grade performance claim"
"previous-main","opengl","vertex_buffer_allocation.disjoint_same_page","PASS","10","10","24494","24520.5","24038","24944","244943","Context only: live-marker waiver; no PR-grade performance claim"
