leaf_class,leaf,begin_rva,end_rva_exclusive,samples,weight_ms,sample_weight_percent
external_module,nvoglv64.dll,,,810,809.550400,19.371774
external_module,msvcrt.dll,,,558,557.516200,13.340834
external_module,ntoskrnl.exe,,,492,492.140600,11.776458
xemu_exact,tlb_reset_dirty_range_all,0x0011e4d0,0x0011e83b,408,407.983000,9.762647
external_module,ntdll.dll,,,245,244.695600,5.855334
xemu_exact,pfifo_thread,0x00275260,0x00275f8c,109,108.875600,2.605290
xemu_exact,create_pipeline,0x00297ea0,0x0029b3c1,103,102.970800,2.463994
xemu_exact,pgraph_method,0x001dc380,0x001dca7d,92,91.399700,2.187108
xemu_exact,pgraph_vk_mark_textures_possibly_dirty,0x002ab850,0x002ab959,91,90.737800,2.171270
xemu_exact,apply_uniform_updates.lto_priv.0,0x002ab3d0,0x002ab56b,89,89.034400,2.130509
xemu_exact,update_uniform_rows.lto_priv.0,0x002aae70,0x002ab3c6,83,83.043600,1.987155
xemu_exact,pgraph_vk_flush_draw,0x0029d950,0x0029e4fe,65,64.168700,1.535496
xemu_exact,lru_try_lookup,0x002968c0,0x00296b42,52,52.000000,1.244311
xemu_exact,pgraph_method_inc,0x001d4840,0x001d49cb,51,50.830000,1.216314
xemu_exact,pgraph_method_non_inc,0x001d4360,0x001d46e2,46,46.005400,1.100866
xemu_exact,qemu_mutex_lock_impl,0x003dc060,0x003dc181,41,41.000300,0.981098
xemu_exact,XXH3_accumulate_512_avx2.lto_priv.0,0x006fd540,0x006fd58e,40,40.004100,0.957260
external_module,vulkan-1.dll,,,39,38.846900,0.929570
xemu_exact,pgraph_glsl_set_psh_uniform_values,0x0028be10,0x0028c2e6,35,34.998800,0.837488
xemu_exact,pgraph_NV097_SET_MODEL_VIEW_MATRIX_int_handler,0x001d3fb0,0x001d3ffa,33,33.000000,0.789659
xemu_exact,pgraph_NV097_SET_COMPOSITE_MATRIX_int_handler,0x001d4050,0x001d408c,32,32.006000,0.765873
xemu_exact,qemu_mutex_unlock_impl,0x003e1ff0,0x003e20a6,30,29.596200,0.708209
xemu_exact,pgraph_vk_surface_update,0x002b3b10,0x002b4059,29,29.000000,0.693943
xemu_exact,physical_memory_test_and_clear_dirty.part.0,0x0011e840,0x0011eb5a,29,28.999200,0.693923
xemu_exact,pgraph_vk_update_descriptor_sets,0x002aa8f0,0x002aae4d,24,24.000000,0.574297
xemu_exact,pgraph_vk_bind_vertex_attributes,0x002ad940,0x002adeba,23,22.846700,0.546700
xemu_exact,pgraph_glsl_get_shader_state,0x0028c740,0x0028d1e7,22,22.006900,0.526604
external_module,dxgkrnl.sys,,,19,19.000000,0.454652
xemu_exact,pgraph_NV097_SET_BEGIN_END_handler,0x001d32b0,0x001d33c2,18,18.000000,0.430723
xemu_exact,pgraph_reg_w.lto_priv.0,0x001d6870,0x001d6a14,18,18.000000,0.430723
xemu_exact,nv_dma_load,0x002744e0,0x00274588,16,16.000000,0.382865
xemu_exact,pgraph_NV097_SET_INVERSE_MODEL_VIEW_MATRIX_int_handler,0x001d4000,0x001d4049,16,15.998100,0.382819
xemu_exact,begin_draw,0x0029d140,0x0029d948,15,15.000700,0.358953
external_module,nvlddmkm.sys,,,15,15.000000,0.358936
xemu_exact,sync_vertex_ram_buffer,0x00295500,0x0029575f,15,15.000000,0.358936
xemu_unbounded,xemu text without .pdata extent,,,14,14.100000,0.337400
xemu_exact,remap_unaligned_attributes,0x00297ad0,0x00297c86,14,14.000000,0.335007
xemu_exact,pgraph_glsl_check_shader_state_dirty.part.0,0x0028d1f0,0x0028d41c,13,13.046800,0.312198
unknown_external,unknown leaf,,,13,13.000900,0.311099
external_module,dxgmms2.sys,,,12,12.000000,0.287149
xemu_exact,begin_pre_draw,0x0029bcc0,0x0029bf88,12,12.000000,0.287149
xemu_exact,pgraph_NV097_SET_LIGHT_AMBIENT_COLOR_int_handler,0x001d3d20,0x001d3f68,11,11.000000,0.263220
xemu_exact,bind_vertex_buffer,0x00294270,0x002943b9,10,10.000000,0.239291
xemu_exact,pgraph_NV097_SET_VERTEX_DATA_ARRAY_OFFSET_int_handler,0x001d1ae0,0x001d1b0f,10,10.000000,0.239291
xemu_exact,pgraph_update_inline_value,0x00279630,0x00279841,10,10.000000,0.239291
xemu_exact,pgraph_vk_download_surfaces_in_range_if_dirty,0x002afa10,0x002afab8,10,10.000000,0.239291
xemu_exact,populate_surface_binding_target_sized,0x002a7b70,0x002a7eee,10,10.000000,0.239291
xemu_exact,swizzle_box.constprop.0,0x00277ac0,0x00278034,10,10.000000,0.239291
xemu_exact,pgraph_NV097_SET_VERTEX_DATA_ARRAY_OFFSET_handler,0x001d62c0,0x001d6329,10,9.779800,0.234021
xemu_exact,compare_memory_sync_requirement_by_addr,0x00294250,0x0029426c,9,9.000000,0.215361
external_module,KernelBase.dll,,,8,8.000000,0.191432
xemu_exact,XXH3_len_17to128_64b.constprop.0,0x006fd310,0x006fd531,8,8.000000,0.191432
xemu_exact,pgraph_get_texture_shape,0x00279110,0x002793c6,8,8.000000,0.191432
xemu_exact,pgraph_NV097_SET_TRANSFORM_PROGRAM_int_handler,0x001d7540,0x001d75f3,6,6.000000,0.143574
xemu_exact,update_surface_part,0x002affa0,0x002b20e7,6,6.000000,0.143574
xemu_exact,XXH3_hashLong_internal_loop.constprop.0,0x006fd5e0,0x006fd6aa,5,5.000000,0.119645
xemu_exact,pgraph_NV097_SET_LIGHT_AMBIENT_COLOR_handler,0x001d55a0,0x001d5609,5,5.000000,0.119645
xemu_exact,pgraph_vk_append_to_buffer,0x0028fab0,0x0028fbfb,5,5.000000,0.119645
xemu_exact,vmaFlushAllocation,0x006e64c0,0x006e6566,5,4.985100,0.119289
xemu_exact,memory_region_test_and_clear_dirty,0x0011eb60,0x0011ec1d,4,4.030900,0.096456
external_module,graphics-hook64.dll,,,4,4.000000,0.095716
xemu_exact,bitmap_set,0x003e2800,0x003e28bd,4,4.000000,0.095716
xemu_exact,nv_dma_map,0x00274590,0x0027468b,4,4.000000,0.095716
xemu_exact,pgraph_NV097_SET_INVERSE_MODEL_VIEW_MATRIX_handler,0x001d4ce0,0x001d4d49,4,4.000000,0.095716
xemu_exact,pgraph_NV097_SET_LIGHT_CONTROL_handler,0x001d7c10,0x001d7cc9,4,4.000000,0.095716
xemu_exact,pgraph_NV097_SET_MODEL_VIEW_MATRIX_handler,0x001d4c70,0x001d4cd9,4,4.000000,0.095716
xemu_exact,pgraph_NV097_SET_SPECULAR_ENABLE_handler,0x001d96c0,0x001d9713,4,4.000000,0.095716
xemu_exact,pgraph_NV097_SET_VERTEX_DATA_ARRAY_FORMAT_int_handler,0x001d3b90,0x001d3d16,4,4.000000,0.095716
xemu_exact,pgraph_glsl_set_vsh_uniform_values.constprop.0,0x0028f650,0x0028fa14,4,4.000000,0.095716
xemu_exact,pgraph_get_texture_length.isra.0,0x00278840,0x00278a8b,4,3.988900,0.095451
external_module,win32u.dll,,,3,3.000000,0.071787
xemu_exact,ensure_buffer_space.isra.0,0x00297a20,0x00297ace,3,3.000000,0.071787
xemu_exact,get_ptr_rcu_reader,0x003ec2b0,0x003ec2ca,3,3.000000,0.071787
xemu_exact,memory_region_clear_dirty_bitmap,0x001194c0,0x0011968f,3,3.000000,0.071787
xemu_exact,pgraph_NV097_ARRAY_ELEMENT16_handler,0x001d46f0,0x001d4752,3,3.000000,0.071787
xemu_exact,pgraph_NV097_SET_BLEND_ENABLE_handler,0x001d80c0,0x001d810c,3,3.000000,0.071787
xemu_exact,pgraph_NV097_SET_LIGHT_ENABLE_MASK_handler,0x001d9720,0x001d9763,3,3.000000,0.071787
xemu_exact,pgraph_NV097_SET_MATERIAL_EMISSION_handler,0x001d4b20,0x001d4b89,3,3.000000,0.071787
xemu_exact,pgraph_NV097_SET_TEXTURE_FORMAT_handler,0x001d6c70,0x001d6ddc,3,3.000000,0.071787
xemu_exact,pgraph_vk_buffer_required_size,0x0028fa20,0x0028faa3,3,3.000000,0.071787
xemu_exact,pgraph_vk_draw_end,0x0029e500,0x0029e62f,3,3.000000,0.071787
xemu_exact,pgraph_vk_upload_surface_data,0x002b2a20,0x002b3b01,3,3.000000,0.071787
xemu_exact,memory_region_sync_dirty_bitmap.lto_priv.0,0x0011afa0,0x0011b1ae,3,2.998800,0.071758
xemu_exact,XXH3_mergeAccs.lto_priv.0,0x006fd6b0,0x006fd70b,2,2.000000,0.047858
xemu_exact,_g_gnulib_vasnprintf,0x00a80330,0x00a85f9f,2,2.000000,0.047858
xemu_exact,check_texture_possibly_dirty.lto_priv.1,0x002ab960,0x002abaa6,2,2.000000,0.047858
xemu_exact,download_surface_to_buffer,0x002ae730,0x002af84a,2,2.000000,0.047858
xemu_exact,pgraph_NV097_SET_COMBINER_FACTOR1_int_handler,0x001d6b50,0x001d6b70,2,2.000000,0.047858
xemu_exact,pgraph_NV097_SET_COMPOSITE_MATRIX_handler,0x001d4d50,0x001d4db9,2,2.000000,0.047858
xemu_exact,pgraph_NV097_SET_SCENE_AMBIENT_COLOR_handler,0x001d4ff0,0x001d5059,2,2.000000,0.047858
xemu_exact,pgraph_NV097_SET_TEXTURE_OFFSET_handler,0x001d6c30,0x001d6c66,2,2.000000,0.047858
xemu_exact,pgraph_NV097_SET_TRANSFORM_CONSTANT_int_handler,0x001d97d0,0x001d988e,2,2.000000,0.047858
xemu_exact,pgraph_NV097_SET_VERTEX_DATA4UB_handler,0x001d6560,0x001d65c9,2,2.000000,0.047858
xemu_exact,pgraph_NV097_SET_VERTEX_DATA4UB_int_handler,0x001daba0,0x001dac3f,2,2.000000,0.047858
xemu_exact,pgraph_vk_update_vertex_ram_buffer,0x002afac0,0x002aff99,2,2.000000,0.047858
xemu_exact,prune_invalid_surfaces,0x002a7a40,0x002a7b63,2,2.000000,0.047858
xemu_exact,texture_cache_entry_compare.lto_priv.1,0x002a6ae0,0x002a6b00,2,2.000000,0.047858
xemu_exact,_ZN7glslang12TScanContext16identifierOrTypeEv,0x00860af0,0x00860dec,2,1.999900,0.047856
xemu_exact,_Z7yyparsePN7glslang13TParseContextE,0x0067e750,0x006e1d81,2,1.801000,0.043096
xemu_exact,pgraph_NV097_SET_MATERIAL_EMISSION_int_handler,0x001d38f0,0x001d3941,1,1.030400,0.024656
xemu_exact,ParsePushConstantBlocks,0x00882d20,0x0088331d,1,1.009000,0.024144
xemu_exact,XXH3_64bits,0x006fd710,0x006fda98,1,1.004900,0.024046
xemu_exact,.text$_ZSt18_Rb_tree_incrementPSt18_Rb_tree_node_base,0x01182b60,0x01182ba9,1,1.003800,0.024020
xemu_exact,_ZN7glslang10TPpContext8tokenizeERNS_8TPpTokenE,0x008593a0,0x0085c9be,1,1.003600,0.024015
xemu_exact,_ZNSt8__detail9_Map_baseIjSt4pairIKjSt6vectorIPN3spv11InstructionESaIS6_EEESaIS9_ENS_10_Select1stESt8equal_toIjESt4hashIjENS_18_Mod_range_hashingENS_20_Default_ranged_hashENS_20_Prime_rehash_policyENS_17_Hashtable_traitsILb0ELb0ELb1EEELb1EEixEOj,0x0066eeb0,0x0066f12d,1,1.003200,0.024006
xemu_exact,_ZN7glslang12TIntermTyped18propagatePrecisionENS_19TPrecisionQualifierE,0x00578c30,0x005790e2,1,1.001700,0.023970
xemu_exact,_ZN12_GLOBAL__N_122TGlslangToSpvTraverser21TranslateMemoryAccessERKN3spv7Builder11AccessChain13CoherentFlagsE.lto_priv.0,0x00646f40,0x00647041,1,1.001200,0.023958
xemu_exact,_ZN7glslang14TPoolAllocator8allocateEy,0x008453f0,0x00845621,1,1.000100,0.023931
external_module,WdFilter.sys,,,1,1.000000,0.023929
xemu_exact,XXH3_scrambleAcc_avx2.lto_priv.0,0x006fbee0,0x006fbf4b,1,1.000000,0.023929
xemu_exact,format_number.isra.0,0x009f3e90,0x009f42ed,1,1.000000,0.023929
xemu_exact,nv2a_profile_log_event_once,0x00277490,0x00277677,1,1.000000,0.023929
xemu_exact,object_dynamic_cast_assert,0x002c4470,0x002c4652,1,1.000000,0.023929
xemu_exact,pgraph_NV097_SET_CLIP_MAX_handler,0x001d9540,0x001d95a1,1,1.000000,0.023929
xemu_exact,pgraph_NV097_SET_COLOR_CLEAR_VALUE_handler,0x001d9a50,0x001d9a8b,1,1.000000,0.023929
xemu_exact,pgraph_NV097_SET_COMBINER_COLOR_OCW_handler,0x001d6790,0x001d67f9,1,1.000000,0.023929
xemu_exact,pgraph_NV097_SET_CONTROL0_handler,0x001d7ad0,0x001d7c02,1,1.000000,0.023929
xemu_exact,pgraph_NV097_SET_DEPTH_FUNC_handler,0x001d7260,0x001d72ec,1,1.000000,0.023929
xemu_exact,pgraph_NV097_SET_LIGHTING_ENABLE_handler,0x001d8270,0x001d82bd,1,1.000000,0.023929
xemu_exact,pgraph_NV097_SET_MATERIAL_ALPHA_handler,0x001d2eb0,0x001d2ee1,1,1.000000,0.023929
xemu_exact,pgraph_NV097_SET_SCENE_AMBIENT_COLOR_int_handler,0x001d39b0,0x001d3a01,1,1.000000,0.023929
xemu_exact,pgraph_NV097_SET_SURFACE_CLIP_HORIZONTAL_handler,0x001d3130,0x001d3176,1,1.000000,0.023929
xemu_exact,pgraph_NV097_SET_TEXTURE_MATRIX_ENABLE_int_handler,0x001d1ac0,0x001d1adb,1,1.000000,0.023929
xemu_exact,pgraph_NV097_SET_VIEWPORT_OFFSET_int_handler,0x001d3a10,0x001d3a61,1,1.000000,0.023929
xemu_exact,pgraph_NV097_SET_VIEWPORT_SCALE_handler,0x001d53e0,0x001d5449,1,1.000000,0.023929
xemu_exact,pgraph_get_texture_phys_addr,0x00279480,0x00279505,1,1.000000,0.023929
xemu_exact,pgraph_glsl_set_clip_range_uniform_value,0x0027c430,0x0027c4d4,1,1.000000,0.023929
xemu_exact,pgraph_vk_begin_debug_marker.constprop.0,0x00290790,0x0029087c,1,1.000000,0.023929
xemu_exact,pgraph_vk_begin_nondraw_commands,0x00296bf0,0x00296c85,1,1.000000,0.023929
xemu_exact,pgraph_vk_process_pending,0x0029ca90,0x0029d13f,1,1.000000,0.023929
xemu_exact,pgraph_vk_process_pending_reports,0x002a6790,0x002a67cb,1,1.000000,0.023929
xemu_exact,pgraph_vk_set_surface_dirty,0x002941c0,0x0029424b,1,1.000000,0.023929
xemu_exact,qemu_cond_wait_impl,0x003dbdf0,0x003dbf8c,1,1.000000,0.023929
xemu_exact,render_display.lto_priv.0,0x002910f0,0x00292bff,1,1.000000,0.023929
xemu_exact,_ZN7glslang14TPoolAllocatorD1Ev,0x0083f140,0x0083f2e7,1,0.999900,0.023927
xemu_exact,_ZNSt10_HashtableIPN3spv5BlockES2_SaIS2_ENSt8__detail9_IdentityESt8equal_toIS2_ESt4hashIS2_ENS4_18_Mod_range_hashingENS4_20_Default_ranged_hashENS4_20_Prime_rehash_policyENS4_17_Hashtable_traitsILb0ELb1ELb1EEEE15_M_emplace_uniqIJRKS2_EEESt4pairINS4_14_Node_iteratorIS2_Lb1ELb0EEEbEDpOT_.isra.0,0x00875fe0,0x008762b4,1,0.999700,0.023922
xemu_exact,_ZNKSt10_HashtableINSt7__cxx1112basic_stringIcSt11char_traitsIcEN7glslang14pool_allocatorIcEEEESt4pairIKS7_iENS5_ISA_EENSt8__detail10_Select1stESt8equal_toIS7_ESt4hashIS7_ENSC_18_Mod_range_hashingENSC_20_Default_ranged_hashENSC_20_Prime_rehash_policyENSC_17_Hashtable_traitsILb1ELb0ELb1EEEE22_M_find_before_node_trIS7_EEPNSC_15_Hash_node_baseEyRKT_y.isra.0,0x008574b0,0x00857576,1,0.995400,0.023819
xemu_exact,_ZN7glslang13TIntermediate13promoteBinaryERNS_13TIntermBinaryE.isra.0,0x0057e220,0x005820ee,1,0.993600,0.023776
xemu_exact,_ZN7glslang10TPpContext12tStringInput5getchEv,0x008570e0,0x0085733b,1,0.993100,0.023764
xemu_exact,_ZN7glslang14TStringAtomMap12addAtomFixedEPKci,0x00866fd0,0x008676a9,1,0.993100,0.023764
