renderer,test_id,kind,baseline_outcome,main_outcome,pr85_outcome,parent_outcome,candidate_outcome,candidate_vs_baseline,pr85_vs_main,parent_vs_pr85,candidate_vs_parent,raw_direction,baseline_median_us,main_median_us,pr85_median_us,parent_median_us,candidate_median_us,improvement_parent_vs_pr85_pct,improvement_pr85_vs_main_pct,improvement_vs_baseline_pct,improvement_vs_parent_pct,baseline_hash,main_hash,pr85_hash,parent_hash,candidate_hash
vulkan,busy_pfifo.pfifo_saturation,leaf,,PASS,PASS,PASS,PASS,NOT_COMPARABLE,OUTCOME_AND_HASH_MATCH,OUTCOME_AND_HASH_MATCH,OUTCOME_AND_HASH_MATCH,+bad,,101795,103624,99606,103504,+3.88,-1.80,,-3.91,,1508607624bb8506,1508607624bb8506,1508607624bb8506,1508607624bb8506
vulkan,busy_pfifo.pgraph_pattern_polling,leaf,,PASS,PASS,PASS,PASS,NOT_COMPARABLE,OUTCOME_AND_HASH_MATCH,OUTCOME_AND_HASH_MATCH,OUTCOME_AND_HASH_MATCH,+bad,,4419628,4526136,4667472,4447688,-3.12,-2.41,,+4.71,,386d0f085e98c325,386d0f085e98c325,386d0f085e98c325,386d0f085e98c325
vulkan,cpu_floating_point.sse_scalar,leaf,,PASS,PASS,PASS,PASS,NOT_COMPARABLE,OUTCOME_AND_HASH_MATCH,OUTCOME_AND_HASH_MATCH,OUTCOME_AND_HASH_MATCH,+bad,,504884,504292,523246,520082,-3.76,+0.12,,+0.60,,6962077c244da325,6962077c244da325,6962077c244da325,6962077c244da325
vulkan,cpu_floating_point.x87_scalar,leaf,,PASS,PASS,PASS,PASS,NOT_COMPARABLE,OUTCOME_AND_HASH_MATCH,OUTCOME_AND_HASH_MATCH,OUTCOME_AND_HASH_MATCH,+bad,,791288,796099,818755,813684,-2.85,-0.61,,+0.62,,6962077c244da325,6962077c244da325,6962077c244da325,6962077c244da325
vulkan,cpu_translation_blocks.direct_loop,leaf,,PASS,PASS,PASS,PASS,NOT_COMPARABLE,OUTCOME_AND_HASH_MATCH,OUTCOME_AND_HASH_MATCH,OUTCOME_AND_HASH_MATCH,+bad,,9822,9896,9992,9830,-0.97,-0.75,,+1.62,,bd1fc9bf0c318325,bd1fc9bf0c318325,bd1fc9bf0c318325,bd1fc9bf0c318325
vulkan,cpu_translation_blocks.indirect_dispatch,leaf,,PASS,PASS,PASS,PASS,NOT_COMPARABLE,OUTCOME_AND_HASH_MATCH,OUTCOME_AND_HASH_MATCH,OUTCOME_AND_HASH_MATCH,+bad,,39477,39966,41224,40506,-3.15,-1.24,,+1.74,,c0426cf669a02325,c0426cf669a02325,c0426cf669a02325,c0426cf669a02325
vulkan,cpu_translation_blocks.indirect_dispatch_stress,leaf,,PASS,PASS,PASS,PASS,NOT_COMPARABLE,OUTCOME_AND_HASH_MATCH,OUTCOME_AND_HASH_MATCH,OUTCOME_AND_HASH_MATCH,+bad,,795588,799932,815749,810823,-1.98,-0.55,,+0.60,,fbd507cb0c622325,fbd507cb0c622325,fbd507cb0c622325,fbd507cb0c622325
vulkan,fill_rate.solid,leaf,,PASS,PASS,PASS,PASS,NOT_COMPARABLE,OUTCOME_AND_HASH_MATCH,OUTCOME_AND_HASH_MATCH,OUTCOME_AND_HASH_MATCH,+bad,,1142,1151,1216,1257,-5.65,-0.79,,-3.37,,08b0f60773aac775,08b0f60773aac775,08b0f60773aac775,08b0f60773aac775
vulkan,fill_rate.textured,leaf,,PASS,PASS,PASS,PASS,NOT_COMPARABLE,OUTCOME_AND_HASH_MATCH,OUTCOME_AND_HASH_MATCH,OUTCOME_AND_HASH_MATCH,+bad,,1202,1219,1247,1266,-2.30,-1.41,,-1.52,,99b433323df1684d,99b433323df1684d,99b433323df1684d,99b433323df1684d
vulkan,game_load.cross_title_hotpath,group,,PASS,PASS,PASS,PASS,NOT_COMPARABLE,OUTCOME_AND_HASH_MATCH,OUTCOME_AND_HASH_MATCH,OUTCOME_AND_HASH_MATCH,,,,,,,,,,,,e30500792076e325,e30500792076e325,e30500792076e325,e30500792076e325
vulkan,game_load.cross_title_hotpath.blend_constant_reuse,leaf,,PASS,PASS,PASS,PASS,NOT_COMPARABLE,OUTCOME_AND_HASH_MATCH,OUTCOME_AND_HASH_MATCH,OUTCOME_AND_HASH_MATCH,+bad,,166669,176532,168554,99217,+4.52,-5.92,,+41.14,,58e80f99c5a56325,58e80f99c5a56325,58e80f99c5a56325,58e80f99c5a56325
vulkan,game_load.cross_title_hotpath.gpu_wait_control,leaf,,PASS,PASS,PASS,PASS,NOT_COMPARABLE,OUTCOME_AND_HASH_MATCH,OUTCOME_AND_HASH_MATCH,OUTCOME_AND_HASH_MATCH,+bad,,1143,1287,1157,1191,+10.10,-12.60,,-2.94,,e30500792076e325,e30500792076e325,e30500792076e325,e30500792076e325
vulkan,game_load.cross_title_hotpath.pgr2_lagspot_inline_elements,leaf,,PASS,PASS,PASS,PASS,NOT_COMPARABLE,OUTCOME_AND_HASH_MATCH,OUTCOME_AND_HASH_MATCH,OUTCOME_AND_HASH_MATCH,+bad,,124522,117443,125669,99762,-7.00,+5.68,,+20.62,,2b9db92162606325,2b9db92162606325,2b9db92162606325,2b9db92162606325
vulkan,game_load.cross_title_hotpath.pgr2_small_draws,leaf,,PASS,PASS,PASS,PASS,NOT_COMPARABLE,OUTCOME_AND_HASH_MATCH,OUTCOME_AND_HASH_MATCH,OUTCOME_AND_HASH_MATCH,+bad,,101836,105500,108533,107962,-2.87,-3.60,,+0.53,,151015a16ca46325,151015a16ca46325,151015a16ca46325,151015a16ca46325
vulkan,game_load.cross_title_hotpath.pipeline_state_churn,leaf,,PASS,PASS,PASS,PASS,NOT_COMPARABLE,OUTCOME_AND_HASH_MATCH,OUTCOME_AND_HASH_MATCH,OUTCOME_AND_HASH_MATCH,+bad,,66620,66448,66800,66591,-0.53,+0.26,,+0.31,,4f8b2eab497ca325,4f8b2eab497ca325,4f8b2eab497ca325,4f8b2eab497ca325
vulkan,game_load.cross_title_hotpath.queued_vertex_cpu_writes,leaf,,PASS,PASS,PASS,PASS,NOT_COMPARABLE,OUTCOME_AND_HASH_MATCH,OUTCOME_AND_HASH_MATCH,OUTCOME_AND_HASH_MATCH,+bad,,84011,91298,92041,49791,-0.81,-8.67,,+45.90,,ea21c900993ea325,ea21c900993ea325,ea21c900993ea325,ea21c900993ea325
vulkan,game_load.cross_title_hotpath.s3tc_streaming_fenced_draws,leaf,,PASS,PASS,PASS,PASS,NOT_COMPARABLE,OUTCOME_AND_HASH_MATCH,OUTCOME_AND_HASH_MATCH,OUTCOME_AND_HASH_MATCH,+bad,,1219623,1233404,1246581,1258093,-1.07,-1.13,,-0.92,,1a65246e1a0ea325,1a65246e1a0ea325,1a65246e1a0ea325,1a65246e1a0ea325
vulkan,game_load.cross_title_hotpath.scaled_surface_pressure,leaf,,PASS,PASS,PASS,PASS,NOT_COMPARABLE,OUTCOME_AND_HASH_MATCH,OUTCOME_AND_HASH_MATCH,OUTCOME_AND_HASH_MATCH,+bad,,658528,663021,648811,583849,+2.14,-0.68,,+10.01,,32a69ec6dce52325,32a69ec6dce52325,32a69ec6dce52325,32a69ec6dce52325
vulkan,game_load.cross_title_hotpath.surface_reuse,leaf,,PASS,PASS,PASS,PASS,NOT_COMPARABLE,OUTCOME_AND_HASH_MATCH,OUTCOME_AND_HASH_MATCH,OUTCOME_AND_HASH_MATCH,+bad,,9817,9052,9745,8412,-7.66,+7.79,,+13.68,,37f87c4938cd6325,37f87c4938cd6325,37f87c4938cd6325,37f87c4938cd6325
vulkan,game_load.cross_title_hotpath.texture_binding_reuse,leaf,,PASS,PASS,PASS,PASS,NOT_COMPARABLE,OUTCOME_AND_HASH_MATCH,OUTCOME_AND_HASH_MATCH,OUTCOME_AND_HASH_MATCH,+bad,,216745,220479,219991,148499,+0.22,-1.72,,+32.50,,6b9bae4b9c97a325,6b9bae4b9c97a325,6b9bae4b9c97a325,6b9bae4b9c97a325
vulkan,game_load.cross_title_hotpath.texture_update_reuse,leaf,,PASS,PASS,PASS,PASS,NOT_COMPARABLE,OUTCOME_AND_HASH_MATCH,OUTCOME_AND_HASH_MATCH,OUTCOME_AND_HASH_MATCH,+bad,,3158,2963,3320,2988,-12.05,+6.17,,+10.00,,44fcd2c900a5a325,44fcd2c900a5a325,44fcd2c900a5a325,44fcd2c900a5a325
vulkan,game_load.doax_menu_representative.cpu_only,leaf,,PASS,PASS,PASS,PASS,NOT_COMPARABLE,OUTCOME_AND_HASH_MATCH,OUTCOME_AND_HASH_MATCH,OUTCOME_AND_HASH_MATCH,+bad,,13691,13558,13524,13708,+0.25,+0.97,,-1.36,,c9ffff20249e2325,c9ffff20249e2325,c9ffff20249e2325,c9ffff20249e2325
vulkan,game_load.doax_menu_representative.cpu_pfifo_gpu,leaf,,PASS,PASS,PASS,PASS,NOT_COMPARABLE,OUTCOME_AND_HASH_MATCH,OUTCOME_AND_HASH_MATCH,OUTCOME_AND_HASH_MATCH,+bad,,32017,32187,33435,33090,-3.88,-0.53,,+1.03,,04157941d1aa6325,04157941d1aa6325,04157941d1aa6325,04157941d1aa6325
vulkan,game_load.doax_menu_representative.cpu_pfifo_gpu_streaming,leaf,,PASS,PASS,PASS,PASS,NOT_COMPARABLE,OUTCOME_AND_HASH_MATCH,OUTCOME_AND_HASH_MATCH,OUTCOME_AND_HASH_MATCH,+bad,,36772,37224,38188,38297,-2.59,-1.23,,-0.29,,e6d7900d809f6325,e6d7900d809f6325,e6d7900d809f6325,e6d7900d809f6325
vulkan,game_load.doax_menu_representative.full_system,leaf,,PASS,PASS,PASS,PASS,NOT_COMPARABLE,OUTCOME_AND_HASH_MATCH,OUTCOME_AND_HASH_MATCH,OUTCOME_AND_HASH_MATCH,+bad,,36813,37358,37210,38955,+0.40,-1.48,,-4.69,,3ebb8ee340a52325,3ebb8ee340a52325,3ebb8ee340a52325,3ebb8ee340a52325
vulkan,game_load.doax_menu_representative.gpu_only,leaf,,PASS,PASS,PASS,PASS,NOT_COMPARABLE,OUTCOME_AND_HASH_MATCH,OUTCOME_AND_HASH_MATCH,OUTCOME_AND_HASH_MATCH,+bad,,15946,16131,16728,17193,-3.70,-1.16,,-2.78,,fbd6d6be7f982325,fbd6d6be7f982325,fbd6d6be7f982325,fbd6d6be7f982325
vulkan,game_load.doax_menu_representative.pfifo_only,leaf,,PASS,PASS,PASS,PASS,NOT_COMPARABLE,OUTCOME_AND_HASH_MATCH,OUTCOME_AND_HASH_MATCH,OUTCOME_AND_HASH_MATCH,+bad,,2368,2425,2477,2383,-2.14,-2.41,,+3.79,,db52eb2ea2ee6325,db52eb2ea2ee6325,db52eb2ea2ee6325,db52eb2ea2ee6325
vulkan,game_load.doax_menu_representative.streaming_only,leaf,,PASS,PASS,PASS,PASS,NOT_COMPARABLE,OUTCOME_AND_HASH_MATCH,OUTCOME_AND_HASH_MATCH,OUTCOME_AND_HASH_MATCH,+bad,,5943,5846,5817,5958,+0.50,+1.63,,-2.42,,f94303d175056325,f94303d175056325,f94303d175056325,f94303d175056325
vulkan,game_load.doax_menu_stress.cpu_only,leaf,,PASS,PASS,PASS,PASS,NOT_COMPARABLE,OUTCOME_AND_HASH_MATCH,OUTCOME_AND_HASH_MATCH,OUTCOME_AND_HASH_MATCH,+bad,,26931,26907,26950,27059,-0.16,+0.09,,-0.40,,312802588e58a325,312802588e58a325,312802588e58a325,312802588e58a325
vulkan,game_load.doax_menu_stress.cpu_pfifo_gpu,leaf,,PASS,PASS,PASS,PASS,NOT_COMPARABLE,OUTCOME_AND_HASH_MATCH,OUTCOME_AND_HASH_MATCH,OUTCOME_AND_HASH_MATCH,+bad,,63385,64708,64850,66487,-0.22,-2.09,,-2.52,,c94959246d55a325,c94959246d55a325,c94959246d55a325,c94959246d55a325
vulkan,game_load.doax_menu_stress.cpu_pfifo_gpu_streaming,leaf,,PASS,PASS,PASS,PASS,NOT_COMPARABLE,OUTCOME_AND_HASH_MATCH,OUTCOME_AND_HASH_MATCH,OUTCOME_AND_HASH_MATCH,+bad,,71904,73248,75304,75223,-2.81,-1.87,,+0.11,,5dbf320b91a86325,5dbf320b91a86325,5dbf320b91a86325,5dbf320b91a86325
vulkan,game_load.doax_menu_stress.full_system,leaf,,PASS,PASS,PASS,PASS,NOT_COMPARABLE,OUTCOME_AND_HASH_MATCH,OUTCOME_AND_HASH_MATCH,OUTCOME_AND_HASH_MATCH,+bad,,73452,74012,74666,75580,-0.88,-0.76,,-1.22,,545f7965debce325,545f7965debce325,545f7965debce325,545f7965debce325
vulkan,game_load.doax_menu_stress.gpu_only,leaf,,PASS,PASS,PASS,PASS,NOT_COMPARABLE,OUTCOME_AND_HASH_MATCH,OUTCOME_AND_HASH_MATCH,OUTCOME_AND_HASH_MATCH,+bad,,31671,32404,33564,34213,-3.58,-2.31,,-1.93,,30126b41ecb96325,30126b41ecb96325,30126b41ecb96325,30126b41ecb96325
vulkan,game_load.doax_menu_stress.pfifo_only,leaf,,PASS,PASS,PASS,PASS,NOT_COMPARABLE,OUTCOME_AND_HASH_MATCH,OUTCOME_AND_HASH_MATCH,OUTCOME_AND_HASH_MATCH,+bad,,4773,4847,4876,4722,-0.60,-1.55,,+3.16,,6251472ce3a6e325,6251472ce3a6e325,6251472ce3a6e325,6251472ce3a6e325
vulkan,game_load.doax_menu_stress.streaming_only,leaf,,PASS,PASS,PASS,PASS,NOT_COMPARABLE,OUTCOME_AND_HASH_MATCH,OUTCOME_AND_HASH_MATCH,OUTCOME_AND_HASH_MATCH,+bad,,11569,11845,10834,11188,+8.54,-2.39,,-3.27,,5b922e3ee1312325,5b922e3ee1312325,5b922e3ee1312325,5b922e3ee1312325
vulkan,game_load.long_unlocked_scene,group,,PASS,PASS,PASS,PASS,NOT_COMPARABLE,OUTCOME_AND_HASH_MATCH,OUTCOME_AND_HASH_MATCH,OUTCOME_AND_HASH_MATCH,,,,,,,,,,,,4efd9244c4ad2325,4efd9244c4ad2325,4efd9244c4ad2325,4efd9244c4ad2325
vulkan,game_load.long_unlocked_scene.alpha_overdraw,leaf,,PASS,PASS,PASS,PASS,NOT_COMPARABLE,OUTCOME_AND_HASH_MATCH,OUTCOME_AND_HASH_MATCH,OUTCOME_AND_HASH_MATCH,+bad,,33731,33996,33514,34246,+1.42,-0.79,,-2.18,,4efd9244c4ad2325,4efd9244c4ad2325,4efd9244c4ad2325,4efd9244c4ad2325
vulkan,game_load.long_unlocked_scene.combined,leaf,,PASS,PASS,PASS,PASS,NOT_COMPARABLE,OUTCOME_AND_HASH_MATCH,OUTCOME_AND_HASH_MATCH,OUTCOME_AND_HASH_MATCH,+bad,,73412,73977,73233,73133,+1.01,-0.77,,+0.14,,4efd9244c4ad2325,4efd9244c4ad2325,4efd9244c4ad2325,4efd9244c4ad2325
vulkan,game_load.long_unlocked_scene.cpu,leaf,,PASS,PASS,PASS,PASS,NOT_COMPARABLE,OUTCOME_AND_HASH_MATCH,OUTCOME_AND_HASH_MATCH,OUTCOME_AND_HASH_MATCH,+bad,,24164,24185,24231,24325,-0.19,-0.09,,-0.39,,4efd9244c4ad2325,4efd9244c4ad2325,4efd9244c4ad2325,4efd9244c4ad2325
vulkan,game_load.long_unlocked_scene.full_system,leaf,,PASS,PASS,PASS,PASS,NOT_COMPARABLE,OUTCOME_AND_HASH_MATCH,OUTCOME_AND_HASH_MATCH,OUTCOME_AND_HASH_MATCH,+bad,,74508,74410,74671,75333,-0.35,+0.13,,-0.89,,4efd9244c4ad2325,4efd9244c4ad2325,4efd9244c4ad2325,4efd9244c4ad2325
vulkan,game_load.long_unlocked_scene.pfifo,leaf,,PASS,PASS,PASS,PASS,NOT_COMPARABLE,OUTCOME_AND_HASH_MATCH,OUTCOME_AND_HASH_MATCH,OUTCOME_AND_HASH_MATCH,+bad,,4781,4915,4889,4916,+0.53,-2.80,,-0.55,,4efd9244c4ad2325,4efd9244c4ad2325,4efd9244c4ad2325,4efd9244c4ad2325
vulkan,game_load.long_unlocked_scene.streaming_surface_reuse,leaf,,PASS,PASS,PASS,PASS,NOT_COMPARABLE,OUTCOME_AND_HASH_MATCH,OUTCOME_AND_HASH_MATCH,OUTCOME_AND_HASH_MATCH,+bad,,11802,11654,11148,11710,+4.34,+1.25,,-5.04,,4efd9244c4ad2325,4efd9244c4ad2325,4efd9244c4ad2325,4efd9244c4ad2325
vulkan,game_load.pgr2_ai_backup.cpu_only,leaf,,PASS,PASS,PASS,PASS,NOT_COMPARABLE,OUTCOME_AND_HASH_MATCH,OUTCOME_AND_HASH_MATCH,OUTCOME_AND_HASH_MATCH,+bad,,42311,42729,45525,42854,-6.54,-0.99,,+5.87,,e086b0a920c42325,e086b0a920c42325,e086b0a920c42325,e086b0a920c42325
vulkan,game_load.pgr2_ai_backup.cpu_pfifo_gpu,leaf,,PASS,PASS,PASS,PASS,NOT_COMPARABLE,OUTCOME_AND_HASH_MATCH,OUTCOME_AND_HASH_MATCH,OUTCOME_AND_HASH_MATCH,+bad,,139135,141445,144147,145650,-1.91,-1.66,,-1.04,,48c0585f003ea325,48c0585f003ea325,48c0585f003ea325,48c0585f003ea325
vulkan,game_load.pgr2_ai_backup.cpu_pfifo_gpu_streaming,leaf,,PASS,PASS,PASS,PASS,NOT_COMPARABLE,OUTCOME_AND_HASH_MATCH,OUTCOME_AND_HASH_MATCH,OUTCOME_AND_HASH_MATCH,+bad,,143429,145360,148604,149883,-2.23,-1.35,,-0.86,,e0430415b6dbe325,e0430415b6dbe325,e0430415b6dbe325,e0430415b6dbe325
vulkan,game_load.pgr2_ai_backup.full_system,leaf,,PASS,PASS,PASS,PASS,NOT_COMPARABLE,OUTCOME_AND_HASH_MATCH,OUTCOME_AND_HASH_MATCH,OUTCOME_AND_HASH_MATCH,+bad,,144647,147186,149534,151377,-1.60,-1.76,,-1.23,,cb91c33db5046325,cb91c33db5046325,cb91c33db5046325,cb91c33db5046325
vulkan,game_load.pgr2_ai_backup.gpu_only,leaf,,PASS,PASS,PASS,PASS,NOT_COMPARABLE,OUTCOME_AND_HASH_MATCH,OUTCOME_AND_HASH_MATCH,OUTCOME_AND_HASH_MATCH,+bad,,82740,83423,86100,89031,-3.21,-0.83,,-3.40,,f8348ac6eeaaa325,f8348ac6eeaaa325,f8348ac6eeaaa325,f8348ac6eeaaa325
vulkan,game_load.pgr2_ai_backup.pfifo_only,leaf,,PASS,PASS,PASS,PASS,NOT_COMPARABLE,OUTCOME_AND_HASH_MATCH,OUTCOME_AND_HASH_MATCH,OUTCOME_AND_HASH_MATCH,+bad,,15408,15477,15667,14349,-1.23,-0.45,,+8.41,,5bc1b07714da2325,5bc1b07714da2325,5bc1b07714da2325,5bc1b07714da2325
vulkan,game_load.pgr2_ai_backup.streaming_only,leaf,,PASS,PASS,PASS,PASS,NOT_COMPARABLE,OUTCOME_AND_HASH_MATCH,OUTCOME_AND_HASH_MATCH,OUTCOME_AND_HASH_MATCH,+bad,,4064,3984,4014,4607,-0.75,+1.97,,-14.77,,f43007e31b972325,f43007e31b972325,f43007e31b972325,f43007e31b972325
vulkan,game_load.repeated_display,leaf,,PASS,PASS,PASS,PASS,NOT_COMPARABLE,OUTCOME_AND_HASH_MATCH,OUTCOME_AND_HASH_MATCH,OUTCOME_AND_HASH_MATCH,+bad,,16629,16593,16631,16583,-0.23,+0.22,,+0.29,,e758dbbf4edc2325,e758dbbf4edc2325,e758dbbf4edc2325,e758dbbf4edc2325
vulkan,game_load.repeated_display_boosted,leaf,,PASS,PASS,PASS,PASS,NOT_COMPARABLE,OUTCOME_AND_HASH_MATCH,OUTCOME_AND_HASH_MATCH,OUTCOME_AND_HASH_MATCH,+bad,,49922,49874,49942,49919,-0.14,+0.10,,+0.05,,60315b1c33b6a325,60315b1c33b6a325,60315b1c33b6a325,60315b1c33b6a325
vulkan,game_load.s3tc_sync_factor,group,,PASS,PASS,PASS,PASS,NOT_COMPARABLE,OUTCOME_AND_HASH_MATCH,OUTCOME_AND_HASH_MATCH,OUTCOME_AND_HASH_MATCH,,,,,,,,,,,,db28300321744de5,db28300321744de5,db28300321744de5,db28300321744de5
vulkan,game_load.s3tc_sync_factor.bc2_bordered_fallback,leaf,,PASS,PASS,PASS,PASS,NOT_COMPARABLE,OUTCOME_AND_HASH_MATCH,OUTCOME_AND_HASH_MATCH,OUTCOME_AND_HASH_MATCH,+bad,,49858,49939,49834,49932,+0.21,-0.16,,-0.20,,db28300321744de5,db28300321744de5,db28300321744de5,db28300321744de5
vulkan,game_load.s3tc_sync_factor.bc2_native_eligible,leaf,,PASS,PASS,PASS,PASS,NOT_COMPARABLE,OUTCOME_AND_HASH_MATCH,OUTCOME_AND_HASH_MATCH,OUTCOME_AND_HASH_MATCH,+bad,,16584,16656,16554,16674,+0.61,-0.43,,-0.72,,3403675459d4d3d5,3403675459d4d3d5,3403675459d4d3d5,3403675459d4d3d5
vulkan,game_load.s3tc_sync_factor.bc3_bordered_fallback,leaf,,PASS,PASS,PASS,PASS,NOT_COMPARABLE,OUTCOME_AND_HASH_MATCH,OUTCOME_AND_HASH_MATCH,OUTCOME_AND_HASH_MATCH,+bad,,49883,49794,49838,50226,-0.09,+0.18,,-0.78,,db28300321744de5,db28300321744de5,db28300321744de5,db28300321744de5
vulkan,game_load.s3tc_sync_factor.bc3_native_eligible,leaf,,PASS,PASS,PASS,PASS,NOT_COMPARABLE,OUTCOME_AND_HASH_MATCH,OUTCOME_AND_HASH_MATCH,OUTCOME_AND_HASH_MATCH,+bad,,16615,16500,16630,16617,-0.79,+0.69,,+0.08,,3403675459d4d3d5,3403675459d4d3d5,3403675459d4d3d5,3403675459d4d3d5
vulkan,game_load.s3tc_sync_factor.dxt1_dirty_once_redraw,leaf,,PASS,PASS,PASS,PASS,NOT_COMPARABLE,OUTCOME_AND_HASH_MATCH,OUTCOME_AND_HASH_MATCH,OUTCOME_AND_HASH_MATCH,+bad,,16572,16591,16547,16647,+0.27,-0.11,,-0.60,,428c04bbb0a62725,428c04bbb0a62725,428c04bbb0a62725,428c04bbb0a62725
vulkan,game_load.s3tc_sync_factor.dxt1_ring_payload_generations,leaf,,PASS,PASS,PASS,PASS,NOT_COMPARABLE,OUTCOME_AND_HASH_MATCH,OUTCOME_AND_HASH_MATCH,OUTCOME_AND_HASH_MATCH,+bad,,16500,16593,16612,16651,-0.11,-0.56,,-0.23,,3403675459d4d3d5,3403675459d4d3d5,3403675459d4d3d5,3403675459d4d3d5
vulkan,game_load.s3tc_sync_factor.dxt1_same_address_queued,leaf,,PASS,PASS,PASS,PASS,NOT_COMPARABLE,HASH_INELIGIBLE_OUTCOME_MATCH,HASH_INELIGIBLE_OUTCOME_MATCH,HASH_INELIGIBLE_OUTCOME_MATCH,+bad,,16648,16713,16746,16645,-0.20,-0.39,,+0.60,,a6f06fa8e5026141,3a2375ffd2737565,53ffa8c61330e3c8,ce09fa4c5da79a74
vulkan,game_load.s3tc_sync_factor.dxt1_same_address_wait,leaf,,PASS,PASS,PASS,PASS,NOT_COMPARABLE,OUTCOME_AND_HASH_MATCH,OUTCOME_AND_HASH_MATCH,OUTCOME_AND_HASH_MATCH,+bad,,16497,16572,16780,16584,-1.26,-0.45,,+1.17,,3403675459d4d3d5,3403675459d4d3d5,3403675459d4d3d5,3403675459d4d3d5
vulkan,game_load.s3tc_sync_factor.rgba8_dirty_once_redraw,leaf,,PASS,PASS,PASS,PASS,NOT_COMPARABLE,OUTCOME_AND_HASH_MATCH,OUTCOME_AND_HASH_MATCH,OUTCOME_AND_HASH_MATCH,+bad,,16525,16561,16588,16534,-0.16,-0.22,,+0.33,,428c04bbb0a62725,428c04bbb0a62725,428c04bbb0a62725,428c04bbb0a62725
vulkan,game_load.s3tc_sync_factor.rgba8_ring_payload_generations,leaf,,PASS,PASS,PASS,PASS,NOT_COMPARABLE,OUTCOME_AND_HASH_MATCH,OUTCOME_AND_HASH_MATCH,OUTCOME_AND_HASH_MATCH,+bad,,49732,49698,50012,49897,-0.63,+0.07,,+0.23,,3403675459d4d3d5,3403675459d4d3d5,3403675459d4d3d5,3403675459d4d3d5
vulkan,game_load.s3tc_sync_factor.rgba8_same_address_queued,leaf,,PASS,PASS,PASS,PASS,NOT_COMPARABLE,HASH_INELIGIBLE_OUTCOME_MATCH,HASH_INELIGIBLE_OUTCOME_MATCH,HASH_INELIGIBLE_OUTCOME_MATCH,+bad,,49793,49988,49668,49230,+0.64,-0.39,,+0.88,,270f297597abf23e,96fd62f4d17aae5c,6dfd347cfc6aebdd,cc2f84e4c0157c4c
vulkan,game_load.s3tc_sync_factor.rgba8_same_address_wait,leaf,,PASS,PASS,PASS,PASS,NOT_COMPARABLE,OUTCOME_AND_HASH_MATCH,OUTCOME_AND_HASH_MATCH,OUTCOME_AND_HASH_MATCH,+bad,,49487,49626,50219,49955,-1.19,-0.28,,+0.53,,3403675459d4d3d5,3403675459d4d3d5,3403675459d4d3d5,3403675459d4d3d5
vulkan,high_vertex_count.arrays,leaf,,PASS,PASS,PASS,PASS,NOT_COMPARABLE,OUTCOME_AND_HASH_MATCH,OUTCOME_AND_HASH_MATCH,OUTCOME_AND_HASH_MATCH,+bad,,90,90,80,84,+11.11,+0.00,,-5.00,,a27c67890c2d9083,a27c67890c2d9083,a27c67890c2d9083,a27c67890c2d9083
vulkan,high_vertex_count.inline_arrays,leaf,,PASS,PASS,PASS,PASS,NOT_COMPARABLE,OUTCOME_AND_HASH_MATCH,OUTCOME_AND_HASH_MATCH,OUTCOME_AND_HASH_MATCH,+bad,,47359,47057,47498,49619,-0.94,+0.64,,-4.47,,a27c67890c2d9083,a27c67890c2d9083,a27c67890c2d9083,a27c67890c2d9083
vulkan,high_vertex_count.inline_buffers,leaf,,PASS,PASS,PASS,PASS,NOT_COMPARABLE,OUTCOME_AND_HASH_MATCH,OUTCOME_AND_HASH_MATCH,OUTCOME_AND_HASH_MATCH,+bad,,238302,240948,238273,246296,+1.11,-1.11,,-3.37,,a27c67890c2d9083,a27c67890c2d9083,a27c67890c2d9083,a27c67890c2d9083
vulkan,high_vertex_count.inline_elements,leaf,,PASS,PASS,PASS,PASS,NOT_COMPARABLE,OUTCOME_AND_HASH_MATCH,OUTCOME_AND_HASH_MATCH,OUTCOME_AND_HASH_MATCH,+bad,,4001,4046,4026,4111,+0.49,-1.12,,-2.11,,a27c67890c2d9083,a27c67890c2d9083,a27c67890c2d9083,a27c67890c2d9083
vulkan,pfifo_array_elements.array_element16,leaf,,PASS,PASS,PASS,PASS,NOT_COMPARABLE,OUTCOME_AND_HASH_MATCH,OUTCOME_AND_HASH_MATCH,OUTCOME_AND_HASH_MATCH,+bad,,598,618,573,580,+7.28,-3.34,,-1.22,,9c884de2a5d32325,9c884de2a5d32325,9c884de2a5d32325,9c884de2a5d32325
vulkan,pfifo_array_elements.array_element32,leaf,,PASS,PASS,PASS,PASS,NOT_COMPARABLE,OUTCOME_AND_HASH_MATCH,OUTCOME_AND_HASH_MATCH,OUTCOME_AND_HASH_MATCH,+bad,,1005,1038,1008,1043,+2.89,-3.28,,-3.47,,e079f0cf1a994325,e079f0cf1a994325,e079f0cf1a994325,e079f0cf1a994325
vulkan,pfifo_array_elements.array_element_pgr2,leaf,,PASS,PASS,PASS,PASS,NOT_COMPARABLE,OUTCOME_AND_HASH_MATCH,OUTCOME_AND_HASH_MATCH,OUTCOME_AND_HASH_MATCH,+bad,,481,480,466,493,+2.92,+0.21,,-5.79,,bbc8b0702ffd0325,bbc8b0702ffd0325,bbc8b0702ffd0325,bbc8b0702ffd0325
vulkan,pfifo_packet_boundary.array_element16_overflow,leaf,,PASS,PASS,PASS,PASS,NOT_COMPARABLE,OUTCOME_AND_HASH_MATCH,OUTCOME_AND_HASH_MATCH,OUTCOME_AND_HASH_MATCH,+bad,,15768,15930,15897,16529,+0.21,-1.03,,-3.98,,4d1756526f052325,4d1756526f052325,4d1756526f052325,4d1756526f052325
vulkan,pfifo_packet_boundary.array_element32_overflow,leaf,,PASS,PASS,PASS,PASS,NOT_COMPARABLE,OUTCOME_AND_HASH_MATCH,OUTCOME_AND_HASH_MATCH,OUTCOME_AND_HASH_MATCH,+bad,,30852,31432,31138,32249,+0.94,-1.88,,-3.57,,6eb7071be692a325,6eb7071be692a325,6eb7071be692a325,6eb7071be692a325
vulkan,pfifo_packet_boundary.incrementing_inline_fallback,leaf,,PASS,PASS,PASS,PASS,NOT_COMPARABLE,OUTCOME_AND_HASH_MATCH,OUTCOME_AND_HASH_MATCH,OUTCOME_AND_HASH_MATCH,+bad,,106,115,108,108,+6.09,-8.49,,+0.00,,640439ee8ecd2325,640439ee8ecd2325,640439ee8ecd2325,640439ee8ecd2325
vulkan,pfifo_packet_boundary.inline_array_overflow,leaf,,PASS,PASS,PASS,PASS,NOT_COMPARABLE,OUTCOME_AND_HASH_MATCH,OUTCOME_AND_HASH_MATCH,OUTCOME_AND_HASH_MATCH,+bad,,30681,31458,32458,31607,-3.18,-2.53,,+2.62,,847da1930526a325,847da1930526a325,847da1930526a325,847da1930526a325
vulkan,pipeline_texture_switch.clear_texture_normal,leaf,,PASS,PASS,PASS,PASS,NOT_COMPARABLE,OUTCOME_AND_HASH_MATCH,OUTCOME_AND_HASH_MATCH,OUTCOME_AND_HASH_MATCH,+bad,,28268,28035,29726,29734,-6.03,+0.82,,-0.03,,22ba4f1405cda325,22ba4f1405cda325,22ba4f1405cda325,22ba4f1405cda325
vulkan,pipeline_texture_switch.palette_dma_remap,leaf,,PASS,PASS,PASS,PASS,NOT_COMPARABLE,OUTCOME_AND_HASH_MATCH,OUTCOME_AND_HASH_MATCH,OUTCOME_AND_HASH_MATCH,+bad,,20386,22585,59056,57815,-161.48,-10.79,,+2.10,,fbf687de65082325,fbf687de65082325,fbf687de65082325,fbf687de65082325
vulkan,pipeline_texture_switch.palette_only_update,leaf,,PASS,PASS,PASS,PASS,NOT_COMPARABLE,OUTCOME_AND_HASH_MATCH,OUTCOME_AND_HASH_MATCH,OUTCOME_AND_HASH_MATCH,+bad,,21228,21062,28074,28318,-33.29,+0.78,,-0.87,,467aab2f95cda325,467aab2f95cda325,467aab2f95cda325,467aab2f95cda325
vulkan,pipeline_texture_switch.sampler_only_identity,leaf,,PASS,PASS,PASS,PASS,NOT_COMPARABLE,OUTCOME_AND_HASH_MATCH,OUTCOME_AND_HASH_MATCH,OUTCOME_AND_HASH_MATCH,+bad,,21423,21593,22301,22551,-3.28,-0.79,,-1.12,,0b8438c8404da325,0b8438c8404da325,0b8438c8404da325,0b8438c8404da325
vulkan,pipeline_texture_switch.shader_negative_control,leaf,,PASS,PASS,PASS,PASS,NOT_COMPARABLE,OUTCOME_AND_HASH_MATCH,OUTCOME_AND_HASH_MATCH,OUTCOME_AND_HASH_MATCH,+bad,,18607,18951,20322,21010,-7.23,-1.85,,-3.39,,f110c8bd6338c325,f110c8bd6338c325,f110c8bd6338c325,f110c8bd6338c325
vulkan,pipeline_texture_switch.shared_page_overlap,leaf,,PASS,PASS,PASS,PASS,NOT_COMPARABLE,OUTCOME_AND_HASH_MATCH,OUTCOME_AND_HASH_MATCH,OUTCOME_AND_HASH_MATCH,+bad,,18193,18579,19032,18678,-2.44,-2.12,,+1.86,,83bb59a8648da325,83bb59a8648da325,83bb59a8648da325,83bb59a8648da325
vulkan,pipeline_texture_switch.texture_dma_remap,leaf,,PASS,PASS,PASS,PASS,NOT_COMPARABLE,OUTCOME_AND_HASH_MATCH,OUTCOME_AND_HASH_MATCH,OUTCOME_AND_HASH_MATCH,+bad,,23263,22817,35940,35354,-57.51,+1.92,,+1.63,,fbf687de65082325,fbf687de65082325,fbf687de65082325,fbf687de65082325
vulkan,pipeline_texture_switch.texture_switch,leaf,,PASS,PASS,PASS,PASS,NOT_COMPARABLE,OUTCOME_AND_HASH_MATCH,OUTCOME_AND_HASH_MATCH,OUTCOME_AND_HASH_MATCH,+bad,,17697,17841,18259,18923,-2.34,-0.81,,-3.64,,8ae05d31fb00c325,8ae05d31fb00c325,8ae05d31fb00c325,8ae05d31fb00c325
vulkan,primitive_type.line_loop.fixed_function,leaf,,PASS,PASS,PASS,PASS,NOT_COMPARABLE,OUTCOME_AND_HASH_MATCH,OUTCOME_AND_HASH_MATCH,OUTCOME_AND_HASH_MATCH,+bad,,668,676,684,687,-1.18,-1.20,,-0.44,,f2158581ac6e3919,f2158581ac6e3919,f2158581ac6e3919,f2158581ac6e3919
vulkan,primitive_type.line_loop.vertex_shader,leaf,,PASS,PASS,PASS,PASS,NOT_COMPARABLE,OUTCOME_AND_HASH_MATCH,OUTCOME_AND_HASH_MATCH,OUTCOME_AND_HASH_MATCH,+bad,,673,684,679,602,+0.73,-1.63,,+11.34,,f2158581ac6e3919,f2158581ac6e3919,f2158581ac6e3919,f2158581ac6e3919
vulkan,primitive_type.line_strip.fixed_function,leaf,,PASS,PASS,PASS,PASS,NOT_COMPARABLE,OUTCOME_AND_HASH_MATCH,OUTCOME_AND_HASH_MATCH,OUTCOME_AND_HASH_MATCH,+bad,,669,687,674,656,+1.89,-2.69,,+2.67,,f2158581ac6e3919,f2158581ac6e3919,f2158581ac6e3919,f2158581ac6e3919
vulkan,primitive_type.line_strip.vertex_shader,leaf,,PASS,PASS,PASS,PASS,NOT_COMPARABLE,OUTCOME_AND_HASH_MATCH,OUTCOME_AND_HASH_MATCH,OUTCOME_AND_HASH_MATCH,+bad,,676,703,675,678,+3.98,-3.99,,-0.44,,f2158581ac6e3919,f2158581ac6e3919,f2158581ac6e3919,f2158581ac6e3919
vulkan,primitive_type.lines.fixed_function,leaf,,PASS,PASS,PASS,PASS,NOT_COMPARABLE,OUTCOME_AND_HASH_MATCH,OUTCOME_AND_HASH_MATCH,OUTCOME_AND_HASH_MATCH,+bad,,1266,1303,1305,1295,-0.15,-2.92,,+0.77,,1766a7f93aa72a14,1766a7f93aa72a14,1766a7f93aa72a14,1766a7f93aa72a14
vulkan,primitive_type.lines.vertex_shader,leaf,,PASS,PASS,PASS,PASS,NOT_COMPARABLE,OUTCOME_AND_HASH_MATCH,OUTCOME_AND_HASH_MATCH,OUTCOME_AND_HASH_MATCH,+bad,,1265,1319,1291,1308,+2.12,-4.27,,-1.32,,1766a7f93aa72a14,1766a7f93aa72a14,1766a7f93aa72a14,1766a7f93aa72a14
vulkan,primitive_type.points.fixed_function,leaf,,PASS,PASS,PASS,PASS,NOT_COMPARABLE,OUTCOME_AND_HASH_MATCH,OUTCOME_AND_HASH_MATCH,OUTCOME_AND_HASH_MATCH,+bad,,664,698,690,703,+1.15,-5.12,,-1.88,,5b296619f665c070,5b296619f665c070,5b296619f665c070,5b296619f665c070
vulkan,primitive_type.points.vertex_shader,leaf,,PASS,PASS,PASS,PASS,NOT_COMPARABLE,OUTCOME_AND_HASH_MATCH,OUTCOME_AND_HASH_MATCH,OUTCOME_AND_HASH_MATCH,+bad,,667,692,679,703,+1.88,-3.75,,-3.53,,5b296619f665c070,5b296619f665c070,5b296619f665c070,5b296619f665c070
vulkan,primitive_type.polygon.fixed_function,leaf,,PASS,PASS,PASS,PASS,NOT_COMPARABLE,OUTCOME_AND_HASH_MATCH,OUTCOME_AND_HASH_MATCH,OUTCOME_AND_HASH_MATCH,+bad,,681,677,685,663,-1.18,+0.59,,+3.21,,2c4beaa06aba1000,2c4beaa06aba1000,2c4beaa06aba1000,2c4beaa06aba1000
vulkan,primitive_type.polygon.vertex_shader,leaf,,PASS,PASS,PASS,PASS,NOT_COMPARABLE,OUTCOME_AND_HASH_MATCH,OUTCOME_AND_HASH_MATCH,OUTCOME_AND_HASH_MATCH,+bad,,677,679,675,678,+0.59,-0.30,,-0.44,,2c4beaa06aba1000,2c4beaa06aba1000,2c4beaa06aba1000,2c4beaa06aba1000
vulkan,primitive_type.quad_strip.fixed_function,leaf,,PASS,PASS,PASS,PASS,NOT_COMPARABLE,OUTCOME_AND_HASH_MATCH,OUTCOME_AND_HASH_MATCH,OUTCOME_AND_HASH_MATCH,+bad,,1260,1308,1299,1311,+0.69,-3.81,,-0.92,,f64b4495347cec73,f64b4495347cec73,f64b4495347cec73,f64b4495347cec73
vulkan,primitive_type.quad_strip.vertex_shader,leaf,,PASS,PASS,PASS,PASS,NOT_COMPARABLE,OUTCOME_AND_HASH_MATCH,OUTCOME_AND_HASH_MATCH,OUTCOME_AND_HASH_MATCH,+bad,,1266,1286,1285,1305,+0.08,-1.58,,-1.56,,f64b4495347cec73,f64b4495347cec73,f64b4495347cec73,f64b4495347cec73
vulkan,primitive_type.quads.fixed_function,leaf,,PASS,PASS,PASS,PASS,NOT_COMPARABLE,OUTCOME_AND_HASH_MATCH,OUTCOME_AND_HASH_MATCH,OUTCOME_AND_HASH_MATCH,+bad,,2496,2541,2536,2589,+0.20,-1.80,,-2.09,,114a1419338256e5,114a1419338256e5,114a1419338256e5,114a1419338256e5
vulkan,primitive_type.quads.vertex_shader,leaf,,PASS,PASS,PASS,PASS,NOT_COMPARABLE,OUTCOME_AND_HASH_MATCH,OUTCOME_AND_HASH_MATCH,OUTCOME_AND_HASH_MATCH,+bad,,2496,2564,2561,2584,+0.12,-2.72,,-0.90,,114a1419338256e5,114a1419338256e5,114a1419338256e5,114a1419338256e5
vulkan,primitive_type.triangle_fan.fixed_function,leaf,,PASS,PASS,PASS,PASS,NOT_COMPARABLE,OUTCOME_AND_HASH_MATCH,OUTCOME_AND_HASH_MATCH,OUTCOME_AND_HASH_MATCH,+bad,,678,691,679,681,+1.74,-1.92,,-0.29,,36644f0fd11db166,36644f0fd11db166,36644f0fd11db166,36644f0fd11db166
vulkan,primitive_type.triangle_fan.vertex_shader,leaf,,PASS,PASS,PASS,PASS,NOT_COMPARABLE,OUTCOME_AND_HASH_MATCH,OUTCOME_AND_HASH_MATCH,OUTCOME_AND_HASH_MATCH,+bad,,712,677,665,681,+1.77,+4.92,,-2.41,,36644f0fd11db166,36644f0fd11db166,36644f0fd11db166,36644f0fd11db166
vulkan,primitive_type.triangle_strip.fixed_function,leaf,,PASS,PASS,PASS,PASS,NOT_COMPARABLE,OUTCOME_AND_HASH_MATCH,OUTCOME_AND_HASH_MATCH,OUTCOME_AND_HASH_MATCH,+bad,,669,685,665,659,+2.92,-2.39,,+0.90,,d7b289579fdaa1ab,d7b289579fdaa1ab,d7b289579fdaa1ab,d7b289579fdaa1ab
vulkan,primitive_type.triangle_strip.vertex_shader,leaf,,PASS,PASS,PASS,PASS,NOT_COMPARABLE,OUTCOME_AND_HASH_MATCH,OUTCOME_AND_HASH_MATCH,OUTCOME_AND_HASH_MATCH,+bad,,686,690,673,673,+2.46,-0.58,,+0.00,,d7b289579fdaa1ab,d7b289579fdaa1ab,d7b289579fdaa1ab,d7b289579fdaa1ab
vulkan,primitive_type.triangles.fixed_function,leaf,,PASS,PASS,PASS,PASS,NOT_COMPARABLE,OUTCOME_AND_HASH_MATCH,OUTCOME_AND_HASH_MATCH,OUTCOME_AND_HASH_MATCH,+bad,,1875,1912,1955,1908,-2.25,-1.97,,+2.40,,72f05baf369ceb60,72f05baf369ceb60,72f05baf369ceb60,72f05baf369ceb60
vulkan,primitive_type.triangles.vertex_shader,leaf,,PASS,PASS,PASS,PASS,NOT_COMPARABLE,OUTCOME_AND_HASH_MATCH,OUTCOME_AND_HASH_MATCH,OUTCOME_AND_HASH_MATCH,+bad,,1858,1915,1905,1923,+0.52,-3.07,,-0.94,,72f05baf369ceb60,72f05baf369ceb60,72f05baf369ceb60,72f05baf369ceb60
vulkan,report_query.clear_boundary,leaf,,PASS,PASS,PASS,PASS,NOT_COMPARABLE,OUTCOME_AND_HASH_MATCH,OUTCOME_AND_HASH_MATCH,OUTCOME_AND_HASH_MATCH,+bad,,1500,1559,1580,1696,-1.35,-3.93,,-7.34,,b5eb7c4b9c8da325,b5eb7c4b9c8da325,b5eb7c4b9c8da325,b5eb7c4b9c8da325
vulkan,report_query.dma_descriptor_rewrite,leaf,,PASS,PASS,PASS,PASS,NOT_COMPARABLE,OUTCOME_AND_HASH_MATCH,OUTCOME_AND_HASH_MATCH,OUTCOME_AND_HASH_MATCH,+bad,,8098,20093,9069,5908,+54.86,-148.12,,+34.86,,c0c0fdbececda325,c0c0fdbececda325,c0c0fdbececda325,c0c0fdbececda325
vulkan,report_query.dma_range_guard,leaf,,FAIL,FAIL,FAIL,FAIL,NOT_COMPARABLE,OUTCOME_AND_HASH_MATCH,OUTCOME_AND_HASH_MATCH,OUTCOME_AND_HASH_MATCH,,,12128167,12030380,12300239,12082242,,,,,,3f648ce11a4da325,3f648ce11a4da325,3f648ce11a4da325,3f648ce11a4da325
vulkan,report_query.dma_target_switch,leaf,,PASS,PASS,PASS,PASS,NOT_COMPARABLE,OUTCOME_AND_HASH_MATCH,OUTCOME_AND_HASH_MATCH,OUTCOME_AND_HASH_MATCH,+bad,,1436,1637,1604,1269,+2.02,-14.00,,+20.89,,4c4bd8cd440da325,4c4bd8cd440da325,4c4bd8cd440da325,4c4bd8cd440da325
vulkan,report_query.fifo_producer_ordering,leaf,,PASS,PASS,PASS,PASS,NOT_COMPARABLE,OUTCOME_AND_HASH_MATCH,OUTCOME_AND_HASH_MATCH,OUTCOME_AND_HASH_MATCH,+bad,,2153,2540,2468,2395,+2.83,-17.97,,+2.96,,0d907c24a88da325,0d907c24a88da325,0d907c24a88da325,0d907c24a88da325
vulkan,report_query.multiple_boundaries,leaf,,PASS,PASS,PASS,PASS,NOT_COMPARABLE,OUTCOME_AND_HASH_MATCH,OUTCOME_AND_HASH_MATCH,OUTCOME_AND_HASH_MATCH,+bad,,1212,1225,1178,1367,+3.84,-1.07,,-16.04,,0c966fc9ba4da325,0c966fc9ba4da325,0c966fc9ba4da325,0c966fc9ba4da325
vulkan,report_query.single_boundary,leaf,,PASS,PASS,PASS,PASS,NOT_COMPARABLE,OUTCOME_AND_HASH_MATCH,OUTCOME_AND_HASH_MATCH,OUTCOME_AND_HASH_MATCH,+bad,,1218,1196,1123,1183,+6.10,+1.81,,-5.34,,60e674c9fecda325,60e674c9fecda325,60e674c9fecda325,60e674c9fecda325
vulkan,report_query.zero_query,leaf,,PASS,PASS,PASS,PASS,NOT_COMPARABLE,OUTCOME_AND_HASH_MATCH,OUTCOME_AND_HASH_MATCH,OUTCOME_AND_HASH_MATCH,+bad,,1105,1174,1074,1186,+8.52,-6.24,,-10.43,,23875dfeb40da325,23875dfeb40da325,23875dfeb40da325,23875dfeb40da325
vulkan,surface.basic,leaf,,PASS,PASS,PASS,PASS,NOT_COMPARABLE,OUTCOME_AND_HASH_MATCH,OUTCOME_AND_HASH_MATCH,OUTCOME_AND_HASH_MATCH,+bad,,35276,36918,35956,37349,+2.61,-4.65,,-3.87,,5a719d88d8221fb2,5a719d88d8221fb2,5a719d88d8221fb2,5a719d88d8221fb2
vulkan,surface.cpu_read_after_gpu_write,leaf,,PASS,PASS,PASS,PASS,NOT_COMPARABLE,OUTCOME_AND_HASH_MATCH,OUTCOME_AND_HASH_MATCH,OUTCOME_AND_HASH_MATCH,+bad,,1847,1854,1577,1953,+14.94,-0.38,,-23.84,,76ea18af98322325,76ea18af98322325,76ea18af98322325,76ea18af98322325
vulkan,surface.cpu_read_clean_surface,leaf,,PASS,PASS,PASS,PASS,NOT_COMPARABLE,OUTCOME_AND_HASH_MATCH,OUTCOME_AND_HASH_MATCH,OUTCOME_AND_HASH_MATCH,+bad,,57,57,58,58,-1.75,+0.00,,+0.00,,d3267b427820a325,d3267b427820a325,d3267b427820a325,d3267b427820a325
vulkan,surface.framebuffer_working_set_002,leaf,,PASS,PASS,PASS,PASS,NOT_COMPARABLE,OUTCOME_AND_HASH_MATCH,OUTCOME_AND_HASH_MATCH,OUTCOME_AND_HASH_MATCH,+bad,,2070,2200,2055,2027,+6.59,-6.28,,+1.36,,9f3b0609a42777d5,9f3b0609a42777d5,9f3b0609a42777d5,9f3b0609a42777d5
vulkan,surface.framebuffer_working_set_008,leaf,,PASS,PASS,PASS,PASS,NOT_COMPARABLE,OUTCOME_AND_HASH_MATCH,OUTCOME_AND_HASH_MATCH,OUTCOME_AND_HASH_MATCH,+bad,,2158,2280,2079,1900,+8.82,-5.65,,+8.61,,64cbf95dec8f59e5,64cbf95dec8f59e5,64cbf95dec8f59e5,64cbf95dec8f59e5
vulkan,surface.framebuffer_working_set_032,leaf,,PASS,PASS,PASS,PASS,NOT_COMPARABLE,OUTCOME_AND_HASH_MATCH,OUTCOME_AND_HASH_MATCH,OUTCOME_AND_HASH_MATCH,+bad,,2206,2140,2037,1932,+4.81,+2.99,,+5.15,,a6116feb11a28c25,a6116feb11a28c25,a6116feb11a28c25,a6116feb11a28c25
vulkan,surface.framebuffer_working_set_064,leaf,,PASS,PASS,PASS,PASS,NOT_COMPARABLE,OUTCOME_AND_HASH_MATCH,OUTCOME_AND_HASH_MATCH,OUTCOME_AND_HASH_MATCH,+bad,,2102,2411,2540,2076,-5.35,-14.70,,+18.27,,a6116feb11a28c25,a6116feb11a28c25,a6116feb11a28c25,a6116feb11a28c25
vulkan,surface.full_clear_elision_guard,leaf,,PASS,PASS,PASS,PASS,NOT_COMPARABLE,OUTCOME_AND_HASH_MATCH,OUTCOME_AND_HASH_MATCH,OUTCOME_AND_HASH_MATCH,+bad,,2927,2621,3047,2984,-16.25,+10.45,,+2.07,,4f05ccd43f43d495,4f05ccd43f43d495,4f05ccd43f43d495,4f05ccd43f43d495
vulkan,surface.overlapping_surface_churn_representative,leaf,,PASS,PASS,PASS,PASS,NOT_COMPARABLE,OUTCOME_AND_HASH_MATCH,OUTCOME_AND_HASH_MATCH,OUTCOME_AND_HASH_MATCH,+bad,,2942,2856,2896,2926,-1.40,+2.92,,-1.04,,caf66d4bf5691525,caf66d4bf5691525,caf66d4bf5691525,caf66d4bf5691525
vulkan,surface.overlapping_surface_churn_stress,leaf,,PASS,PASS,PASS,PASS,NOT_COMPARABLE,OUTCOME_AND_HASH_MATCH,OUTCOME_AND_HASH_MATCH,OUTCOME_AND_HASH_MATCH,+bad,,46066,45390,43274,43107,+4.66,+1.47,,+0.39,,caf66d4bf5691525,caf66d4bf5691525,caf66d4bf5691525,caf66d4bf5691525
vulkan,surface.partial_channel_clear_guard,leaf,,PASS,PASS,PASS,PASS,NOT_COMPARABLE,OUTCOME_AND_HASH_MATCH,OUTCOME_AND_HASH_MATCH,OUTCOME_AND_HASH_MATCH,+bad,,1920,1822,1825,1869,-0.16,+5.10,,-2.41,,eb2cb498aa73af25,eb2cb498aa73af25,eb2cb498aa73af25,eb2cb498aa73af25
vulkan,surface.surface_download_path,leaf,,PASS,PASS,PASS,PASS,NOT_COMPARABLE,OUTCOME_AND_HASH_MATCH,OUTCOME_AND_HASH_MATCH,OUTCOME_AND_HASH_MATCH,+bad,,32035,32164,32270,31490,-0.33,-0.40,,+2.42,,2b0e8aac0f8838e8,2b0e8aac0f8838e8,2b0e8aac0f8838e8,2b0e8aac0f8838e8
vulkan,surface.surface_list_lookup_002,leaf,,PASS,PASS,PASS,PASS,NOT_COMPARABLE,OUTCOME_AND_HASH_MATCH,OUTCOME_AND_HASH_MATCH,OUTCOME_AND_HASH_MATCH,+bad,,1644,1676,1646,1500,+1.79,-1.95,,+8.87,,dce4c9394e7a3f35,dce4c9394e7a3f35,dce4c9394e7a3f35,dce4c9394e7a3f35
vulkan,surface.surface_list_lookup_008,leaf,,PASS,PASS,PASS,PASS,NOT_COMPARABLE,OUTCOME_AND_HASH_MATCH,OUTCOME_AND_HASH_MATCH,OUTCOME_AND_HASH_MATCH,+bad,,1661,1764,1614,1519,+8.50,-6.20,,+5.89,,bf1fe5b8fe78a94d,bf1fe5b8fe78a94d,bf1fe5b8fe78a94d,bf1fe5b8fe78a94d
vulkan,surface.surface_list_lookup_032,leaf,,PASS,PASS,PASS,PASS,NOT_COMPARABLE,OUTCOME_AND_HASH_MATCH,OUTCOME_AND_HASH_MATCH,OUTCOME_AND_HASH_MATCH,+bad,,1730,1717,1655,1642,+3.61,+0.75,,+0.79,,c6275b91195a5325,c6275b91195a5325,c6275b91195a5325,c6275b91195a5325
vulkan,surface.surface_list_lookup_128,leaf,,PASS,PASS,PASS,PASS,NOT_COMPARABLE,OUTCOME_AND_HASH_MATCH,OUTCOME_AND_HASH_MATCH,OUTCOME_AND_HASH_MATCH,+bad,,1872,1869,1849,1724,+1.07,+0.16,,+6.76,,c6275b91195a5325,c6275b91195a5325,c6275b91195a5325,c6275b91195a5325
vulkan,surface.vulkan_memory_pressure.representative,group,,PASS,PASS,PASS,PASS,NOT_COMPARABLE,OUTCOME_AND_HASH_MATCH,OUTCOME_AND_HASH_MATCH,OUTCOME_AND_HASH_MATCH,,,,,,,,,,,,7e188dabb186cb25,7e188dabb186cb25,7e188dabb186cb25,7e188dabb186cb25
vulkan,surface.vulkan_memory_pressure.representative.alias_resize,leaf,,PASS,PASS,PASS,PASS,NOT_COMPARABLE,OUTCOME_AND_HASH_MATCH,OUTCOME_AND_HASH_MATCH,OUTCOME_AND_HASH_MATCH,+bad,,27840,27322,29547,27422,-8.14,+1.86,,+7.19,,0c26236493b4d325,0c26236493b4d325,0c26236493b4d325,0c26236493b4d325
vulkan,surface.vulkan_memory_pressure.representative.growth,leaf,,PASS,PASS,PASS,PASS,NOT_COMPARABLE,OUTCOME_AND_HASH_MATCH,OUTCOME_AND_HASH_MATCH,OUTCOME_AND_HASH_MATCH,+bad,,27202,27470,28584,26830,-4.06,-0.99,,+6.14,,c1b304b452852b25,c1b304b452852b25,c1b304b452852b25,c1b304b452852b25
vulkan,surface.vulkan_memory_pressure.representative.idle_retention,leaf,,PASS,PASS,PASS,PASS,NOT_COMPARABLE,OUTCOME_AND_HASH_MATCH,OUTCOME_AND_HASH_MATCH,OUTCOME_AND_HASH_MATCH,+bad,,604,642,605,603,+5.76,-6.29,,+0.33,,3a8651789ea0fa25,3a8651789ea0fa25,3a8651789ea0fa25,3a8651789ea0fa25
vulkan,surface.vulkan_memory_pressure.representative.plateau,leaf,,PASS,PASS,PASS,PASS,NOT_COMPARABLE,OUTCOME_AND_HASH_MATCH,OUTCOME_AND_HASH_MATCH,OUTCOME_AND_HASH_MATCH,+bad,,26653,26781,28432,26723,-6.16,-0.48,,+6.01,,730005d86af45b25,730005d86af45b25,730005d86af45b25,730005d86af45b25
vulkan,surface.vulkan_memory_pressure.representative.reuse,leaf,,PASS,PASS,PASS,PASS,NOT_COMPARABLE,OUTCOME_AND_HASH_MATCH,OUTCOME_AND_HASH_MATCH,OUTCOME_AND_HASH_MATCH,+bad,,26270,27419,28958,26653,-5.61,-4.37,,+7.96,,3ba0d18066aacb25,3ba0d18066aacb25,3ba0d18066aacb25,3ba0d18066aacb25
vulkan,surface.vulkan_memory_pressure.stress,group,,PASS,PASS,PASS,PASS,NOT_COMPARABLE,OUTCOME_AND_HASH_MATCH,OUTCOME_AND_HASH_MATCH,OUTCOME_AND_HASH_MATCH,,,,,,,,,,,,7e188dabb186cb25,7e188dabb186cb25,7e188dabb186cb25,7e188dabb186cb25
vulkan,surface.vulkan_memory_pressure.stress.alias_resize,leaf,,PASS,PASS,PASS,PASS,NOT_COMPARABLE,OUTCOME_AND_HASH_MATCH,OUTCOME_AND_HASH_MATCH,OUTCOME_AND_HASH_MATCH,+bad,,123865,127056,123811,124242,+2.55,-2.58,,-0.35,,84a8d75f1f9d1b25,84a8d75f1f9d1b25,84a8d75f1f9d1b25,84a8d75f1f9d1b25
vulkan,surface.vulkan_memory_pressure.stress.growth,leaf,,PASS,PASS,PASS,PASS,NOT_COMPARABLE,OUTCOME_AND_HASH_MATCH,OUTCOME_AND_HASH_MATCH,OUTCOME_AND_HASH_MATCH,+bad,,114965,118507,116816,115950,+1.43,-3.08,,+0.74,,94cdb4bddb0e4b25,94cdb4bddb0e4b25,94cdb4bddb0e4b25,94cdb4bddb0e4b25
vulkan,surface.vulkan_memory_pressure.stress.idle_retention,leaf,,PASS,PASS,PASS,PASS,NOT_COMPARABLE,OUTCOME_AND_HASH_MATCH,OUTCOME_AND_HASH_MATCH,OUTCOME_AND_HASH_MATCH,+bad,,598,595,591,615,+0.67,+0.50,,-4.06,,430711a262877725,430711a262877725,430711a262877725,430711a262877725
vulkan,surface.vulkan_memory_pressure.stress.plateau,leaf,,PASS,PASS,PASS,PASS,NOT_COMPARABLE,OUTCOME_AND_HASH_MATCH,OUTCOME_AND_HASH_MATCH,OUTCOME_AND_HASH_MATCH,+bad,,117393,121443,117557,118483,+3.20,-3.45,,-0.79,,196f33989be28325,196f33989be28325,196f33989be28325,196f33989be28325
vulkan,surface.vulkan_memory_pressure.stress.reuse,leaf,,PASS,PASS,PASS,PASS,NOT_COMPARABLE,OUTCOME_AND_HASH_MATCH,OUTCOME_AND_HASH_MATCH,OUTCOME_AND_HASH_MATCH,+bad,,125993,125879,127354,125095,-1.17,+0.09,,+1.77,,fb2a6abd1cbfc725,fb2a6abd1cbfc725,fb2a6abd1cbfc725,fb2a6abd1cbfc725
vulkan,texture_cubemap_fallback.unbordered_subblock_dxt1,leaf,,PASS,PASS,PASS,PASS,NOT_COMPARABLE,OUTCOME_AND_HASH_MATCH,OUTCOME_AND_HASH_MATCH,OUTCOME_AND_HASH_MATCH,+bad,,16646,16669,16657,16786,+0.07,-0.14,,-0.77,,be0f2013c1997ca5,be0f2013c1997ca5,be0f2013c1997ca5,be0f2013c1997ca5
vulkan,tiny_draw.arrays.fixed_function,leaf,,PASS,PASS,PASS,PASS,NOT_COMPARABLE,OUTCOME_AND_HASH_MATCH,OUTCOME_AND_HASH_MATCH,OUTCOME_AND_HASH_MATCH,+bad,,20781,20844,22113,22230,-6.09,-0.30,,-0.53,,acf025546cf667b5,acf025546cf667b5,acf025546cf667b5,acf025546cf667b5
vulkan,tiny_draw.arrays.vertex_shader,leaf,,PASS,PASS,PASS,PASS,NOT_COMPARABLE,OUTCOME_AND_HASH_MATCH,OUTCOME_AND_HASH_MATCH,OUTCOME_AND_HASH_MATCH,+bad,,20864,21218,21825,22521,-2.86,-1.70,,-3.19,,acf025546cf667b5,acf025546cf667b5,acf025546cf667b5,acf025546cf667b5
vulkan,tiny_draw.inline_arrays.fixed_function,leaf,,PASS,PASS,PASS,PASS,NOT_COMPARABLE,OUTCOME_AND_HASH_MATCH,OUTCOME_AND_HASH_MATCH,OUTCOME_AND_HASH_MATCH,+bad,,35582,35700,32241,32633,+9.69,-0.33,,-1.22,,acf025546cf667b5,acf025546cf667b5,acf025546cf667b5,acf025546cf667b5
vulkan,tiny_draw.inline_arrays.vertex_shader,leaf,,PASS,PASS,PASS,PASS,NOT_COMPARABLE,OUTCOME_AND_HASH_MATCH,OUTCOME_AND_HASH_MATCH,OUTCOME_AND_HASH_MATCH,+bad,,35378,35604,32474,32240,+8.79,-0.64,,+0.72,,acf025546cf667b5,acf025546cf667b5,acf025546cf667b5,acf025546cf667b5
vulkan,tiny_draw.inline_buffers.fixed_function,leaf,,PASS,PASS,PASS,PASS,NOT_COMPARABLE,OUTCOME_AND_HASH_MATCH,OUTCOME_AND_HASH_MATCH,OUTCOME_AND_HASH_MATCH,+bad,,43769,44125,38325,38691,+13.14,-0.81,,-0.95,,acf025546cf667b5,acf025546cf667b5,acf025546cf667b5,acf025546cf667b5
vulkan,tiny_draw.inline_buffers.vertex_shader,leaf,,PASS,PASS,PASS,PASS,NOT_COMPARABLE,OUTCOME_AND_HASH_MATCH,OUTCOME_AND_HASH_MATCH,OUTCOME_AND_HASH_MATCH,+bad,,43102,44435,38088,37960,+14.28,-3.09,,+0.34,,acf025546cf667b5,acf025546cf667b5,acf025546cf667b5,acf025546cf667b5
vulkan,tiny_draw.inline_elements.fixed_function,leaf,,PASS,PASS,PASS,PASS,NOT_COMPARABLE,OUTCOME_AND_HASH_MATCH,OUTCOME_AND_HASH_MATCH,OUTCOME_AND_HASH_MATCH,+bad,,20183,20458,21380,21334,-4.51,-1.36,,+0.22,,acf025546cf667b5,acf025546cf667b5,acf025546cf667b5,acf025546cf667b5
vulkan,tiny_draw.inline_elements.vertex_shader,leaf,,PASS,PASS,PASS,PASS,NOT_COMPARABLE,OUTCOME_AND_HASH_MATCH,OUTCOME_AND_HASH_MATCH,OUTCOME_AND_HASH_MATCH,+bad,,20439,20767,21295,22063,-2.54,-1.60,,-3.61,,acf025546cf667b5,acf025546cf667b5,acf025546cf667b5,acf025546cf667b5
vulkan,uniform_thrash.uniform_thrash,leaf,,PASS,PASS,PASS,PASS,NOT_COMPARABLE,OUTCOME_AND_HASH_MATCH,OUTCOME_AND_HASH_MATCH,OUTCOME_AND_HASH_MATCH,+bad,,1786,1682,1727,1631,-2.68,+5.82,,+5.56,,09eb5907ef624c25,09eb5907ef624c25,09eb5907ef624c25,09eb5907ef624c25
vulkan,vertex_buffer_allocation.disjoint_same_page,leaf,,PASS,PASS,PASS,PASS,NOT_COMPARABLE,OUTCOME_AND_HASH_MATCH,OUTCOME_AND_HASH_MATCH,OUTCOME_AND_HASH_MATCH,+bad,,39892,40628,37504,35461,+7.69,-1.84,,+5.45,,fdcd25a37910bb25,fdcd25a37910bb25,fdcd25a37910bb25,fdcd25a37910bb25
vulkan,vertex_buffer_allocation.mixed.arrays,leaf,,PASS,PASS,PASS,PASS,NOT_COMPARABLE,OUTCOME_AND_HASH_MATCH,OUTCOME_AND_HASH_MATCH,OUTCOME_AND_HASH_MATCH,+bad,,23940,24009,24066,24111,-0.24,-0.29,,-0.19,,377e6c029807f325,377e6c029807f325,377e6c029807f325,377e6c029807f325
vulkan,vertex_buffer_allocation.mixed.inline_arrays,leaf,,PASS,PASS,PASS,PASS,NOT_COMPARABLE,OUTCOME_AND_HASH_MATCH,OUTCOME_AND_HASH_MATCH,OUTCOME_AND_HASH_MATCH,+bad,,134187,135680,136060,138221,-0.28,-1.11,,-1.59,,377e6c029807f325,377e6c029807f325,377e6c029807f325,377e6c029807f325
vulkan,vertex_buffer_allocation.mixed.inline_buffers,leaf,,PASS,PASS,PASS,PASS,NOT_COMPARABLE,OUTCOME_AND_HASH_MATCH,OUTCOME_AND_HASH_MATCH,OUTCOME_AND_HASH_MATCH,+bad,,602753,609523,612059,623742,-0.42,-1.12,,-1.91,,377e6c029807f325,377e6c029807f325,377e6c029807f325,377e6c029807f325
vulkan,vertex_buffer_allocation.mixed.inline_elements,leaf,,PASS,PASS,PASS,PASS,NOT_COMPARABLE,OUTCOME_AND_HASH_MATCH,OUTCOME_AND_HASH_MATCH,OUTCOME_AND_HASH_MATCH,+bad,,36199,36629,33270,33847,+9.17,-1.19,,-1.73,,377e6c029807f325,377e6c029807f325,377e6c029807f325,377e6c029807f325
vulkan,vertex_buffer_allocation.ordered_same_page_overwrite,leaf,,PASS,PASS,PASS,PASS,NOT_COMPARABLE,OUTCOME_AND_HASH_MATCH,OUTCOME_AND_HASH_MATCH,OUTCOME_AND_HASH_MATCH,+bad,,14865,14762,14849,15565,-0.59,+0.69,,-4.82,,bbc8caeedc9dff25,bbc8caeedc9dff25,bbc8caeedc9dff25,bbc8caeedc9dff25
vulkan,vertex_buffer_allocation.rising_transient_growth,leaf,,PASS,PASS,PASS,PASS,NOT_COMPARABLE,OUTCOME_AND_HASH_MATCH,OUTCOME_AND_HASH_MATCH,OUTCOME_AND_HASH_MATCH,+bad,,654833,670891,685200,696287,-2.13,-2.45,,-1.62,,377e6c029807f325,377e6c029807f325,377e6c029807f325,377e6c029807f325
vulkan,vertex_buffer_allocation.three_generation_overwrite,leaf,,PASS,PASS,PASS,PASS,NOT_COMPARABLE,OUTCOME_AND_HASH_MATCH,OUTCOME_AND_HASH_MATCH,OUTCOME_AND_HASH_MATCH,+bad,,321953,327744,282587,118263,+13.78,-1.80,,+58.15,,05e2405b56d7f125,05e2405b56d7f125,05e2405b56d7f125,05e2405b56d7f125
vulkan,vertex_buffer_allocation.tiny.arrays,leaf,,PASS,PASS,PASS,PASS,NOT_COMPARABLE,OUTCOME_AND_HASH_MATCH,OUTCOME_AND_HASH_MATCH,OUTCOME_AND_HASH_MATCH,+bad,,87796,87647,81520,32483,+6.99,+0.17,,+60.15,,377e6c029807f325,377e6c029807f325,377e6c029807f325,377e6c029807f325
vulkan,vertex_buffer_allocation.tiny.inline_arrays,leaf,,PASS,PASS,PASS,PASS,NOT_COMPARABLE,OUTCOME_AND_HASH_MATCH,OUTCOME_AND_HASH_MATCH,OUTCOME_AND_HASH_MATCH,+bad,,44593,43597,42437,46167,+2.66,+2.23,,-8.79,,377e6c029807f325,377e6c029807f325,377e6c029807f325,377e6c029807f325
vulkan,vertex_buffer_allocation.tiny.inline_buffers,leaf,,PASS,PASS,PASS,PASS,NOT_COMPARABLE,OUTCOME_AND_HASH_MATCH,OUTCOME_AND_HASH_MATCH,OUTCOME_AND_HASH_MATCH,+bad,,40198,40388,39631,38619,+1.87,-0.47,,+2.55,,377e6c029807f325,377e6c029807f325,377e6c029807f325,377e6c029807f325
vulkan,vertex_buffer_allocation.tiny.inline_elements,leaf,,PASS,PASS,PASS,PASS,NOT_COMPARABLE,OUTCOME_AND_HASH_MATCH,OUTCOME_AND_HASH_MATCH,OUTCOME_AND_HASH_MATCH,+bad,,53346,53031,47918,47772,+9.64,+0.59,,+0.30,,377e6c029807f325,377e6c029807f325,377e6c029807f325,377e6c029807f325
opengl,busy_pfifo.pfifo_saturation,leaf,,PASS,PASS,PASS,PASS,NOT_COMPARABLE,OUTCOME_AND_HASH_MATCH,OUTCOME_AND_HASH_MATCH,OUTCOME_AND_HASH_MATCH,+bad,,101538,103599,103840,104128,-0.23,-2.03,,-0.28,,1508607624bb8506,1508607624bb8506,1508607624bb8506,1508607624bb8506
opengl,busy_pfifo.pgraph_pattern_polling,leaf,,PASS,PASS,PASS,PASS,NOT_COMPARABLE,OUTCOME_AND_HASH_MATCH,OUTCOME_AND_HASH_MATCH,OUTCOME_AND_HASH_MATCH,+bad,,4230123,4358152,4430509,4530311,-1.66,-3.03,,-2.25,,386d0f085e98c325,386d0f085e98c325,386d0f085e98c325,386d0f085e98c325
opengl,cpu_floating_point.sse_scalar,leaf,,PASS,PASS,PASS,PASS,NOT_COMPARABLE,OUTCOME_AND_HASH_MATCH,OUTCOME_AND_HASH_MATCH,OUTCOME_AND_HASH_MATCH,+bad,,500037,496434,516349,524824,-4.01,+0.72,,-1.64,,6962077c244da325,6962077c244da325,6962077c244da325,6962077c244da325
opengl,cpu_floating_point.x87_scalar,leaf,,PASS,PASS,PASS,PASS,NOT_COMPARABLE,OUTCOME_AND_HASH_MATCH,OUTCOME_AND_HASH_MATCH,OUTCOME_AND_HASH_MATCH,+bad,,789776,790847,817556,818396,-3.38,-0.14,,-0.10,,6962077c244da325,6962077c244da325,6962077c244da325,6962077c244da325
opengl,cpu_translation_blocks.direct_loop,leaf,,PASS,PASS,PASS,PASS,NOT_COMPARABLE,OUTCOME_AND_HASH_MATCH,OUTCOME_AND_HASH_MATCH,OUTCOME_AND_HASH_MATCH,+bad,,9802,10046,10001,10038,+0.45,-2.49,,-0.37,,bd1fc9bf0c318325,bd1fc9bf0c318325,bd1fc9bf0c318325,bd1fc9bf0c318325
opengl,cpu_translation_blocks.indirect_dispatch,leaf,,PASS,PASS,PASS,PASS,NOT_COMPARABLE,OUTCOME_AND_HASH_MATCH,OUTCOME_AND_HASH_MATCH,OUTCOME_AND_HASH_MATCH,+bad,,39520,39932,41039,40142,-2.77,-1.04,,+2.19,,c0426cf669a02325,c0426cf669a02325,c0426cf669a02325,c0426cf669a02325
opengl,cpu_translation_blocks.indirect_dispatch_stress,leaf,,PASS,PASS,PASS,PASS,NOT_COMPARABLE,OUTCOME_AND_HASH_MATCH,OUTCOME_AND_HASH_MATCH,OUTCOME_AND_HASH_MATCH,+bad,,792252,793196,818107,817104,-3.14,-0.12,,+0.12,,fbd507cb0c622325,fbd507cb0c622325,fbd507cb0c622325,fbd507cb0c622325
opengl,fill_rate.solid,leaf,,PASS,PASS,PASS,PASS,NOT_COMPARABLE,OUTCOME_AND_HASH_MATCH,OUTCOME_AND_HASH_MATCH,OUTCOME_AND_HASH_MATCH,+bad,,1983,2002,2001,1887,+0.05,-0.96,,+5.70,,08b0f60773aac775,08b0f60773aac775,08b0f60773aac775,08b0f60773aac775
opengl,fill_rate.textured,leaf,,PASS,PASS,PASS,PASS,NOT_COMPARABLE,OUTCOME_AND_HASH_MATCH,OUTCOME_AND_HASH_MATCH,OUTCOME_AND_HASH_MATCH,+bad,,1980,1990,1929,1922,+3.07,-0.51,,+0.36,,99b433323df1684d,99b433323df1684d,99b433323df1684d,99b433323df1684d
opengl,game_load.cross_title_hotpath,group,,PASS,PASS,PASS,PASS,NOT_COMPARABLE,OUTCOME_AND_HASH_MATCH,OUTCOME_AND_HASH_MATCH,OUTCOME_AND_HASH_MATCH,,,,,,,,,,,,e30500792076e325,e30500792076e325,e30500792076e325,e30500792076e325
opengl,game_load.cross_title_hotpath.blend_constant_reuse,leaf,,PASS,PASS,PASS,PASS,NOT_COMPARABLE,OUTCOME_AND_HASH_MATCH,OUTCOME_AND_HASH_MATCH,OUTCOME_AND_HASH_MATCH,+bad,,99612,100078,99917,99625,+0.16,-0.47,,+0.29,,58e80f99c5a56325,58e80f99c5a56325,58e80f99c5a56325,58e80f99c5a56325
opengl,game_load.cross_title_hotpath.gpu_wait_control,leaf,,PASS,PASS,PASS,PASS,NOT_COMPARABLE,OUTCOME_AND_HASH_MATCH,OUTCOME_AND_HASH_MATCH,OUTCOME_AND_HASH_MATCH,+bad,,2176,2328,2175,2253,+6.57,-6.99,,-3.59,,e30500792076e325,e30500792076e325,e30500792076e325,e30500792076e325
opengl,game_load.cross_title_hotpath.pgr2_lagspot_inline_elements,leaf,,PASS,PASS,PASS,PASS,NOT_COMPARABLE,OUTCOME_AND_HASH_MATCH,OUTCOME_AND_HASH_MATCH,OUTCOME_AND_HASH_MATCH,+bad,,83136,84188,93701,99805,-11.30,-1.27,,-6.51,,2b9db92162606325,2b9db92162606325,2b9db92162606325,2b9db92162606325
opengl,game_load.cross_title_hotpath.pgr2_small_draws,leaf,,PASS,PASS,PASS,PASS,NOT_COMPARABLE,OUTCOME_AND_HASH_MATCH,OUTCOME_AND_HASH_MATCH,OUTCOME_AND_HASH_MATCH,+bad,,100454,103432,104506,105374,-1.04,-2.96,,-0.83,,151015a16ca46325,151015a16ca46325,151015a16ca46325,151015a16ca46325
opengl,game_load.cross_title_hotpath.pipeline_state_churn,leaf,,PASS,PASS,PASS,PASS,NOT_COMPARABLE,OUTCOME_AND_HASH_MATCH,OUTCOME_AND_HASH_MATCH,OUTCOME_AND_HASH_MATCH,+bad,,66370,66538,66415,66348,+0.18,-0.25,,+0.10,,4f8b2eab497ca325,4f8b2eab497ca325,4f8b2eab497ca325,4f8b2eab497ca325
opengl,game_load.cross_title_hotpath.queued_vertex_cpu_writes,leaf,,PASS,PASS,PASS,PASS,NOT_COMPARABLE,OUTCOME_AND_HASH_MATCH,OUTCOME_AND_HASH_MATCH,OUTCOME_AND_HASH_MATCH,+bad,,50417,50001,49917,50183,+0.17,+0.83,,-0.53,,ea21c900993ea325,ea21c900993ea325,ea21c900993ea325,ea21c900993ea325
opengl,game_load.cross_title_hotpath.s3tc_streaming_fenced_draws,leaf,,PASS,PASS,PASS,PASS,NOT_COMPARABLE,OUTCOME_AND_HASH_MATCH,OUTCOME_AND_HASH_MATCH,OUTCOME_AND_HASH_MATCH,+bad,,2095039,2092696,2003127,1979878,+4.28,+0.11,,+1.16,,1a65246e1a0ea325,1a65246e1a0ea325,1a65246e1a0ea325,1a65246e1a0ea325
opengl,game_load.cross_title_hotpath.scaled_surface_pressure,leaf,,PASS,PASS,PASS,PASS,NOT_COMPARABLE,OUTCOME_AND_HASH_MATCH,OUTCOME_AND_HASH_MATCH,OUTCOME_AND_HASH_MATCH,+bad,,231123,234178,233374,238528,+0.34,-1.32,,-2.21,,32a69ec6dce52325,32a69ec6dce52325,32a69ec6dce52325,32a69ec6dce52325
opengl,game_load.cross_title_hotpath.surface_reuse,leaf,,PASS,PASS,PASS,PASS,NOT_COMPARABLE,OUTCOME_AND_HASH_MATCH,OUTCOME_AND_HASH_MATCH,OUTCOME_AND_HASH_MATCH,+bad,,6510,6519,6344,5961,+2.68,-0.14,,+6.04,,37f87c4938cd6325,37f87c4938cd6325,37f87c4938cd6325,37f87c4938cd6325
opengl,game_load.cross_title_hotpath.texture_binding_reuse,leaf,,PASS,PASS,PASS,PASS,NOT_COMPARABLE,OUTCOME_AND_HASH_MATCH,OUTCOME_AND_HASH_MATCH,OUTCOME_AND_HASH_MATCH,+bad,,132965,133762,133638,133195,+0.09,-0.60,,+0.33,,6b9bae4b9c97a325,6b9bae4b9c97a325,6b9bae4b9c97a325,6b9bae4b9c97a325
opengl,game_load.cross_title_hotpath.texture_update_reuse,leaf,,PASS,PASS,PASS,PASS,NOT_COMPARABLE,OUTCOME_AND_HASH_MATCH,OUTCOME_AND_HASH_MATCH,OUTCOME_AND_HASH_MATCH,+bad,,3090,2814,3089,3106,-9.77,+8.93,,-0.55,,44fcd2c900a5a325,44fcd2c900a5a325,44fcd2c900a5a325,44fcd2c900a5a325
opengl,game_load.doax_menu_representative.cpu_only,leaf,,PASS,PASS,PASS,PASS,NOT_COMPARABLE,OUTCOME_AND_HASH_MATCH,OUTCOME_AND_HASH_MATCH,OUTCOME_AND_HASH_MATCH,+bad,,13663,14153,13666,13711,+3.44,-3.59,,-0.33,,c9ffff20249e2325,c9ffff20249e2325,c9ffff20249e2325,c9ffff20249e2325
opengl,game_load.doax_menu_representative.cpu_pfifo_gpu,leaf,,PASS,PASS,PASS,PASS,NOT_COMPARABLE,OUTCOME_AND_HASH_MATCH,OUTCOME_AND_HASH_MATCH,OUTCOME_AND_HASH_MATCH,+bad,,32245,32357,32585,32911,-0.70,-0.35,,-1.00,,04157941d1aa6325,04157941d1aa6325,04157941d1aa6325,04157941d1aa6325
opengl,game_load.doax_menu_representative.cpu_pfifo_gpu_streaming,leaf,,PASS,PASS,PASS,PASS,NOT_COMPARABLE,OUTCOME_AND_HASH_MATCH,OUTCOME_AND_HASH_MATCH,OUTCOME_AND_HASH_MATCH,+bad,,35051,35799,35314,35563,+1.35,-2.13,,-0.71,,e6d7900d809f6325,e6d7900d809f6325,e6d7900d809f6325,e6d7900d809f6325
opengl,game_load.doax_menu_representative.full_system,leaf,,PASS,PASS,PASS,PASS,NOT_COMPARABLE,OUTCOME_AND_HASH_MATCH,OUTCOME_AND_HASH_MATCH,OUTCOME_AND_HASH_MATCH,+bad,,35181,35617,35588,35614,+0.08,-1.24,,-0.07,,3ebb8ee340a52325,3ebb8ee340a52325,3ebb8ee340a52325,3ebb8ee340a52325
opengl,game_load.doax_menu_representative.gpu_only,leaf,,PASS,PASS,PASS,PASS,NOT_COMPARABLE,OUTCOME_AND_HASH_MATCH,OUTCOME_AND_HASH_MATCH,OUTCOME_AND_HASH_MATCH,+bad,,16423,16641,16624,16932,+0.10,-1.33,,-1.85,,fbd6d6be7f982325,fbd6d6be7f982325,fbd6d6be7f982325,fbd6d6be7f982325
opengl,game_load.doax_menu_representative.pfifo_only,leaf,,PASS,PASS,PASS,PASS,NOT_COMPARABLE,OUTCOME_AND_HASH_MATCH,OUTCOME_AND_HASH_MATCH,OUTCOME_AND_HASH_MATCH,+bad,,2243,2361,2548,2521,-7.92,-5.26,,+1.06,,db52eb2ea2ee6325,db52eb2ea2ee6325,db52eb2ea2ee6325,db52eb2ea2ee6325
opengl,game_load.doax_menu_representative.streaming_only,leaf,,PASS,PASS,PASS,PASS,NOT_COMPARABLE,OUTCOME_AND_HASH_MATCH,OUTCOME_AND_HASH_MATCH,OUTCOME_AND_HASH_MATCH,+bad,,5154,5084,4557,4790,+10.37,+1.36,,-5.11,,f94303d175056325,f94303d175056325,f94303d175056325,f94303d175056325
opengl,game_load.doax_menu_stress.cpu_only,leaf,,PASS,PASS,PASS,PASS,NOT_COMPARABLE,OUTCOME_AND_HASH_MATCH,OUTCOME_AND_HASH_MATCH,OUTCOME_AND_HASH_MATCH,+bad,,27242,27581,27342,27219,+0.87,-1.24,,+0.45,,312802588e58a325,312802588e58a325,312802588e58a325,312802588e58a325
opengl,game_load.doax_menu_stress.cpu_pfifo_gpu,leaf,,PASS,PASS,PASS,PASS,NOT_COMPARABLE,OUTCOME_AND_HASH_MATCH,OUTCOME_AND_HASH_MATCH,OUTCOME_AND_HASH_MATCH,+bad,,63877,64894,65467,64904,-0.88,-1.59,,+0.86,,c94959246d55a325,c94959246d55a325,c94959246d55a325,c94959246d55a325
opengl,game_load.doax_menu_stress.cpu_pfifo_gpu_streaming,leaf,,PASS,PASS,PASS,PASS,NOT_COMPARABLE,OUTCOME_AND_HASH_MATCH,OUTCOME_AND_HASH_MATCH,OUTCOME_AND_HASH_MATCH,+bad,,69332,70470,70332,70650,+0.20,-1.64,,-0.45,,5dbf320b91a86325,5dbf320b91a86325,5dbf320b91a86325,5dbf320b91a86325
opengl,game_load.doax_menu_stress.full_system,leaf,,PASS,PASS,PASS,PASS,NOT_COMPARABLE,OUTCOME_AND_HASH_MATCH,OUTCOME_AND_HASH_MATCH,OUTCOME_AND_HASH_MATCH,+bad,,69725,71239,70466,71110,+1.09,-2.17,,-0.91,,545f7965debce325,545f7965debce325,545f7965debce325,545f7965debce325
opengl,game_load.doax_menu_stress.gpu_only,leaf,,PASS,PASS,PASS,PASS,NOT_COMPARABLE,OUTCOME_AND_HASH_MATCH,OUTCOME_AND_HASH_MATCH,OUTCOME_AND_HASH_MATCH,+bad,,31995,32996,33270,33371,-0.83,-3.13,,-0.30,,30126b41ecb96325,30126b41ecb96325,30126b41ecb96325,30126b41ecb96325
opengl,game_load.doax_menu_stress.pfifo_only,leaf,,PASS,PASS,PASS,PASS,NOT_COMPARABLE,OUTCOME_AND_HASH_MATCH,OUTCOME_AND_HASH_MATCH,OUTCOME_AND_HASH_MATCH,+bad,,4668,4716,4776,4912,-1.27,-1.03,,-2.85,,6251472ce3a6e325,6251472ce3a6e325,6251472ce3a6e325,6251472ce3a6e325
opengl,game_load.doax_menu_stress.streaming_only,leaf,,PASS,PASS,PASS,PASS,NOT_COMPARABLE,OUTCOME_AND_HASH_MATCH,OUTCOME_AND_HASH_MATCH,OUTCOME_AND_HASH_MATCH,+bad,,8788,9234,8710,8837,+5.67,-5.08,,-1.46,,5b922e3ee1312325,5b922e3ee1312325,5b922e3ee1312325,5b922e3ee1312325
opengl,game_load.long_unlocked_scene,group,,PASS,PASS,PASS,PASS,NOT_COMPARABLE,OUTCOME_AND_HASH_MATCH,OUTCOME_AND_HASH_MATCH,OUTCOME_AND_HASH_MATCH,,,,,,,,,,,,4efd9244c4ad2325,4efd9244c4ad2325,4efd9244c4ad2325,4efd9244c4ad2325
opengl,game_load.long_unlocked_scene.alpha_overdraw,leaf,,PASS,PASS,PASS,PASS,NOT_COMPARABLE,OUTCOME_AND_HASH_MATCH,OUTCOME_AND_HASH_MATCH,OUTCOME_AND_HASH_MATCH,+bad,,31574,33059,33125,33895,-0.20,-4.70,,-2.32,,4efd9244c4ad2325,4efd9244c4ad2325,4efd9244c4ad2325,4efd9244c4ad2325
opengl,game_load.long_unlocked_scene.combined,leaf,,PASS,PASS,PASS,PASS,NOT_COMPARABLE,OUTCOME_AND_HASH_MATCH,OUTCOME_AND_HASH_MATCH,OUTCOME_AND_HASH_MATCH,+bad,,69580,70631,70697,71222,-0.09,-1.51,,-0.74,,4efd9244c4ad2325,4efd9244c4ad2325,4efd9244c4ad2325,4efd9244c4ad2325
opengl,game_load.long_unlocked_scene.cpu,leaf,,PASS,PASS,PASS,PASS,NOT_COMPARABLE,OUTCOME_AND_HASH_MATCH,OUTCOME_AND_HASH_MATCH,OUTCOME_AND_HASH_MATCH,+bad,,24434,24075,24334,24352,-1.08,+1.47,,-0.07,,4efd9244c4ad2325,4efd9244c4ad2325,4efd9244c4ad2325,4efd9244c4ad2325
opengl,game_load.long_unlocked_scene.full_system,leaf,,PASS,PASS,PASS,PASS,NOT_COMPARABLE,OUTCOME_AND_HASH_MATCH,OUTCOME_AND_HASH_MATCH,OUTCOME_AND_HASH_MATCH,+bad,,69397,70883,71164,71439,-0.40,-2.14,,-0.39,,4efd9244c4ad2325,4efd9244c4ad2325,4efd9244c4ad2325,4efd9244c4ad2325
opengl,game_load.long_unlocked_scene.pfifo,leaf,,PASS,PASS,PASS,PASS,NOT_COMPARABLE,OUTCOME_AND_HASH_MATCH,OUTCOME_AND_HASH_MATCH,OUTCOME_AND_HASH_MATCH,+bad,,4712,4733,4958,4975,-4.75,-0.45,,-0.34,,4efd9244c4ad2325,4efd9244c4ad2325,4efd9244c4ad2325,4efd9244c4ad2325
opengl,game_load.long_unlocked_scene.streaming_surface_reuse,leaf,,PASS,PASS,PASS,PASS,NOT_COMPARABLE,OUTCOME_AND_HASH_MATCH,OUTCOME_AND_HASH_MATCH,OUTCOME_AND_HASH_MATCH,+bad,,9182,9185,8969,9079,+2.35,-0.03,,-1.23,,4efd9244c4ad2325,4efd9244c4ad2325,4efd9244c4ad2325,4efd9244c4ad2325
opengl,game_load.pgr2_ai_backup.cpu_only,leaf,,PASS,PASS,PASS,PASS,NOT_COMPARABLE,OUTCOME_AND_HASH_MATCH,OUTCOME_AND_HASH_MATCH,OUTCOME_AND_HASH_MATCH,+bad,,42340,43059,42536,42163,+1.21,-1.70,,+0.88,,e086b0a920c42325,e086b0a920c42325,e086b0a920c42325,e086b0a920c42325
opengl,game_load.pgr2_ai_backup.cpu_pfifo_gpu,leaf,,PASS,PASS,PASS,PASS,NOT_COMPARABLE,OUTCOME_AND_HASH_MATCH,OUTCOME_AND_HASH_MATCH,OUTCOME_AND_HASH_MATCH,+bad,,139991,142965,144257,145290,-0.90,-2.12,,-0.72,,48c0585f003ea325,48c0585f003ea325,48c0585f003ea325,48c0585f003ea325
opengl,game_load.pgr2_ai_backup.cpu_pfifo_gpu_streaming,leaf,,PASS,PASS,PASS,PASS,NOT_COMPARABLE,OUTCOME_AND_HASH_MATCH,OUTCOME_AND_HASH_MATCH,OUTCOME_AND_HASH_MATCH,+bad,,143037,145805,147152,146817,-0.92,-1.94,,+0.23,,e0430415b6dbe325,e0430415b6dbe325,e0430415b6dbe325,e0430415b6dbe325
opengl,game_load.pgr2_ai_backup.full_system,leaf,,PASS,PASS,PASS,PASS,NOT_COMPARABLE,OUTCOME_AND_HASH_MATCH,OUTCOME_AND_HASH_MATCH,OUTCOME_AND_HASH_MATCH,+bad,,142733,145388,146366,147677,-0.67,-1.86,,-0.90,,cb91c33db5046325,cb91c33db5046325,cb91c33db5046325,cb91c33db5046325
opengl,game_load.pgr2_ai_backup.gpu_only,leaf,,PASS,PASS,PASS,PASS,NOT_COMPARABLE,OUTCOME_AND_HASH_MATCH,OUTCOME_AND_HASH_MATCH,OUTCOME_AND_HASH_MATCH,+bad,,83221,85430,85470,85983,-0.05,-2.65,,-0.60,,f8348ac6eeaaa325,f8348ac6eeaaa325,f8348ac6eeaaa325,f8348ac6eeaaa325
opengl,game_load.pgr2_ai_backup.pfifo_only,leaf,,PASS,PASS,PASS,PASS,NOT_COMPARABLE,OUTCOME_AND_HASH_MATCH,OUTCOME_AND_HASH_MATCH,OUTCOME_AND_HASH_MATCH,+bad,,14294,15053,16262,15629,-8.03,-5.31,,+3.89,,5bc1b07714da2325,5bc1b07714da2325,5bc1b07714da2325,5bc1b07714da2325
opengl,game_load.pgr2_ai_backup.streaming_only,leaf,,PASS,PASS,PASS,PASS,NOT_COMPARABLE,OUTCOME_AND_HASH_MATCH,OUTCOME_AND_HASH_MATCH,OUTCOME_AND_HASH_MATCH,+bad,,3509,3640,3377,3188,+7.23,-3.73,,+5.60,,f43007e31b972325,f43007e31b972325,f43007e31b972325,f43007e31b972325
opengl,game_load.repeated_display,leaf,,PASS,PASS,PASS,PASS,NOT_COMPARABLE,OUTCOME_AND_HASH_MATCH,OUTCOME_AND_HASH_MATCH,OUTCOME_AND_HASH_MATCH,+bad,,16621,16692,16714,16537,-0.13,-0.43,,+1.06,,e758dbbf4edc2325,e758dbbf4edc2325,e758dbbf4edc2325,e758dbbf4edc2325
opengl,game_load.repeated_display_boosted,leaf,,PASS,PASS,PASS,PASS,NOT_COMPARABLE,OUTCOME_AND_HASH_MATCH,OUTCOME_AND_HASH_MATCH,OUTCOME_AND_HASH_MATCH,+bad,,49804,50026,49994,50076,+0.06,-0.45,,-0.16,,60315b1c33b6a325,60315b1c33b6a325,60315b1c33b6a325,60315b1c33b6a325
opengl,game_load.s3tc_sync_factor,group,,PASS,PASS,PASS,PASS,NOT_COMPARABLE,OUTCOME_AND_HASH_MATCH,OUTCOME_AND_HASH_MATCH,OUTCOME_AND_HASH_MATCH,,,,,,,,,,,,3403675459d4d3d5,3403675459d4d3d5,3403675459d4d3d5,3403675459d4d3d5
opengl,game_load.s3tc_sync_factor.bc2_bordered_fallback,leaf,,PASS,PASS,PASS,PASS,NOT_COMPARABLE,OUTCOME_AND_HASH_MATCH,OUTCOME_AND_HASH_MATCH,OUTCOME_AND_HASH_MATCH,+bad,,49750,49967,49835,49904,+0.26,-0.44,,-0.14,,3403675459d4d3d5,3403675459d4d3d5,3403675459d4d3d5,3403675459d4d3d5
opengl,game_load.s3tc_sync_factor.bc2_native_eligible,leaf,,PASS,PASS,PASS,PASS,NOT_COMPARABLE,OUTCOME_AND_HASH_MATCH,OUTCOME_AND_HASH_MATCH,OUTCOME_AND_HASH_MATCH,+bad,,16743,16625,16563,16521,+0.37,+0.70,,+0.25,,3403675459d4d3d5,3403675459d4d3d5,3403675459d4d3d5,3403675459d4d3d5
opengl,game_load.s3tc_sync_factor.bc3_bordered_fallback,leaf,,PASS,PASS,PASS,PASS,NOT_COMPARABLE,OUTCOME_AND_HASH_MATCH,OUTCOME_AND_HASH_MATCH,OUTCOME_AND_HASH_MATCH,+bad,,49906,50504,49709,50213,+1.57,-1.20,,-1.01,,3403675459d4d3d5,3403675459d4d3d5,3403675459d4d3d5,3403675459d4d3d5
opengl,game_load.s3tc_sync_factor.bc3_native_eligible,leaf,,PASS,PASS,PASS,PASS,NOT_COMPARABLE,OUTCOME_AND_HASH_MATCH,OUTCOME_AND_HASH_MATCH,OUTCOME_AND_HASH_MATCH,+bad,,16594,16398,16653,16717,-1.56,+1.18,,-0.38,,3403675459d4d3d5,3403675459d4d3d5,3403675459d4d3d5,3403675459d4d3d5
opengl,game_load.s3tc_sync_factor.dxt1_dirty_once_redraw,leaf,,PASS,PASS,PASS,PASS,NOT_COMPARABLE,OUTCOME_AND_HASH_MATCH,OUTCOME_AND_HASH_MATCH,OUTCOME_AND_HASH_MATCH,+bad,,16635,16675,16505,16376,+1.02,-0.24,,+0.78,,428c04bbb0a62725,428c04bbb0a62725,428c04bbb0a62725,428c04bbb0a62725
opengl,game_load.s3tc_sync_factor.dxt1_ring_payload_generations,leaf,,PASS,PASS,PASS,PASS,NOT_COMPARABLE,OUTCOME_AND_HASH_MATCH,OUTCOME_AND_HASH_MATCH,OUTCOME_AND_HASH_MATCH,+bad,,16583,16617,16529,16626,+0.53,-0.21,,-0.59,,3403675459d4d3d5,3403675459d4d3d5,3403675459d4d3d5,3403675459d4d3d5
opengl,game_load.s3tc_sync_factor.dxt1_same_address_queued,leaf,,PASS,PASS,PASS,PASS,NOT_COMPARABLE,HASH_INELIGIBLE_OUTCOME_MATCH,HASH_INELIGIBLE_OUTCOME_MATCH,HASH_INELIGIBLE_OUTCOME_MATCH,+bad,,16641,16592,16684,16876,-0.55,+0.29,,-1.15,,394105fecb74eb3b,661cc7fc3254cd65,ed55de1c21c4e291,12186382c847a6d6
opengl,game_load.s3tc_sync_factor.dxt1_same_address_wait,leaf,,PASS,PASS,PASS,PASS,NOT_COMPARABLE,OUTCOME_AND_HASH_MATCH,OUTCOME_AND_HASH_MATCH,OUTCOME_AND_HASH_MATCH,+bad,,16695,16809,16664,16336,+0.86,-0.68,,+1.97,,3403675459d4d3d5,3403675459d4d3d5,3403675459d4d3d5,3403675459d4d3d5
opengl,game_load.s3tc_sync_factor.rgba8_dirty_once_redraw,leaf,,PASS,PASS,PASS,PASS,NOT_COMPARABLE,OUTCOME_AND_HASH_MATCH,OUTCOME_AND_HASH_MATCH,OUTCOME_AND_HASH_MATCH,+bad,,16402,16760,16379,16501,+2.27,-2.18,,-0.74,,428c04bbb0a62725,428c04bbb0a62725,428c04bbb0a62725,428c04bbb0a62725
opengl,game_load.s3tc_sync_factor.rgba8_ring_payload_generations,leaf,,PASS,PASS,PASS,PASS,NOT_COMPARABLE,OUTCOME_AND_HASH_MATCH,OUTCOME_AND_HASH_MATCH,OUTCOME_AND_HASH_MATCH,+bad,,49612,49883,49717,50002,+0.33,-0.55,,-0.57,,3403675459d4d3d5,3403675459d4d3d5,3403675459d4d3d5,3403675459d4d3d5
opengl,game_load.s3tc_sync_factor.rgba8_same_address_queued,leaf,,PASS,PASS,PASS,PASS,NOT_COMPARABLE,HASH_INELIGIBLE_OUTCOME_MATCH,HASH_INELIGIBLE_OUTCOME_MATCH,HASH_INELIGIBLE_OUTCOME_MATCH,+bad,,50057,49915,50230,49817,-0.63,+0.28,,+0.82,,b45fb588bdd0f4ff,956df20fc775a263,9aa0b5f71e6c20a9,f38156118b831900
opengl,game_load.s3tc_sync_factor.rgba8_same_address_wait,leaf,,PASS,PASS,PASS,PASS,NOT_COMPARABLE,OUTCOME_AND_HASH_MATCH,OUTCOME_AND_HASH_MATCH,OUTCOME_AND_HASH_MATCH,+bad,,49398,49701,49875,49649,-0.35,-0.61,,+0.45,,3403675459d4d3d5,3403675459d4d3d5,3403675459d4d3d5,3403675459d4d3d5
opengl,high_vertex_count.arrays,leaf,,PASS,PASS,PASS,PASS,NOT_COMPARABLE,OUTCOME_AND_HASH_MATCH,OUTCOME_AND_HASH_MATCH,OUTCOME_AND_HASH_MATCH,+bad,,69,72,85,64,-18.06,-4.35,,+24.71,,a27c67890c2d9083,a27c67890c2d9083,a27c67890c2d9083,a27c67890c2d9083
opengl,high_vertex_count.inline_arrays,leaf,,PASS,PASS,PASS,PASS,NOT_COMPARABLE,OUTCOME_AND_HASH_MATCH,OUTCOME_AND_HASH_MATCH,OUTCOME_AND_HASH_MATCH,+bad,,44776,44035,43900,45428,+0.31,+1.65,,-3.48,,a27c67890c2d9083,a27c67890c2d9083,a27c67890c2d9083,a27c67890c2d9083
opengl,high_vertex_count.inline_buffers,leaf,,PASS,PASS,PASS,PASS,NOT_COMPARABLE,OUTCOME_AND_HASH_MATCH,OUTCOME_AND_HASH_MATCH,OUTCOME_AND_HASH_MATCH,+bad,,214903,221030,220257,226518,+0.35,-2.85,,-2.84,,a27c67890c2d9083,a27c67890c2d9083,a27c67890c2d9083,a27c67890c2d9083
opengl,high_vertex_count.inline_elements,leaf,,PASS,PASS,PASS,PASS,NOT_COMPARABLE,OUTCOME_AND_HASH_MATCH,OUTCOME_AND_HASH_MATCH,OUTCOME_AND_HASH_MATCH,+bad,,4020,3984,3900,3948,+2.11,+0.90,,-1.23,,a27c67890c2d9083,a27c67890c2d9083,a27c67890c2d9083,a27c67890c2d9083
opengl,pfifo_array_elements.array_element16,leaf,,PASS,PASS,PASS,PASS,NOT_COMPARABLE,OUTCOME_AND_HASH_MATCH,OUTCOME_AND_HASH_MATCH,OUTCOME_AND_HASH_MATCH,+bad,,1356,1344,1329,1296,+1.12,+0.88,,+2.48,,9c884de2a5d32325,9c884de2a5d32325,9c884de2a5d32325,9c884de2a5d32325
opengl,pfifo_array_elements.array_element32,leaf,,PASS,PASS,PASS,PASS,NOT_COMPARABLE,OUTCOME_AND_HASH_MATCH,OUTCOME_AND_HASH_MATCH,OUTCOME_AND_HASH_MATCH,+bad,,1345,1424,1304,1323,+8.43,-5.87,,-1.46,,e079f0cf1a994325,e079f0cf1a994325,e079f0cf1a994325,e079f0cf1a994325
opengl,pfifo_array_elements.array_element_pgr2,leaf,,PASS,PASS,PASS,PASS,NOT_COMPARABLE,OUTCOME_AND_HASH_MATCH,OUTCOME_AND_HASH_MATCH,OUTCOME_AND_HASH_MATCH,+bad,,1212,1224,1175,1205,+4.00,-0.99,,-2.55,,bbc8b0702ffd0325,bbc8b0702ffd0325,bbc8b0702ffd0325,bbc8b0702ffd0325
opengl,pfifo_packet_boundary.array_element16_overflow,leaf,,PASS,PASS,PASS,PASS,NOT_COMPARABLE,OUTCOME_AND_HASH_MATCH,OUTCOME_AND_HASH_MATCH,OUTCOME_AND_HASH_MATCH,+bad,,14796,14418,14789,14861,-2.57,+2.55,,-0.49,,4d1756526f052325,4d1756526f052325,4d1756526f052325,4d1756526f052325
opengl,pfifo_packet_boundary.array_element32_overflow,leaf,,PASS,PASS,PASS,PASS,NOT_COMPARABLE,OUTCOME_AND_HASH_MATCH,OUTCOME_AND_HASH_MATCH,OUTCOME_AND_HASH_MATCH,+bad,,29661,29286,28492,29703,+2.71,+1.26,,-4.25,,6eb7071be692a325,6eb7071be692a325,6eb7071be692a325,6eb7071be692a325
opengl,pfifo_packet_boundary.incrementing_inline_fallback,leaf,,PASS,PASS,PASS,PASS,NOT_COMPARABLE,OUTCOME_AND_HASH_MATCH,OUTCOME_AND_HASH_MATCH,OUTCOME_AND_HASH_MATCH,+bad,,103,102,104,330,-1.96,+0.97,,-217.31,,640439ee8ecd2325,640439ee8ecd2325,640439ee8ecd2325,640439ee8ecd2325
opengl,pfifo_packet_boundary.inline_array_overflow,leaf,,PASS,PASS,PASS,PASS,NOT_COMPARABLE,OUTCOME_AND_HASH_MATCH,OUTCOME_AND_HASH_MATCH,OUTCOME_AND_HASH_MATCH,+bad,,28777,30197,28313,29045,+6.24,-4.93,,-2.59,,847da1930526a325,847da1930526a325,847da1930526a325,847da1930526a325
opengl,pipeline_texture_switch.clear_texture_normal,leaf,,PASS,PASS,PASS,PASS,NOT_COMPARABLE,OUTCOME_AND_HASH_MATCH,OUTCOME_AND_HASH_MATCH,OUTCOME_AND_HASH_MATCH,+bad,,9009,9533,9558,9490,-0.26,-5.82,,+0.71,,22ba4f1405cda325,22ba4f1405cda325,22ba4f1405cda325,22ba4f1405cda325
opengl,pipeline_texture_switch.palette_dma_remap,leaf,,PASS,PASS,PASS,PASS,NOT_COMPARABLE,OUTCOME_AND_HASH_MATCH,OUTCOME_AND_HASH_MATCH,OUTCOME_AND_HASH_MATCH,+bad,,19359,15492,43158,43003,-178.58,+19.98,,+0.36,,fbf687de65082325,fbf687de65082325,fbf687de65082325,fbf687de65082325
opengl,pipeline_texture_switch.palette_only_update,leaf,,PASS,PASS,PASS,PASS,NOT_COMPARABLE,OUTCOME_AND_HASH_MATCH,OUTCOME_AND_HASH_MATCH,OUTCOME_AND_HASH_MATCH,+bad,,18665,17625,18275,19050,-3.69,+5.57,,-4.24,,467aab2f95cda325,467aab2f95cda325,467aab2f95cda325,467aab2f95cda325
opengl,pipeline_texture_switch.sampler_only_identity,leaf,,PASS,PASS,PASS,PASS,NOT_COMPARABLE,OUTCOME_AND_HASH_MATCH,OUTCOME_AND_HASH_MATCH,OUTCOME_AND_HASH_MATCH,+bad,,20721,21115,20963,21415,+0.72,-1.90,,-2.16,,0b8438c8404da325,0b8438c8404da325,0b8438c8404da325,0b8438c8404da325
opengl,pipeline_texture_switch.shader_negative_control,leaf,,PASS,PASS,PASS,PASS,NOT_COMPARABLE,OUTCOME_AND_HASH_MATCH,OUTCOME_AND_HASH_MATCH,OUTCOME_AND_HASH_MATCH,+bad,,16743,17513,16973,17426,+3.08,-4.60,,-2.67,,f110c8bd6338c325,f110c8bd6338c325,f110c8bd6338c325,f110c8bd6338c325
opengl,pipeline_texture_switch.shared_page_overlap,leaf,,PASS,PASS,PASS,PASS,NOT_COMPARABLE,OUTCOME_AND_HASH_MATCH,OUTCOME_AND_HASH_MATCH,OUTCOME_AND_HASH_MATCH,+bad,,18548,19639,17677,19068,+9.99,-5.88,,-7.87,,83bb59a8648da325,83bb59a8648da325,83bb59a8648da325,83bb59a8648da325
opengl,pipeline_texture_switch.texture_dma_remap,leaf,,PASS,PASS,PASS,PASS,NOT_COMPARABLE,OUTCOME_AND_HASH_MATCH,OUTCOME_AND_HASH_MATCH,OUTCOME_AND_HASH_MATCH,+bad,,19206,12561,11224,13266,+10.64,+34.60,,-18.19,,fbf687de65082325,fbf687de65082325,fbf687de65082325,fbf687de65082325
opengl,pipeline_texture_switch.texture_switch,leaf,,PASS,PASS,PASS,PASS,NOT_COMPARABLE,OUTCOME_AND_HASH_MATCH,OUTCOME_AND_HASH_MATCH,OUTCOME_AND_HASH_MATCH,+bad,,17366,17632,17143,17813,+2.77,-1.53,,-3.91,,8ae05d31fb00c325,8ae05d31fb00c325,8ae05d31fb00c325,8ae05d31fb00c325
opengl,primitive_type.line_loop.fixed_function,leaf,,PASS,PASS,PASS,PASS,NOT_COMPARABLE,OUTCOME_AND_HASH_MATCH,OUTCOME_AND_HASH_MATCH,OUTCOME_AND_HASH_MATCH,+bad,,710,757,724,722,+4.36,-6.62,,+0.28,,e029a36a3b91c6cc,e029a36a3b91c6cc,e029a36a3b91c6cc,e029a36a3b91c6cc
opengl,primitive_type.line_loop.vertex_shader,leaf,,PASS,PASS,PASS,PASS,NOT_COMPARABLE,OUTCOME_AND_HASH_MATCH,OUTCOME_AND_HASH_MATCH,OUTCOME_AND_HASH_MATCH,+bad,,723,725,683,712,+5.79,-0.28,,-4.25,,e029a36a3b91c6cc,e029a36a3b91c6cc,e029a36a3b91c6cc,e029a36a3b91c6cc
opengl,primitive_type.line_strip.fixed_function,leaf,,PASS,PASS,PASS,PASS,NOT_COMPARABLE,OUTCOME_AND_HASH_MATCH,OUTCOME_AND_HASH_MATCH,OUTCOME_AND_HASH_MATCH,+bad,,761,731,704,665,+3.69,+3.94,,+5.54,,05e55de77521d31a,05e55de77521d31a,05e55de77521d31a,05e55de77521d31a
opengl,primitive_type.line_strip.vertex_shader,leaf,,PASS,PASS,PASS,PASS,NOT_COMPARABLE,OUTCOME_AND_HASH_MATCH,OUTCOME_AND_HASH_MATCH,OUTCOME_AND_HASH_MATCH,+bad,,721,741,681,688,+8.10,-2.77,,-1.03,,05e55de77521d31a,05e55de77521d31a,05e55de77521d31a,05e55de77521d31a
opengl,primitive_type.lines.fixed_function,leaf,,PASS,PASS,PASS,PASS,NOT_COMPARABLE,OUTCOME_AND_HASH_MATCH,OUTCOME_AND_HASH_MATCH,OUTCOME_AND_HASH_MATCH,+bad,,1392,1414,1331,1324,+5.87,-1.58,,+0.53,,e1c19d5c7e7898ab,e1c19d5c7e7898ab,e1c19d5c7e7898ab,e1c19d5c7e7898ab
opengl,primitive_type.lines.vertex_shader,leaf,,PASS,PASS,PASS,PASS,NOT_COMPARABLE,OUTCOME_AND_HASH_MATCH,OUTCOME_AND_HASH_MATCH,OUTCOME_AND_HASH_MATCH,+bad,,1400,1421,1360,1348,+4.29,-1.50,,+0.88,,e1c19d5c7e7898ab,e1c19d5c7e7898ab,e1c19d5c7e7898ab,e1c19d5c7e7898ab
opengl,primitive_type.points.fixed_function,leaf,,PASS,PASS,PASS,PASS,NOT_COMPARABLE,OUTCOME_AND_HASH_MATCH,OUTCOME_AND_HASH_MATCH,OUTCOME_AND_HASH_MATCH,+bad,,696,707,755,674,-6.79,-1.58,,+10.73,,5b296619f665c070,5b296619f665c070,5b296619f665c070,5b296619f665c070
opengl,primitive_type.points.vertex_shader,leaf,,PASS,PASS,PASS,PASS,NOT_COMPARABLE,OUTCOME_AND_HASH_MATCH,OUTCOME_AND_HASH_MATCH,OUTCOME_AND_HASH_MATCH,+bad,,713,706,674,713,+4.53,+0.98,,-5.79,,5b296619f665c070,5b296619f665c070,5b296619f665c070,5b296619f665c070
opengl,primitive_type.polygon.fixed_function,leaf,,PASS,PASS,PASS,PASS,NOT_COMPARABLE,OUTCOME_AND_HASH_MATCH,OUTCOME_AND_HASH_MATCH,OUTCOME_AND_HASH_MATCH,+bad,,724,747,687,716,+8.03,-3.18,,-4.22,,2c4beaa06aba1000,2c4beaa06aba1000,2c4beaa06aba1000,2c4beaa06aba1000
opengl,primitive_type.polygon.vertex_shader,leaf,,PASS,PASS,PASS,PASS,NOT_COMPARABLE,OUTCOME_AND_HASH_MATCH,OUTCOME_AND_HASH_MATCH,OUTCOME_AND_HASH_MATCH,+bad,,731,729,654,689,+10.29,+0.27,,-5.35,,2c4beaa06aba1000,2c4beaa06aba1000,2c4beaa06aba1000,2c4beaa06aba1000
opengl,primitive_type.quad_strip.fixed_function,leaf,,PASS,PASS,PASS,PASS,NOT_COMPARABLE,OUTCOME_AND_HASH_MATCH,OUTCOME_AND_HASH_MATCH,OUTCOME_AND_HASH_MATCH,+bad,,1407,1414,1334,1315,+5.66,-0.50,,+1.42,,f64b4495347cec73,f64b4495347cec73,f64b4495347cec73,f64b4495347cec73
opengl,primitive_type.quad_strip.vertex_shader,leaf,,PASS,PASS,PASS,PASS,NOT_COMPARABLE,OUTCOME_AND_HASH_MATCH,OUTCOME_AND_HASH_MATCH,OUTCOME_AND_HASH_MATCH,+bad,,1404,1397,1305,1317,+6.59,+0.50,,-0.92,,f64b4495347cec73,f64b4495347cec73,f64b4495347cec73,f64b4495347cec73
opengl,primitive_type.quads.fixed_function,leaf,,PASS,PASS,PASS,PASS,NOT_COMPARABLE,OUTCOME_AND_HASH_MATCH,OUTCOME_AND_HASH_MATCH,OUTCOME_AND_HASH_MATCH,+bad,,2762,2740,2594,2619,+5.33,+0.80,,-0.96,,114a1419338256e5,114a1419338256e5,114a1419338256e5,114a1419338256e5
opengl,primitive_type.quads.vertex_shader,leaf,,PASS,PASS,PASS,PASS,NOT_COMPARABLE,OUTCOME_AND_HASH_MATCH,OUTCOME_AND_HASH_MATCH,OUTCOME_AND_HASH_MATCH,+bad,,2733,2712,2626,2577,+3.17,+0.77,,+1.87,,114a1419338256e5,114a1419338256e5,114a1419338256e5,114a1419338256e5
opengl,primitive_type.triangle_fan.fixed_function,leaf,,PASS,PASS,PASS,PASS,NOT_COMPARABLE,OUTCOME_AND_HASH_MATCH,OUTCOME_AND_HASH_MATCH,OUTCOME_AND_HASH_MATCH,+bad,,704,704,681,669,+3.27,+0.00,,+1.76,,36644f0fd11db166,36644f0fd11db166,36644f0fd11db166,36644f0fd11db166
opengl,primitive_type.triangle_fan.vertex_shader,leaf,,PASS,PASS,PASS,PASS,NOT_COMPARABLE,OUTCOME_AND_HASH_MATCH,OUTCOME_AND_HASH_MATCH,OUTCOME_AND_HASH_MATCH,+bad,,732,743,741,688,+0.27,-1.50,,+7.15,,36644f0fd11db166,36644f0fd11db166,36644f0fd11db166,36644f0fd11db166
opengl,primitive_type.triangle_strip.fixed_function,leaf,,PASS,PASS,PASS,PASS,NOT_COMPARABLE,OUTCOME_AND_HASH_MATCH,OUTCOME_AND_HASH_MATCH,OUTCOME_AND_HASH_MATCH,+bad,,720,705,683,667,+3.12,+2.08,,+2.34,,d7b289579fdaa1ab,d7b289579fdaa1ab,d7b289579fdaa1ab,d7b289579fdaa1ab
opengl,primitive_type.triangle_strip.vertex_shader,leaf,,PASS,PASS,PASS,PASS,NOT_COMPARABLE,OUTCOME_AND_HASH_MATCH,OUTCOME_AND_HASH_MATCH,OUTCOME_AND_HASH_MATCH,+bad,,732,739,705,704,+4.60,-0.96,,+0.14,,d7b289579fdaa1ab,d7b289579fdaa1ab,d7b289579fdaa1ab,d7b289579fdaa1ab
opengl,primitive_type.triangles.fixed_function,leaf,,PASS,PASS,PASS,PASS,NOT_COMPARABLE,OUTCOME_AND_HASH_MATCH,OUTCOME_AND_HASH_MATCH,OUTCOME_AND_HASH_MATCH,+bad,,2011,2077,1942,1991,+6.50,-3.28,,-2.52,,72f05baf369ceb60,72f05baf369ceb60,72f05baf369ceb60,72f05baf369ceb60
opengl,primitive_type.triangles.vertex_shader,leaf,,PASS,PASS,PASS,PASS,NOT_COMPARABLE,OUTCOME_AND_HASH_MATCH,OUTCOME_AND_HASH_MATCH,OUTCOME_AND_HASH_MATCH,+bad,,2080,2056,1968,1970,+4.28,+1.15,,-0.10,,72f05baf369ceb60,72f05baf369ceb60,72f05baf369ceb60,72f05baf369ceb60
opengl,report_query.clear_boundary,leaf,,PASS,PASS,PASS,PASS,NOT_COMPARABLE,OUTCOME_AND_HASH_MATCH,OUTCOME_AND_HASH_MATCH,OUTCOME_AND_HASH_MATCH,+bad,,662,894,713,620,+20.25,-35.05,,+13.04,,b5eb7c4b9c8da325,b5eb7c4b9c8da325,b5eb7c4b9c8da325,b5eb7c4b9c8da325
opengl,report_query.dma_descriptor_rewrite,leaf,,PASS,PASS,PASS,PASS,NOT_COMPARABLE,OUTCOME_AND_HASH_MATCH,OUTCOME_AND_HASH_MATCH,OUTCOME_AND_HASH_MATCH,+bad,,2655,1397,1737,1507,-24.34,+47.38,,+13.24,,c0c0fdbececda325,c0c0fdbececda325,c0c0fdbececda325,c0c0fdbececda325
opengl,report_query.dma_range_guard,leaf,,FAIL,FAIL,FAIL,FAIL,NOT_COMPARABLE,OUTCOME_AND_HASH_MATCH,OUTCOME_AND_HASH_MATCH,OUTCOME_AND_HASH_MATCH,,,10036742,10032980,10044997,10298999,,,,,,3f648ce11a4da325,3f648ce11a4da325,3f648ce11a4da325,3f648ce11a4da325
opengl,report_query.dma_target_switch,leaf,,PASS,PASS,PASS,PASS,NOT_COMPARABLE,OUTCOME_AND_HASH_MATCH,OUTCOME_AND_HASH_MATCH,OUTCOME_AND_HASH_MATCH,+bad,,1295,1323,1936,1253,-46.33,-2.16,,+35.28,,4c4bd8cd440da325,4c4bd8cd440da325,4c4bd8cd440da325,4c4bd8cd440da325
opengl,report_query.fifo_producer_ordering,leaf,,PASS,PASS,PASS,PASS,NOT_COMPARABLE,OUTCOME_AND_HASH_MATCH,OUTCOME_AND_HASH_MATCH,OUTCOME_AND_HASH_MATCH,+bad,,1257,1844,1560,1809,+15.40,-46.70,,-15.96,,0d907c24a88da325,0d907c24a88da325,0d907c24a88da325,0d907c24a88da325
opengl,report_query.multiple_boundaries,leaf,,PASS,PASS,PASS,PASS,NOT_COMPARABLE,OUTCOME_AND_HASH_MATCH,OUTCOME_AND_HASH_MATCH,OUTCOME_AND_HASH_MATCH,+bad,,715,1006,536,560,+46.72,-40.70,,-4.48,,0c966fc9ba4da325,0c966fc9ba4da325,0c966fc9ba4da325,0c966fc9ba4da325
opengl,report_query.single_boundary,leaf,,PASS,PASS,PASS,PASS,NOT_COMPARABLE,OUTCOME_AND_HASH_MATCH,OUTCOME_AND_HASH_MATCH,OUTCOME_AND_HASH_MATCH,+bad,,603,899,590,634,+34.37,-49.09,,-7.46,,60e674c9fecda325,60e674c9fecda325,60e674c9fecda325,60e674c9fecda325
opengl,report_query.zero_query,leaf,,PASS,PASS,PASS,PASS,NOT_COMPARABLE,OUTCOME_AND_HASH_MATCH,OUTCOME_AND_HASH_MATCH,OUTCOME_AND_HASH_MATCH,+bad,,27,35,49,29,-40.00,-29.63,,+40.82,,23875dfeb40da325,23875dfeb40da325,23875dfeb40da325,23875dfeb40da325
opengl,surface.basic,leaf,,PASS,PASS,PASS,PASS,NOT_COMPARABLE,OUTCOME_AND_HASH_MATCH,OUTCOME_AND_HASH_MATCH,OUTCOME_AND_HASH_MATCH,+bad,,14064,14613,14366,14435,+1.69,-3.90,,-0.48,,0f44c0df337b52bc,0f44c0df337b52bc,0f44c0df337b52bc,0f44c0df337b52bc
opengl,surface.cpu_read_after_gpu_write,leaf,,PASS,PASS,PASS,PASS,NOT_COMPARABLE,OUTCOME_AND_HASH_MATCH,OUTCOME_AND_HASH_MATCH,OUTCOME_AND_HASH_MATCH,+bad,,472,454,440,536,+3.08,+3.81,,-21.82,,76ea18af98322325,76ea18af98322325,76ea18af98322325,76ea18af98322325
opengl,surface.cpu_read_clean_surface,leaf,,PASS,PASS,PASS,PASS,NOT_COMPARABLE,OUTCOME_AND_HASH_MATCH,OUTCOME_AND_HASH_MATCH,OUTCOME_AND_HASH_MATCH,+bad,,60,61,61,63,+0.00,-1.67,,-3.28,,d3267b427820a325,d3267b427820a325,d3267b427820a325,d3267b427820a325
opengl,surface.framebuffer_working_set_002,leaf,,PASS,PASS,PASS,PASS,NOT_COMPARABLE,OUTCOME_AND_HASH_MATCH,OUTCOME_AND_HASH_MATCH,OUTCOME_AND_HASH_MATCH,+bad,,1592,1538,1462,1184,+4.94,+3.39,,+19.02,,9f3b0609a42777d5,9f3b0609a42777d5,9f3b0609a42777d5,9f3b0609a42777d5
opengl,surface.framebuffer_working_set_008,leaf,,PASS,PASS,PASS,PASS,NOT_COMPARABLE,OUTCOME_AND_HASH_MATCH,OUTCOME_AND_HASH_MATCH,OUTCOME_AND_HASH_MATCH,+bad,,1180,1382,1508,1237,-9.12,-17.12,,+17.97,,64cbf95dec8f59e5,64cbf95dec8f59e5,64cbf95dec8f59e5,64cbf95dec8f59e5
opengl,surface.framebuffer_working_set_032,leaf,,PASS,PASS,PASS,PASS,NOT_COMPARABLE,OUTCOME_AND_HASH_MATCH,OUTCOME_AND_HASH_MATCH,OUTCOME_AND_HASH_MATCH,+bad,,1544,1592,1556,1583,+2.26,-3.11,,-1.74,,a6116feb11a28c25,a6116feb11a28c25,a6116feb11a28c25,a6116feb11a28c25
opengl,surface.framebuffer_working_set_064,leaf,,PASS,PASS,PASS,PASS,NOT_COMPARABLE,OUTCOME_AND_HASH_MATCH,OUTCOME_AND_HASH_MATCH,OUTCOME_AND_HASH_MATCH,+bad,,1526,1679,1596,1593,+4.94,-10.03,,+0.19,,a6116feb11a28c25,a6116feb11a28c25,a6116feb11a28c25,a6116feb11a28c25
opengl,surface.full_clear_elision_guard,leaf,,PASS,PASS,PASS,PASS,NOT_COMPARABLE,OUTCOME_AND_HASH_MATCH,OUTCOME_AND_HASH_MATCH,OUTCOME_AND_HASH_MATCH,+bad,,1425,1433,1334,1340,+6.91,-0.56,,-0.45,,4f05ccd43f43d495,4f05ccd43f43d495,4f05ccd43f43d495,4f05ccd43f43d495
opengl,surface.overlapping_surface_churn_representative,leaf,,PASS,PASS,PASS,PASS,NOT_COMPARABLE,OUTCOME_AND_HASH_MATCH,OUTCOME_AND_HASH_MATCH,OUTCOME_AND_HASH_MATCH,+bad,,2068,2074,1970,1956,+5.01,-0.29,,+0.71,,caf66d4bf5691525,caf66d4bf5691525,caf66d4bf5691525,caf66d4bf5691525
opengl,surface.overlapping_surface_churn_stress,leaf,,PASS,PASS,PASS,PASS,NOT_COMPARABLE,OUTCOME_AND_HASH_MATCH,OUTCOME_AND_HASH_MATCH,OUTCOME_AND_HASH_MATCH,+bad,,28017,27949,26512,26841,+5.14,+0.24,,-1.24,,caf66d4bf5691525,caf66d4bf5691525,caf66d4bf5691525,caf66d4bf5691525
opengl,surface.partial_channel_clear_guard,leaf,,PASS,PASS,PASS,PASS,NOT_COMPARABLE,OUTCOME_AND_HASH_MATCH,OUTCOME_AND_HASH_MATCH,OUTCOME_AND_HASH_MATCH,+bad,,1441,1406,1350,1348,+3.98,+2.43,,+0.15,,eb2cb498aa73af25,eb2cb498aa73af25,eb2cb498aa73af25,eb2cb498aa73af25
opengl,surface.surface_download_path,leaf,,PASS,PASS,PASS,PASS,NOT_COMPARABLE,OUTCOME_AND_HASH_MATCH,OUTCOME_AND_HASH_MATCH,OUTCOME_AND_HASH_MATCH,+bad,,13682,13724,11852,12064,+13.64,-0.31,,-1.79,,2b0e8aac0f8838e8,2b0e8aac0f8838e8,2b0e8aac0f8838e8,2b0e8aac0f8838e8
opengl,surface.surface_list_lookup_002,leaf,,PASS,PASS,PASS,PASS,NOT_COMPARABLE,OUTCOME_AND_HASH_MATCH,OUTCOME_AND_HASH_MATCH,OUTCOME_AND_HASH_MATCH,+bad,,1568,1674,1493,1467,+10.81,-6.76,,+1.74,,dce4c9394e7a3f35,dce4c9394e7a3f35,dce4c9394e7a3f35,dce4c9394e7a3f35
opengl,surface.surface_list_lookup_008,leaf,,PASS,PASS,PASS,PASS,NOT_COMPARABLE,OUTCOME_AND_HASH_MATCH,OUTCOME_AND_HASH_MATCH,OUTCOME_AND_HASH_MATCH,+bad,,1430,1371,1130,1460,+17.58,+4.13,,-29.20,,bf1fe5b8fe78a94d,bf1fe5b8fe78a94d,bf1fe5b8fe78a94d,bf1fe5b8fe78a94d
opengl,surface.surface_list_lookup_032,leaf,,PASS,PASS,PASS,PASS,NOT_COMPARABLE,OUTCOME_AND_HASH_MATCH,OUTCOME_AND_HASH_MATCH,OUTCOME_AND_HASH_MATCH,+bad,,1602,1601,1553,1449,+3.00,+0.06,,+6.70,,c6275b91195a5325,c6275b91195a5325,c6275b91195a5325,c6275b91195a5325
opengl,surface.surface_list_lookup_128,leaf,,PASS,PASS,PASS,PASS,NOT_COMPARABLE,OUTCOME_AND_HASH_MATCH,OUTCOME_AND_HASH_MATCH,OUTCOME_AND_HASH_MATCH,+bad,,1564,1708,1595,1619,+6.62,-9.21,,-1.50,,c6275b91195a5325,c6275b91195a5325,c6275b91195a5325,c6275b91195a5325
opengl,surface.vulkan_memory_pressure.representative,group,,PASS,PASS,PASS,PASS,NOT_COMPARABLE,OUTCOME_AND_HASH_MATCH,OUTCOME_AND_HASH_MATCH,OUTCOME_AND_HASH_MATCH,,,,,,,,,,,,7e188dabb186cb25,7e188dabb186cb25,7e188dabb186cb25,7e188dabb186cb25
opengl,surface.vulkan_memory_pressure.representative.alias_resize,leaf,,PASS,PASS,PASS,PASS,NOT_COMPARABLE,OUTCOME_AND_HASH_MATCH,OUTCOME_AND_HASH_MATCH,OUTCOME_AND_HASH_MATCH,+bad,,14279,14204,12912,13253,+9.10,+0.53,,-2.64,,0c26236493b4d325,0c26236493b4d325,0c26236493b4d325,0c26236493b4d325
opengl,surface.vulkan_memory_pressure.representative.growth,leaf,,PASS,PASS,PASS,PASS,NOT_COMPARABLE,OUTCOME_AND_HASH_MATCH,OUTCOME_AND_HASH_MATCH,OUTCOME_AND_HASH_MATCH,+bad,,14025,13769,12797,15460,+7.06,+1.83,,-20.81,,c1b304b452852b25,c1b304b452852b25,c1b304b452852b25,c1b304b452852b25
opengl,surface.vulkan_memory_pressure.representative.idle_retention,leaf,,PASS,PASS,PASS,PASS,NOT_COMPARABLE,OUTCOME_AND_HASH_MATCH,OUTCOME_AND_HASH_MATCH,OUTCOME_AND_HASH_MATCH,+bad,,769,772,697,708,+9.72,-0.39,,-1.58,,3a8651789ea0fa25,3a8651789ea0fa25,3a8651789ea0fa25,3a8651789ea0fa25
opengl,surface.vulkan_memory_pressure.representative.plateau,leaf,,PASS,PASS,PASS,PASS,NOT_COMPARABLE,OUTCOME_AND_HASH_MATCH,OUTCOME_AND_HASH_MATCH,OUTCOME_AND_HASH_MATCH,+bad,,13668,13386,12239,12637,+8.57,+2.06,,-3.25,,730005d86af45b25,730005d86af45b25,730005d86af45b25,730005d86af45b25
opengl,surface.vulkan_memory_pressure.representative.reuse,leaf,,PASS,PASS,PASS,PASS,NOT_COMPARABLE,OUTCOME_AND_HASH_MATCH,OUTCOME_AND_HASH_MATCH,OUTCOME_AND_HASH_MATCH,+bad,,13937,13644,12675,12775,+7.10,+2.10,,-0.79,,3ba0d18066aacb25,3ba0d18066aacb25,3ba0d18066aacb25,3ba0d18066aacb25
opengl,surface.vulkan_memory_pressure.stress,group,,PASS,PASS,PASS,PASS,NOT_COMPARABLE,OUTCOME_AND_HASH_MATCH,OUTCOME_AND_HASH_MATCH,OUTCOME_AND_HASH_MATCH,,,,,,,,,,,,7e188dabb186cb25,7e188dabb186cb25,7e188dabb186cb25,7e188dabb186cb25
opengl,surface.vulkan_memory_pressure.stress.alias_resize,leaf,,PASS,PASS,PASS,PASS,NOT_COMPARABLE,OUTCOME_AND_HASH_MATCH,OUTCOME_AND_HASH_MATCH,OUTCOME_AND_HASH_MATCH,+bad,,56047,57581,51508,50950,+10.55,-2.74,,+1.08,,84a8d75f1f9d1b25,84a8d75f1f9d1b25,84a8d75f1f9d1b25,84a8d75f1f9d1b25
opengl,surface.vulkan_memory_pressure.stress.growth,leaf,,PASS,PASS,PASS,PASS,NOT_COMPARABLE,OUTCOME_AND_HASH_MATCH,OUTCOME_AND_HASH_MATCH,OUTCOME_AND_HASH_MATCH,+bad,,53820,54072,48240,48961,+10.79,-0.47,,-1.49,,94cdb4bddb0e4b25,94cdb4bddb0e4b25,94cdb4bddb0e4b25,94cdb4bddb0e4b25
opengl,surface.vulkan_memory_pressure.stress.idle_retention,leaf,,PASS,PASS,PASS,PASS,NOT_COMPARABLE,OUTCOME_AND_HASH_MATCH,OUTCOME_AND_HASH_MATCH,OUTCOME_AND_HASH_MATCH,+bad,,861,906,786,777,+13.25,-5.23,,+1.15,,430711a262877725,430711a262877725,430711a262877725,430711a262877725
opengl,surface.vulkan_memory_pressure.stress.plateau,leaf,,PASS,PASS,PASS,PASS,NOT_COMPARABLE,OUTCOME_AND_HASH_MATCH,OUTCOME_AND_HASH_MATCH,OUTCOME_AND_HASH_MATCH,+bad,,53185,54454,47767,48720,+12.28,-2.39,,-2.00,,196f33989be28325,196f33989be28325,196f33989be28325,196f33989be28325
opengl,surface.vulkan_memory_pressure.stress.reuse,leaf,,PASS,PASS,PASS,PASS,NOT_COMPARABLE,OUTCOME_AND_HASH_MATCH,OUTCOME_AND_HASH_MATCH,OUTCOME_AND_HASH_MATCH,+bad,,56559,56849,50973,50675,+10.34,-0.51,,+0.58,,fb2a6abd1cbfc725,fb2a6abd1cbfc725,fb2a6abd1cbfc725,fb2a6abd1cbfc725
opengl,texture_cubemap_fallback.unbordered_subblock_dxt1,leaf,,FAIL,FAIL,FAIL,FAIL,NOT_COMPARABLE,OUTCOME_AND_HASH_MATCH,OUTCOME_AND_HASH_MATCH,OUTCOME_AND_HASH_MATCH,,,16676,16675,16622,16440,,,,,,0a68f0aa371576a5,0a68f0aa371576a5,0a68f0aa371576a5,0a68f0aa371576a5
opengl,tiny_draw.arrays.fixed_function,leaf,,PASS,PASS,PASS,PASS,NOT_COMPARABLE,OUTCOME_AND_HASH_MATCH,OUTCOME_AND_HASH_MATCH,OUTCOME_AND_HASH_MATCH,+bad,,20956,21141,21269,21329,-0.61,-0.88,,-0.28,,acf025546cf667b5,acf025546cf667b5,acf025546cf667b5,acf025546cf667b5
opengl,tiny_draw.arrays.vertex_shader,leaf,,PASS,PASS,PASS,PASS,NOT_COMPARABLE,OUTCOME_AND_HASH_MATCH,OUTCOME_AND_HASH_MATCH,OUTCOME_AND_HASH_MATCH,+bad,,21162,21426,21608,21809,-0.85,-1.25,,-0.93,,acf025546cf667b5,acf025546cf667b5,acf025546cf667b5,acf025546cf667b5
opengl,tiny_draw.inline_arrays.fixed_function,leaf,,PASS,PASS,PASS,PASS,NOT_COMPARABLE,OUTCOME_AND_HASH_MATCH,OUTCOME_AND_HASH_MATCH,OUTCOME_AND_HASH_MATCH,+bad,,79775,82678,73199,74502,+11.46,-3.64,,-1.78,,acf025546cf667b5,acf025546cf667b5,acf025546cf667b5,acf025546cf667b5
opengl,tiny_draw.inline_arrays.vertex_shader,leaf,,PASS,PASS,PASS,PASS,NOT_COMPARABLE,OUTCOME_AND_HASH_MATCH,OUTCOME_AND_HASH_MATCH,OUTCOME_AND_HASH_MATCH,+bad,,77852,82580,71971,72270,+12.85,-6.07,,-0.42,,acf025546cf667b5,acf025546cf667b5,acf025546cf667b5,acf025546cf667b5
opengl,tiny_draw.inline_buffers.fixed_function,leaf,,PASS,PASS,PASS,PASS,NOT_COMPARABLE,OUTCOME_AND_HASH_MATCH,OUTCOME_AND_HASH_MATCH,OUTCOME_AND_HASH_MATCH,+bad,,76536,79337,71719,72469,+9.60,-3.66,,-1.05,,acf025546cf667b5,acf025546cf667b5,acf025546cf667b5,acf025546cf667b5
opengl,tiny_draw.inline_buffers.vertex_shader,leaf,,PASS,PASS,PASS,PASS,NOT_COMPARABLE,OUTCOME_AND_HASH_MATCH,OUTCOME_AND_HASH_MATCH,OUTCOME_AND_HASH_MATCH,+bad,,74277,76798,67997,70198,+11.46,-3.39,,-3.24,,acf025546cf667b5,acf025546cf667b5,acf025546cf667b5,acf025546cf667b5
opengl,tiny_draw.inline_elements.fixed_function,leaf,,PASS,PASS,PASS,PASS,NOT_COMPARABLE,OUTCOME_AND_HASH_MATCH,OUTCOME_AND_HASH_MATCH,OUTCOME_AND_HASH_MATCH,+bad,,20986,21375,21146,21836,+1.07,-1.85,,-3.26,,acf025546cf667b5,acf025546cf667b5,acf025546cf667b5,acf025546cf667b5
opengl,tiny_draw.inline_elements.vertex_shader,leaf,,PASS,PASS,PASS,PASS,NOT_COMPARABLE,OUTCOME_AND_HASH_MATCH,OUTCOME_AND_HASH_MATCH,OUTCOME_AND_HASH_MATCH,+bad,,21043,21386,21552,21813,-0.78,-1.63,,-1.21,,acf025546cf667b5,acf025546cf667b5,acf025546cf667b5,acf025546cf667b5
opengl,uniform_thrash.uniform_thrash,leaf,,PASS,PASS,PASS,PASS,NOT_COMPARABLE,OUTCOME_AND_HASH_MATCH,OUTCOME_AND_HASH_MATCH,OUTCOME_AND_HASH_MATCH,+bad,,1832,1859,1758,1747,+5.43,-1.47,,+0.63,,09eb5907ef624c25,09eb5907ef624c25,09eb5907ef624c25,09eb5907ef624c25
opengl,vertex_buffer_allocation.disjoint_same_page,leaf,,PASS,PASS,PASS,PASS,NOT_COMPARABLE,OUTCOME_AND_HASH_MATCH,OUTCOME_AND_HASH_MATCH,OUTCOME_AND_HASH_MATCH,+bad,,22808,23336,23260,23570,+0.33,-2.31,,-1.33,,fdcd25a37910bb25,fdcd25a37910bb25,fdcd25a37910bb25,fdcd25a37910bb25
opengl,vertex_buffer_allocation.mixed.arrays,leaf,,PASS,PASS,PASS,PASS,NOT_COMPARABLE,OUTCOME_AND_HASH_MATCH,OUTCOME_AND_HASH_MATCH,OUTCOME_AND_HASH_MATCH,+bad,,24152,24252,24324,24708,-0.30,-0.41,,-1.58,,377e6c029807f325,377e6c029807f325,377e6c029807f325,377e6c029807f325
opengl,vertex_buffer_allocation.mixed.inline_arrays,leaf,,PASS,PASS,PASS,PASS,NOT_COMPARABLE,OUTCOME_AND_HASH_MATCH,OUTCOME_AND_HASH_MATCH,OUTCOME_AND_HASH_MATCH,+bad,,129752,128899,129059,131692,-0.12,+0.66,,-2.04,,377e6c029807f325,377e6c029807f325,377e6c029807f325,377e6c029807f325
opengl,vertex_buffer_allocation.mixed.inline_buffers,leaf,,PASS,PASS,PASS,PASS,NOT_COMPARABLE,OUTCOME_AND_HASH_MATCH,OUTCOME_AND_HASH_MATCH,OUTCOME_AND_HASH_MATCH,+bad,,549405,563717,558149,572104,+0.99,-2.60,,-2.50,,377e6c029807f325,377e6c029807f325,377e6c029807f325,377e6c029807f325
opengl,vertex_buffer_allocation.mixed.inline_elements,leaf,,PASS,PASS,PASS,PASS,NOT_COMPARABLE,OUTCOME_AND_HASH_MATCH,OUTCOME_AND_HASH_MATCH,OUTCOME_AND_HASH_MATCH,+bad,,32673,32538,32575,33098,-0.11,+0.41,,-1.61,,377e6c029807f325,377e6c029807f325,377e6c029807f325,377e6c029807f325
opengl,vertex_buffer_allocation.ordered_same_page_overwrite,leaf,,PASS,PASS,PASS,PASS,NOT_COMPARABLE,OUTCOME_AND_HASH_MATCH,OUTCOME_AND_HASH_MATCH,OUTCOME_AND_HASH_MATCH,+bad,,16521,16430,16212,15774,+1.33,+0.55,,+2.70,,bbc8caeedc9dff25,bbc8caeedc9dff25,bbc8caeedc9dff25,bbc8caeedc9dff25
opengl,vertex_buffer_allocation.rising_transient_growth,leaf,,PASS,PASS,PASS,PASS,NOT_COMPARABLE,OUTCOME_AND_HASH_MATCH,OUTCOME_AND_HASH_MATCH,OUTCOME_AND_HASH_MATCH,+bad,,622178,601884,617330,629930,-2.57,+3.26,,-2.04,,377e6c029807f325,377e6c029807f325,377e6c029807f325,377e6c029807f325
opengl,vertex_buffer_allocation.three_generation_overwrite,leaf,,PASS,PASS,PASS,PASS,NOT_COMPARABLE,OUTCOME_AND_HASH_MATCH,OUTCOME_AND_HASH_MATCH,OUTCOME_AND_HASH_MATCH,+bad,,214242,212450,200123,201004,+5.80,+0.84,,-0.44,,05e2405b56d7f125,05e2405b56d7f125,05e2405b56d7f125,05e2405b56d7f125
opengl,vertex_buffer_allocation.tiny.arrays,leaf,,PASS,PASS,PASS,PASS,NOT_COMPARABLE,OUTCOME_AND_HASH_MATCH,OUTCOME_AND_HASH_MATCH,OUTCOME_AND_HASH_MATCH,+bad,,28428,28936,28715,29374,+0.76,-1.79,,-2.29,,377e6c029807f325,377e6c029807f325,377e6c029807f325,377e6c029807f325
opengl,vertex_buffer_allocation.tiny.inline_arrays,leaf,,PASS,PASS,PASS,PASS,NOT_COMPARABLE,OUTCOME_AND_HASH_MATCH,OUTCOME_AND_HASH_MATCH,OUTCOME_AND_HASH_MATCH,+bad,,88328,91641,76659,75979,+16.35,-3.75,,+0.89,,377e6c029807f325,377e6c029807f325,377e6c029807f325,377e6c029807f325
opengl,vertex_buffer_allocation.tiny.inline_buffers,leaf,,PASS,PASS,PASS,PASS,NOT_COMPARABLE,OUTCOME_AND_HASH_MATCH,OUTCOME_AND_HASH_MATCH,OUTCOME_AND_HASH_MATCH,+bad,,109936,111214,97272,98025,+12.54,-1.16,,-0.77,,377e6c029807f325,377e6c029807f325,377e6c029807f325,377e6c029807f325
opengl,vertex_buffer_allocation.tiny.inline_elements,leaf,,PASS,PASS,PASS,PASS,NOT_COMPARABLE,OUTCOME_AND_HASH_MATCH,OUTCOME_AND_HASH_MATCH,OUTCOME_AND_HASH_MATCH,+bad,,28199,28848,30119,29056,-4.41,-2.30,,+3.53,,377e6c029807f325,377e6c029807f325,377e6c029807f325,377e6c029807f325
