renderer,test_id,kind,main_outcome,main_hash,main_median_us,pr85_outcome,pr85_hash,pr85_median_us,pr87_outcome,pr87_hash,pr87_median_us,pr89_outcome,pr89_hash,pr89_median_us,main_to_pr85_status,main_to_pr85_improvement_pct,pr85_to_pr87_status,pr85_to_pr87_improvement_pct,pr87_to_pr89_status,pr87_to_pr89_improvement_pct,main_to_pr89_status,main_to_pr89_improvement_pct
vulkan,busy_pfifo.pfifo_saturation,leaf,PASS,1508607624bb8506,101795,PASS,1508607624bb8506,109692,PASS,1508607624bb8506,103445,PASS,1508607624bb8506,109312,OUTCOME_AND_HASH_MATCH,-7.76,OUTCOME_AND_HASH_MATCH,+5.70,OUTCOME_AND_HASH_MATCH,-5.67,OUTCOME_AND_HASH_MATCH,-7.38
vulkan,busy_pfifo.pgraph_pattern_polling,leaf,PASS,386d0f085e98c325,4419628,PASS,386d0f085e98c325,4421776,PASS,386d0f085e98c325,4621025,PASS,386d0f085e98c325,4439549,OUTCOME_AND_HASH_MATCH,-0.05,OUTCOME_AND_HASH_MATCH,-4.51,OUTCOME_AND_HASH_MATCH,+3.93,OUTCOME_AND_HASH_MATCH,-0.45
vulkan,cpu_floating_point.sse_scalar,leaf,PASS,6962077c244da325,504884,PASS,6962077c244da325,503609,PASS,6962077c244da325,497582,PASS,6962077c244da325,494077,OUTCOME_AND_HASH_MATCH,+0.25,OUTCOME_AND_HASH_MATCH,+1.20,OUTCOME_AND_HASH_MATCH,+0.70,OUTCOME_AND_HASH_MATCH,+2.14
vulkan,cpu_floating_point.x87_scalar,leaf,PASS,6962077c244da325,791288,PASS,6962077c244da325,793288,PASS,6962077c244da325,788866,PASS,6962077c244da325,789163,OUTCOME_AND_HASH_MATCH,-0.25,OUTCOME_AND_HASH_MATCH,+0.56,OUTCOME_AND_HASH_MATCH,-0.04,OUTCOME_AND_HASH_MATCH,+0.27
vulkan,cpu_translation_blocks.direct_loop,leaf,PASS,bd1fc9bf0c318325,9822,PASS,bd1fc9bf0c318325,9870,PASS,bd1fc9bf0c318325,9791,PASS,bd1fc9bf0c318325,9805,OUTCOME_AND_HASH_MATCH,-0.49,OUTCOME_AND_HASH_MATCH,+0.80,OUTCOME_AND_HASH_MATCH,-0.14,OUTCOME_AND_HASH_MATCH,+0.17
vulkan,cpu_translation_blocks.indirect_dispatch,leaf,PASS,c0426cf669a02325,39477,PASS,c0426cf669a02325,39589,PASS,c0426cf669a02325,39609,PASS,c0426cf669a02325,40127,OUTCOME_AND_HASH_MATCH,-0.28,OUTCOME_AND_HASH_MATCH,-0.05,OUTCOME_AND_HASH_MATCH,-1.31,OUTCOME_AND_HASH_MATCH,-1.65
vulkan,cpu_translation_blocks.indirect_dispatch_stress,leaf,PASS,fbd507cb0c622325,795588,PASS,fbd507cb0c622325,793731,PASS,fbd507cb0c622325,792663,PASS,fbd507cb0c622325,793237,OUTCOME_AND_HASH_MATCH,+0.23,OUTCOME_AND_HASH_MATCH,+0.13,OUTCOME_AND_HASH_MATCH,-0.07,OUTCOME_AND_HASH_MATCH,+0.30
vulkan,fill_rate.solid,leaf,PASS,08b0f60773aac775,1142,PASS,08b0f60773aac775,1131,PASS,08b0f60773aac775,1132,PASS,08b0f60773aac775,1145,OUTCOME_AND_HASH_MATCH,+0.96,OUTCOME_AND_HASH_MATCH,-0.09,OUTCOME_AND_HASH_MATCH,-1.15,OUTCOME_AND_HASH_MATCH,-0.26
vulkan,fill_rate.textured,leaf,PASS,99b433323df1684d,1202,PASS,99b433323df1684d,1243,PASS,99b433323df1684d,1183,PASS,99b433323df1684d,1212,OUTCOME_AND_HASH_MATCH,-3.41,OUTCOME_AND_HASH_MATCH,+4.83,OUTCOME_AND_HASH_MATCH,-2.45,OUTCOME_AND_HASH_MATCH,-0.83
vulkan,game_load.cross_title_hotpath,group,PASS,e30500792076e325,,PASS,e30500792076e325,,PASS,e30500792076e325,,PASS,e30500792076e325,,OUTCOME_AND_HASH_MATCH,,OUTCOME_AND_HASH_MATCH,,OUTCOME_AND_HASH_MATCH,,OUTCOME_AND_HASH_MATCH,
vulkan,game_load.cross_title_hotpath.blend_constant_reuse,leaf,PASS,58e80f99c5a56325,166669,PASS,58e80f99c5a56325,182008,PASS,58e80f99c5a56325,183221,PASS,58e80f99c5a56325,100143,OUTCOME_AND_HASH_MATCH,-9.20,OUTCOME_AND_HASH_MATCH,-0.67,OUTCOME_AND_HASH_MATCH,+45.34,OUTCOME_AND_HASH_MATCH,+39.92
vulkan,game_load.cross_title_hotpath.gpu_wait_control,leaf,PASS,e30500792076e325,1143,PASS,e30500792076e325,1152,PASS,e30500792076e325,1159,PASS,e30500792076e325,1111,OUTCOME_AND_HASH_MATCH,-0.79,OUTCOME_AND_HASH_MATCH,-0.61,OUTCOME_AND_HASH_MATCH,+4.14,OUTCOME_AND_HASH_MATCH,+2.80
vulkan,game_load.cross_title_hotpath.pgr2_lagspot_inline_elements,leaf,PASS,2b9db92162606325,124522,PASS,2b9db92162606325,116553,PASS,2b9db92162606325,121336,PASS,2b9db92162606325,99775,OUTCOME_AND_HASH_MATCH,+6.40,OUTCOME_AND_HASH_MATCH,-4.10,OUTCOME_AND_HASH_MATCH,+17.77,OUTCOME_AND_HASH_MATCH,+19.87
vulkan,game_load.cross_title_hotpath.pgr2_small_draws,leaf,PASS,151015a16ca46325,101836,PASS,151015a16ca46325,104360,PASS,151015a16ca46325,103171,PASS,151015a16ca46325,106112,OUTCOME_AND_HASH_MATCH,-2.48,OUTCOME_AND_HASH_MATCH,+1.14,OUTCOME_AND_HASH_MATCH,-2.85,OUTCOME_AND_HASH_MATCH,-4.20
vulkan,game_load.cross_title_hotpath.pipeline_state_churn,leaf,PASS,4f8b2eab497ca325,66620,PASS,4f8b2eab497ca325,65187,PASS,4f8b2eab497ca325,65791,PASS,4f8b2eab497ca325,65844,OUTCOME_AND_HASH_MATCH,+2.15,OUTCOME_AND_HASH_MATCH,-0.93,OUTCOME_AND_HASH_MATCH,-0.08,OUTCOME_AND_HASH_MATCH,+1.16
vulkan,game_load.cross_title_hotpath.queued_vertex_cpu_writes,leaf,PASS,ea21c900993ea325,84011,PASS,ea21c900993ea325,100313,PASS,ea21c900993ea325,100156,PASS,ea21c900993ea325,50372,OUTCOME_AND_HASH_MATCH,-19.40,OUTCOME_AND_HASH_MATCH,+0.16,OUTCOME_AND_HASH_MATCH,+49.71,OUTCOME_AND_HASH_MATCH,+40.04
vulkan,game_load.cross_title_hotpath.s3tc_streaming_fenced_draws,leaf,PASS,1a65246e1a0ea325,1219623,PASS,1a65246e1a0ea325,1251976,PASS,1a65246e1a0ea325,1259840,PASS,1a65246e1a0ea325,1369125,OUTCOME_AND_HASH_MATCH,-2.65,OUTCOME_AND_HASH_MATCH,-0.63,OUTCOME_AND_HASH_MATCH,-8.67,OUTCOME_AND_HASH_MATCH,-12.26
vulkan,game_load.cross_title_hotpath.scaled_surface_pressure,leaf,PASS,32a69ec6dce52325,658528,PASS,32a69ec6dce52325,660268,PASS,32a69ec6dce52325,663958,PASS,32a69ec6dce52325,666851,OUTCOME_AND_HASH_MATCH,-0.26,OUTCOME_AND_HASH_MATCH,-0.56,OUTCOME_AND_HASH_MATCH,-0.44,OUTCOME_AND_HASH_MATCH,-1.26
vulkan,game_load.cross_title_hotpath.surface_reuse,leaf,PASS,37f87c4938cd6325,9817,PASS,37f87c4938cd6325,9630,PASS,37f87c4938cd6325,9735,PASS,37f87c4938cd6325,9320,OUTCOME_AND_HASH_MATCH,+1.90,OUTCOME_AND_HASH_MATCH,-1.09,OUTCOME_AND_HASH_MATCH,+4.26,OUTCOME_AND_HASH_MATCH,+5.06
vulkan,game_load.cross_title_hotpath.texture_binding_reuse,leaf,PASS,6b9bae4b9c97a325,216745,PASS,6b9bae4b9c97a325,232791,PASS,6b9bae4b9c97a325,228534,PASS,6b9bae4b9c97a325,148183,OUTCOME_AND_HASH_MATCH,-7.40,OUTCOME_AND_HASH_MATCH,+1.83,OUTCOME_AND_HASH_MATCH,+35.16,OUTCOME_AND_HASH_MATCH,+31.63
vulkan,game_load.cross_title_hotpath.texture_update_reuse,leaf,PASS,44fcd2c900a5a325,3158,PASS,44fcd2c900a5a325,2884,PASS,44fcd2c900a5a325,2960,PASS,44fcd2c900a5a325,2758,OUTCOME_AND_HASH_MATCH,+8.68,OUTCOME_AND_HASH_MATCH,-2.64,OUTCOME_AND_HASH_MATCH,+6.82,OUTCOME_AND_HASH_MATCH,+12.67
vulkan,game_load.doax_menu_representative.cpu_only,leaf,PASS,c9ffff20249e2325,13691,PASS,c9ffff20249e2325,13487,PASS,c9ffff20249e2325,13398,PASS,c9ffff20249e2325,13385,OUTCOME_AND_HASH_MATCH,+1.49,OUTCOME_AND_HASH_MATCH,+0.66,OUTCOME_AND_HASH_MATCH,+0.10,OUTCOME_AND_HASH_MATCH,+2.24
vulkan,game_load.doax_menu_representative.cpu_pfifo_gpu,leaf,PASS,04157941d1aa6325,32017,PASS,04157941d1aa6325,31985,PASS,04157941d1aa6325,32267,PASS,04157941d1aa6325,32338,OUTCOME_AND_HASH_MATCH,+0.10,OUTCOME_AND_HASH_MATCH,-0.88,OUTCOME_AND_HASH_MATCH,-0.22,OUTCOME_AND_HASH_MATCH,-1.00
vulkan,game_load.doax_menu_representative.cpu_pfifo_gpu_streaming,leaf,PASS,e6d7900d809f6325,36772,PASS,e6d7900d809f6325,37065,PASS,e6d7900d809f6325,36933,PASS,e6d7900d809f6325,38056,OUTCOME_AND_HASH_MATCH,-0.80,OUTCOME_AND_HASH_MATCH,+0.36,OUTCOME_AND_HASH_MATCH,-3.04,OUTCOME_AND_HASH_MATCH,-3.49
vulkan,game_load.doax_menu_representative.full_system,leaf,PASS,3ebb8ee340a52325,36813,PASS,3ebb8ee340a52325,37844,PASS,3ebb8ee340a52325,37194,PASS,3ebb8ee340a52325,37705,OUTCOME_AND_HASH_MATCH,-2.80,OUTCOME_AND_HASH_MATCH,+1.72,OUTCOME_AND_HASH_MATCH,-1.37,OUTCOME_AND_HASH_MATCH,-2.42
vulkan,game_load.doax_menu_representative.gpu_only,leaf,PASS,fbd6d6be7f982325,15946,PASS,fbd6d6be7f982325,16123,PASS,fbd6d6be7f982325,16116,PASS,fbd6d6be7f982325,16335,OUTCOME_AND_HASH_MATCH,-1.11,OUTCOME_AND_HASH_MATCH,+0.04,OUTCOME_AND_HASH_MATCH,-1.36,OUTCOME_AND_HASH_MATCH,-2.44
vulkan,game_load.doax_menu_representative.pfifo_only,leaf,PASS,db52eb2ea2ee6325,2368,PASS,db52eb2ea2ee6325,2381,PASS,db52eb2ea2ee6325,2399,PASS,db52eb2ea2ee6325,2439,OUTCOME_AND_HASH_MATCH,-0.55,OUTCOME_AND_HASH_MATCH,-0.76,OUTCOME_AND_HASH_MATCH,-1.67,OUTCOME_AND_HASH_MATCH,-3.00
vulkan,game_load.doax_menu_representative.streaming_only,leaf,PASS,f94303d175056325,5943,PASS,f94303d175056325,6065,PASS,f94303d175056325,6166,PASS,f94303d175056325,6087,OUTCOME_AND_HASH_MATCH,-2.05,OUTCOME_AND_HASH_MATCH,-1.67,OUTCOME_AND_HASH_MATCH,+1.28,OUTCOME_AND_HASH_MATCH,-2.42
vulkan,game_load.doax_menu_stress.cpu_only,leaf,PASS,312802588e58a325,26931,PASS,312802588e58a325,26960,PASS,312802588e58a325,26882,PASS,312802588e58a325,26895,OUTCOME_AND_HASH_MATCH,-0.11,OUTCOME_AND_HASH_MATCH,+0.29,OUTCOME_AND_HASH_MATCH,-0.05,OUTCOME_AND_HASH_MATCH,+0.13
vulkan,game_load.doax_menu_stress.cpu_pfifo_gpu,leaf,PASS,c94959246d55a325,63385,PASS,c94959246d55a325,63167,PASS,c94959246d55a325,63931,PASS,c94959246d55a325,64404,OUTCOME_AND_HASH_MATCH,+0.34,OUTCOME_AND_HASH_MATCH,-1.21,OUTCOME_AND_HASH_MATCH,-0.74,OUTCOME_AND_HASH_MATCH,-1.61
vulkan,game_load.doax_menu_stress.cpu_pfifo_gpu_streaming,leaf,PASS,5dbf320b91a86325,71904,PASS,5dbf320b91a86325,72353,PASS,5dbf320b91a86325,72991,PASS,5dbf320b91a86325,73716,OUTCOME_AND_HASH_MATCH,-0.62,OUTCOME_AND_HASH_MATCH,-0.88,OUTCOME_AND_HASH_MATCH,-0.99,OUTCOME_AND_HASH_MATCH,-2.52
vulkan,game_load.doax_menu_stress.full_system,leaf,PASS,545f7965debce325,73452,PASS,545f7965debce325,73435,PASS,545f7965debce325,73095,PASS,545f7965debce325,74080,OUTCOME_AND_HASH_MATCH,+0.02,OUTCOME_AND_HASH_MATCH,+0.46,OUTCOME_AND_HASH_MATCH,-1.35,OUTCOME_AND_HASH_MATCH,-0.85
vulkan,game_load.doax_menu_stress.gpu_only,leaf,PASS,30126b41ecb96325,31671,PASS,30126b41ecb96325,31969,PASS,30126b41ecb96325,31987,PASS,30126b41ecb96325,32864,OUTCOME_AND_HASH_MATCH,-0.94,OUTCOME_AND_HASH_MATCH,-0.06,OUTCOME_AND_HASH_MATCH,-2.74,OUTCOME_AND_HASH_MATCH,-3.77
vulkan,game_load.doax_menu_stress.pfifo_only,leaf,PASS,6251472ce3a6e325,4773,PASS,6251472ce3a6e325,4753,PASS,6251472ce3a6e325,4732,PASS,6251472ce3a6e325,4747,OUTCOME_AND_HASH_MATCH,+0.42,OUTCOME_AND_HASH_MATCH,+0.44,OUTCOME_AND_HASH_MATCH,-0.32,OUTCOME_AND_HASH_MATCH,+0.54
vulkan,game_load.doax_menu_stress.streaming_only,leaf,PASS,5b922e3ee1312325,11569,PASS,5b922e3ee1312325,11497,PASS,5b922e3ee1312325,11835,PASS,5b922e3ee1312325,11474,OUTCOME_AND_HASH_MATCH,+0.62,OUTCOME_AND_HASH_MATCH,-2.94,OUTCOME_AND_HASH_MATCH,+3.05,OUTCOME_AND_HASH_MATCH,+0.82
vulkan,game_load.long_unlocked_scene,group,PASS,4efd9244c4ad2325,,PASS,4efd9244c4ad2325,,PASS,4efd9244c4ad2325,,PASS,4efd9244c4ad2325,,OUTCOME_AND_HASH_MATCH,,OUTCOME_AND_HASH_MATCH,,OUTCOME_AND_HASH_MATCH,,OUTCOME_AND_HASH_MATCH,
vulkan,game_load.long_unlocked_scene.alpha_overdraw,leaf,PASS,4efd9244c4ad2325,33731,PASS,4efd9244c4ad2325,34031,PASS,4efd9244c4ad2325,33992,PASS,4efd9244c4ad2325,34325,OUTCOME_AND_HASH_MATCH,-0.89,OUTCOME_AND_HASH_MATCH,+0.11,OUTCOME_AND_HASH_MATCH,-0.98,OUTCOME_AND_HASH_MATCH,-1.76
vulkan,game_load.long_unlocked_scene.combined,leaf,PASS,4efd9244c4ad2325,73412,PASS,4efd9244c4ad2325,75224,PASS,4efd9244c4ad2325,75139,PASS,4efd9244c4ad2325,74584,OUTCOME_AND_HASH_MATCH,-2.47,OUTCOME_AND_HASH_MATCH,+0.11,OUTCOME_AND_HASH_MATCH,+0.74,OUTCOME_AND_HASH_MATCH,-1.60
vulkan,game_load.long_unlocked_scene.cpu,leaf,PASS,4efd9244c4ad2325,24164,PASS,4efd9244c4ad2325,23842,PASS,4efd9244c4ad2325,24259,PASS,4efd9244c4ad2325,23756,OUTCOME_AND_HASH_MATCH,+1.33,OUTCOME_AND_HASH_MATCH,-1.75,OUTCOME_AND_HASH_MATCH,+2.07,OUTCOME_AND_HASH_MATCH,+1.69
vulkan,game_load.long_unlocked_scene.full_system,leaf,PASS,4efd9244c4ad2325,74508,PASS,4efd9244c4ad2325,75158,PASS,4efd9244c4ad2325,74854,PASS,4efd9244c4ad2325,76040,OUTCOME_AND_HASH_MATCH,-0.87,OUTCOME_AND_HASH_MATCH,+0.40,OUTCOME_AND_HASH_MATCH,-1.58,OUTCOME_AND_HASH_MATCH,-2.06
vulkan,game_load.long_unlocked_scene.pfifo,leaf,PASS,4efd9244c4ad2325,4781,PASS,4efd9244c4ad2325,4866,PASS,4efd9244c4ad2325,4750,PASS,4efd9244c4ad2325,4775,OUTCOME_AND_HASH_MATCH,-1.78,OUTCOME_AND_HASH_MATCH,+2.38,OUTCOME_AND_HASH_MATCH,-0.53,OUTCOME_AND_HASH_MATCH,+0.13
vulkan,game_load.long_unlocked_scene.streaming_surface_reuse,leaf,PASS,4efd9244c4ad2325,11802,PASS,4efd9244c4ad2325,11880,PASS,4efd9244c4ad2325,11855,PASS,4efd9244c4ad2325,11960,OUTCOME_AND_HASH_MATCH,-0.66,OUTCOME_AND_HASH_MATCH,+0.21,OUTCOME_AND_HASH_MATCH,-0.89,OUTCOME_AND_HASH_MATCH,-1.34
vulkan,game_load.pgr2_ai_backup.cpu_only,leaf,PASS,e086b0a920c42325,42311,PASS,e086b0a920c42325,41666,PASS,e086b0a920c42325,41807,PASS,e086b0a920c42325,41771,OUTCOME_AND_HASH_MATCH,+1.52,OUTCOME_AND_HASH_MATCH,-0.34,OUTCOME_AND_HASH_MATCH,+0.09,OUTCOME_AND_HASH_MATCH,+1.28
vulkan,game_load.pgr2_ai_backup.cpu_pfifo_gpu,leaf,PASS,48c0585f003ea325,139135,PASS,48c0585f003ea325,140018,PASS,48c0585f003ea325,140014,PASS,48c0585f003ea325,143341,OUTCOME_AND_HASH_MATCH,-0.63,OUTCOME_AND_HASH_MATCH,+0.00,OUTCOME_AND_HASH_MATCH,-2.38,OUTCOME_AND_HASH_MATCH,-3.02
vulkan,game_load.pgr2_ai_backup.cpu_pfifo_gpu_streaming,leaf,PASS,e0430415b6dbe325,143429,PASS,e0430415b6dbe325,144110,PASS,e0430415b6dbe325,143937,PASS,e0430415b6dbe325,146483,OUTCOME_AND_HASH_MATCH,-0.47,OUTCOME_AND_HASH_MATCH,+0.12,OUTCOME_AND_HASH_MATCH,-1.77,OUTCOME_AND_HASH_MATCH,-2.13
vulkan,game_load.pgr2_ai_backup.full_system,leaf,PASS,cb91c33db5046325,144647,PASS,cb91c33db5046325,145349,PASS,cb91c33db5046325,145634,PASS,cb91c33db5046325,147199,OUTCOME_AND_HASH_MATCH,-0.49,OUTCOME_AND_HASH_MATCH,-0.20,OUTCOME_AND_HASH_MATCH,-1.07,OUTCOME_AND_HASH_MATCH,-1.76
vulkan,game_load.pgr2_ai_backup.gpu_only,leaf,PASS,f8348ac6eeaaa325,82740,PASS,f8348ac6eeaaa325,82040,PASS,f8348ac6eeaaa325,83812,PASS,f8348ac6eeaaa325,85404,OUTCOME_AND_HASH_MATCH,+0.85,OUTCOME_AND_HASH_MATCH,-2.16,OUTCOME_AND_HASH_MATCH,-1.90,OUTCOME_AND_HASH_MATCH,-3.22
vulkan,game_load.pgr2_ai_backup.pfifo_only,leaf,PASS,5bc1b07714da2325,15408,PASS,5bc1b07714da2325,15101,PASS,5bc1b07714da2325,15801,PASS,5bc1b07714da2325,15206,OUTCOME_AND_HASH_MATCH,+1.99,OUTCOME_AND_HASH_MATCH,-4.64,OUTCOME_AND_HASH_MATCH,+3.77,OUTCOME_AND_HASH_MATCH,+1.31
vulkan,game_load.pgr2_ai_backup.streaming_only,leaf,PASS,f43007e31b972325,4064,PASS,f43007e31b972325,4442,PASS,f43007e31b972325,4142,PASS,f43007e31b972325,4226,OUTCOME_AND_HASH_MATCH,-9.30,OUTCOME_AND_HASH_MATCH,+6.75,OUTCOME_AND_HASH_MATCH,-2.03,OUTCOME_AND_HASH_MATCH,-3.99
vulkan,game_load.repeated_display,leaf,PASS,e758dbbf4edc2325,16629,PASS,e758dbbf4edc2325,16670,PASS,e758dbbf4edc2325,16635,PASS,e758dbbf4edc2325,16576,OUTCOME_AND_HASH_MATCH,-0.25,OUTCOME_AND_HASH_MATCH,+0.21,OUTCOME_AND_HASH_MATCH,+0.35,OUTCOME_AND_HASH_MATCH,+0.32
vulkan,game_load.repeated_display_boosted,leaf,PASS,60315b1c33b6a325,49922,PASS,60315b1c33b6a325,50045,PASS,60315b1c33b6a325,49909,PASS,60315b1c33b6a325,49717,OUTCOME_AND_HASH_MATCH,-0.25,OUTCOME_AND_HASH_MATCH,+0.27,OUTCOME_AND_HASH_MATCH,+0.38,OUTCOME_AND_HASH_MATCH,+0.41
vulkan,game_load.s3tc_sync_factor,group,PASS,db28300321744de5,,PASS,db28300321744de5,,PASS,db28300321744de5,,PASS,db28300321744de5,,OUTCOME_AND_HASH_MATCH,,OUTCOME_AND_HASH_MATCH,,OUTCOME_AND_HASH_MATCH,,OUTCOME_AND_HASH_MATCH,
vulkan,game_load.s3tc_sync_factor.bc2_bordered_fallback,leaf,PASS,db28300321744de5,49858,PASS,db28300321744de5,50315,PASS,db28300321744de5,49853,PASS,db28300321744de5,49200,OUTCOME_AND_HASH_MATCH,-0.92,OUTCOME_AND_HASH_MATCH,+0.92,OUTCOME_AND_HASH_MATCH,+1.31,OUTCOME_AND_HASH_MATCH,+1.32
vulkan,game_load.s3tc_sync_factor.bc2_native_eligible,leaf,PASS,3403675459d4d3d5,16584,PASS,3403675459d4d3d5,16572,PASS,3403675459d4d3d5,16449,PASS,3403675459d4d3d5,16658,OUTCOME_AND_HASH_MATCH,+0.07,OUTCOME_AND_HASH_MATCH,+0.74,OUTCOME_AND_HASH_MATCH,-1.27,OUTCOME_AND_HASH_MATCH,-0.45
vulkan,game_load.s3tc_sync_factor.bc3_bordered_fallback,leaf,PASS,db28300321744de5,49883,PASS,db28300321744de5,50002,PASS,db28300321744de5,49984,PASS,db28300321744de5,50053,OUTCOME_AND_HASH_MATCH,-0.24,OUTCOME_AND_HASH_MATCH,+0.04,OUTCOME_AND_HASH_MATCH,-0.14,OUTCOME_AND_HASH_MATCH,-0.34
vulkan,game_load.s3tc_sync_factor.bc3_native_eligible,leaf,PASS,3403675459d4d3d5,16615,PASS,3403675459d4d3d5,16679,PASS,3403675459d4d3d5,16879,PASS,3403675459d4d3d5,16609,OUTCOME_AND_HASH_MATCH,-0.39,OUTCOME_AND_HASH_MATCH,-1.20,OUTCOME_AND_HASH_MATCH,+1.60,OUTCOME_AND_HASH_MATCH,+0.04
vulkan,game_load.s3tc_sync_factor.dxt1_dirty_once_redraw,leaf,PASS,428c04bbb0a62725,16572,PASS,428c04bbb0a62725,16566,PASS,428c04bbb0a62725,16638,PASS,428c04bbb0a62725,16616,OUTCOME_AND_HASH_MATCH,+0.04,OUTCOME_AND_HASH_MATCH,-0.43,OUTCOME_AND_HASH_MATCH,+0.13,OUTCOME_AND_HASH_MATCH,-0.27
vulkan,game_load.s3tc_sync_factor.dxt1_ring_payload_generations,leaf,PASS,3403675459d4d3d5,16500,PASS,3403675459d4d3d5,16657,PASS,3403675459d4d3d5,16635,PASS,3403675459d4d3d5,16631,OUTCOME_AND_HASH_MATCH,-0.95,OUTCOME_AND_HASH_MATCH,+0.13,OUTCOME_AND_HASH_MATCH,+0.02,OUTCOME_AND_HASH_MATCH,-0.79
vulkan,game_load.s3tc_sync_factor.dxt1_same_address_queued,leaf,PASS,a6f06fa8e5026141,16648,PASS,746502b6df10199d,16643,PASS,b7706f638d813ce5,16685,PASS,93cde821c1b3f827,16728,HASH_INELIGIBLE_OUTCOME_MATCH,+0.03,HASH_INELIGIBLE_OUTCOME_MATCH,-0.25,HASH_INELIGIBLE_OUTCOME_MATCH,-0.26,HASH_INELIGIBLE_OUTCOME_MATCH,-0.48
vulkan,game_load.s3tc_sync_factor.dxt1_same_address_wait,leaf,PASS,3403675459d4d3d5,16497,PASS,3403675459d4d3d5,16690,PASS,3403675459d4d3d5,16739,PASS,3403675459d4d3d5,16626,OUTCOME_AND_HASH_MATCH,-1.17,OUTCOME_AND_HASH_MATCH,-0.29,OUTCOME_AND_HASH_MATCH,+0.68,OUTCOME_AND_HASH_MATCH,-0.78
vulkan,game_load.s3tc_sync_factor.rgba8_dirty_once_redraw,leaf,PASS,428c04bbb0a62725,16525,PASS,428c04bbb0a62725,16422,PASS,428c04bbb0a62725,16592,PASS,428c04bbb0a62725,16574,OUTCOME_AND_HASH_MATCH,+0.62,OUTCOME_AND_HASH_MATCH,-1.04,OUTCOME_AND_HASH_MATCH,+0.11,OUTCOME_AND_HASH_MATCH,-0.30
vulkan,game_load.s3tc_sync_factor.rgba8_ring_payload_generations,leaf,PASS,3403675459d4d3d5,49732,PASS,3403675459d4d3d5,49814,PASS,3403675459d4d3d5,49993,PASS,3403675459d4d3d5,49602,OUTCOME_AND_HASH_MATCH,-0.16,OUTCOME_AND_HASH_MATCH,-0.36,OUTCOME_AND_HASH_MATCH,+0.78,OUTCOME_AND_HASH_MATCH,+0.26
vulkan,game_load.s3tc_sync_factor.rgba8_same_address_queued,leaf,PASS,270f297597abf23e,49793,PASS,a7b7f631745e40f2,49861,PASS,56c630b276233725,49919,PASS,c2a8b447af78391b,49911,HASH_INELIGIBLE_OUTCOME_MATCH,-0.14,HASH_INELIGIBLE_OUTCOME_MATCH,-0.12,HASH_INELIGIBLE_OUTCOME_MATCH,+0.02,HASH_INELIGIBLE_OUTCOME_MATCH,-0.24
vulkan,game_load.s3tc_sync_factor.rgba8_same_address_wait,leaf,PASS,3403675459d4d3d5,49487,PASS,3403675459d4d3d5,49805,PASS,3403675459d4d3d5,49412,PASS,3403675459d4d3d5,49799,OUTCOME_AND_HASH_MATCH,-0.64,OUTCOME_AND_HASH_MATCH,+0.79,OUTCOME_AND_HASH_MATCH,-0.78,OUTCOME_AND_HASH_MATCH,-0.63
vulkan,high_vertex_count.arrays,leaf,PASS,a27c67890c2d9083,90,PASS,a27c67890c2d9083,87,PASS,a27c67890c2d9083,86,PASS,a27c67890c2d9083,87,OUTCOME_AND_HASH_MATCH,+3.33,OUTCOME_AND_HASH_MATCH,+1.15,OUTCOME_AND_HASH_MATCH,-1.16,OUTCOME_AND_HASH_MATCH,+3.33
vulkan,high_vertex_count.inline_arrays,leaf,PASS,a27c67890c2d9083,47359,PASS,a27c67890c2d9083,46742,PASS,a27c67890c2d9083,45425,PASS,a27c67890c2d9083,48074,OUTCOME_AND_HASH_MATCH,+1.30,OUTCOME_AND_HASH_MATCH,+2.82,OUTCOME_AND_HASH_MATCH,-5.83,OUTCOME_AND_HASH_MATCH,-1.51
vulkan,high_vertex_count.inline_buffers,leaf,PASS,a27c67890c2d9083,238302,PASS,a27c67890c2d9083,241034,PASS,a27c67890c2d9083,231856,PASS,a27c67890c2d9083,242736,OUTCOME_AND_HASH_MATCH,-1.15,OUTCOME_AND_HASH_MATCH,+3.81,OUTCOME_AND_HASH_MATCH,-4.69,OUTCOME_AND_HASH_MATCH,-1.86
vulkan,high_vertex_count.inline_elements,leaf,PASS,a27c67890c2d9083,4001,PASS,a27c67890c2d9083,3999,PASS,a27c67890c2d9083,3917,PASS,a27c67890c2d9083,4032,OUTCOME_AND_HASH_MATCH,+0.05,OUTCOME_AND_HASH_MATCH,+2.05,OUTCOME_AND_HASH_MATCH,-2.94,OUTCOME_AND_HASH_MATCH,-0.77
vulkan,pfifo_array_elements.array_element16,leaf,PASS,9c884de2a5d32325,598,PASS,9c884de2a5d32325,585,PASS,9c884de2a5d32325,576,PASS,9c884de2a5d32325,567,OUTCOME_AND_HASH_MATCH,+2.17,OUTCOME_AND_HASH_MATCH,+1.54,OUTCOME_AND_HASH_MATCH,+1.56,OUTCOME_AND_HASH_MATCH,+5.18
vulkan,pfifo_array_elements.array_element32,leaf,PASS,e079f0cf1a994325,1005,PASS,e079f0cf1a994325,1009,PASS,e079f0cf1a994325,1004,PASS,e079f0cf1a994325,997,OUTCOME_AND_HASH_MATCH,-0.40,OUTCOME_AND_HASH_MATCH,+0.50,OUTCOME_AND_HASH_MATCH,+0.70,OUTCOME_AND_HASH_MATCH,+0.80
vulkan,pfifo_array_elements.array_element_pgr2,leaf,PASS,bbc8b0702ffd0325,481,PASS,bbc8b0702ffd0325,468,PASS,bbc8b0702ffd0325,459,PASS,bbc8b0702ffd0325,457,OUTCOME_AND_HASH_MATCH,+2.70,OUTCOME_AND_HASH_MATCH,+1.92,OUTCOME_AND_HASH_MATCH,+0.44,OUTCOME_AND_HASH_MATCH,+4.99
vulkan,pfifo_packet_boundary.array_element16_overflow,leaf,PASS,4d1756526f052325,15768,PASS,4d1756526f052325,15582,PASS,4d1756526f052325,15747,PASS,4d1756526f052325,16002,OUTCOME_AND_HASH_MATCH,+1.18,OUTCOME_AND_HASH_MATCH,-1.06,OUTCOME_AND_HASH_MATCH,-1.62,OUTCOME_AND_HASH_MATCH,-1.48
vulkan,pfifo_packet_boundary.array_element32_overflow,leaf,PASS,6eb7071be692a325,30852,PASS,6eb7071be692a325,30652,PASS,6eb7071be692a325,30885,PASS,6eb7071be692a325,30645,OUTCOME_AND_HASH_MATCH,+0.65,OUTCOME_AND_HASH_MATCH,-0.76,OUTCOME_AND_HASH_MATCH,+0.78,OUTCOME_AND_HASH_MATCH,+0.67
vulkan,pfifo_packet_boundary.incrementing_inline_fallback,leaf,PASS,640439ee8ecd2325,106,PASS,640439ee8ecd2325,109,PASS,640439ee8ecd2325,105,PASS,640439ee8ecd2325,108,OUTCOME_AND_HASH_MATCH,-2.83,OUTCOME_AND_HASH_MATCH,+3.67,OUTCOME_AND_HASH_MATCH,-2.86,OUTCOME_AND_HASH_MATCH,-1.89
vulkan,pfifo_packet_boundary.inline_array_overflow,leaf,PASS,847da1930526a325,30681,PASS,847da1930526a325,30346,PASS,847da1930526a325,30752,PASS,847da1930526a325,30614,OUTCOME_AND_HASH_MATCH,+1.09,OUTCOME_AND_HASH_MATCH,-1.34,OUTCOME_AND_HASH_MATCH,+0.45,OUTCOME_AND_HASH_MATCH,+0.22
vulkan,pipeline_texture_switch.clear_texture_normal,leaf,PASS,22ba4f1405cda325,28268,PASS,22ba4f1405cda325,27238,PASS,22ba4f1405cda325,28428,PASS,22ba4f1405cda325,27089,OUTCOME_AND_HASH_MATCH,+3.64,OUTCOME_AND_HASH_MATCH,-4.37,OUTCOME_AND_HASH_MATCH,+4.71,OUTCOME_AND_HASH_MATCH,+4.17
vulkan,pipeline_texture_switch.palette_dma_remap,leaf,PASS,fbf687de65082325,20386,PASS,fbf687de65082325,20047,PASS,fbf687de65082325,17495,PASS,fbf687de65082325,18509,OUTCOME_AND_HASH_MATCH,+1.66,OUTCOME_AND_HASH_MATCH,+12.73,OUTCOME_AND_HASH_MATCH,-5.80,OUTCOME_AND_HASH_MATCH,+9.21
vulkan,pipeline_texture_switch.palette_only_update,leaf,PASS,467aab2f95cda325,21228,PASS,467aab2f95cda325,20502,PASS,467aab2f95cda325,20086,PASS,467aab2f95cda325,20717,OUTCOME_AND_HASH_MATCH,+3.42,OUTCOME_AND_HASH_MATCH,+2.03,OUTCOME_AND_HASH_MATCH,-3.14,OUTCOME_AND_HASH_MATCH,+2.41
vulkan,pipeline_texture_switch.sampler_only_identity,leaf,PASS,0b8438c8404da325,21423,PASS,0b8438c8404da325,21471,PASS,0b8438c8404da325,21554,PASS,0b8438c8404da325,21870,OUTCOME_AND_HASH_MATCH,-0.22,OUTCOME_AND_HASH_MATCH,-0.39,OUTCOME_AND_HASH_MATCH,-1.47,OUTCOME_AND_HASH_MATCH,-2.09
vulkan,pipeline_texture_switch.shader_negative_control,leaf,PASS,f110c8bd6338c325,18607,PASS,f110c8bd6338c325,19051,PASS,f110c8bd6338c325,18336,PASS,f110c8bd6338c325,18429,OUTCOME_AND_HASH_MATCH,-2.39,OUTCOME_AND_HASH_MATCH,+3.75,OUTCOME_AND_HASH_MATCH,-0.51,OUTCOME_AND_HASH_MATCH,+0.96
vulkan,pipeline_texture_switch.shared_page_overlap,leaf,PASS,83bb59a8648da325,18193,PASS,83bb59a8648da325,17840,PASS,83bb59a8648da325,18060,PASS,83bb59a8648da325,18211,OUTCOME_AND_HASH_MATCH,+1.94,OUTCOME_AND_HASH_MATCH,-1.23,OUTCOME_AND_HASH_MATCH,-0.84,OUTCOME_AND_HASH_MATCH,-0.10
vulkan,pipeline_texture_switch.texture_dma_remap,leaf,PASS,fbf687de65082325,23263,PASS,fbf687de65082325,20926,PASS,fbf687de65082325,22457,PASS,fbf687de65082325,9394,OUTCOME_AND_HASH_MATCH,+10.05,OUTCOME_AND_HASH_MATCH,-7.32,OUTCOME_AND_HASH_MATCH,+58.17,OUTCOME_AND_HASH_MATCH,+59.62
vulkan,pipeline_texture_switch.texture_switch,leaf,PASS,8ae05d31fb00c325,17697,PASS,8ae05d31fb00c325,18050,PASS,8ae05d31fb00c325,17605,PASS,8ae05d31fb00c325,18261,OUTCOME_AND_HASH_MATCH,-1.99,OUTCOME_AND_HASH_MATCH,+2.47,OUTCOME_AND_HASH_MATCH,-3.73,OUTCOME_AND_HASH_MATCH,-3.19
vulkan,primitive_type.line_loop.fixed_function,leaf,PASS,f2158581ac6e3919,668,PASS,f2158581ac6e3919,679,PASS,f2158581ac6e3919,668,PASS,f2158581ac6e3919,672,OUTCOME_AND_HASH_MATCH,-1.65,OUTCOME_AND_HASH_MATCH,+1.62,OUTCOME_AND_HASH_MATCH,-0.60,OUTCOME_AND_HASH_MATCH,-0.60
vulkan,primitive_type.line_loop.vertex_shader,leaf,PASS,f2158581ac6e3919,673,PASS,f2158581ac6e3919,696,PASS,f2158581ac6e3919,676,PASS,f2158581ac6e3919,681,OUTCOME_AND_HASH_MATCH,-3.42,OUTCOME_AND_HASH_MATCH,+2.87,OUTCOME_AND_HASH_MATCH,-0.74,OUTCOME_AND_HASH_MATCH,-1.19
vulkan,primitive_type.line_strip.fixed_function,leaf,PASS,f2158581ac6e3919,669,PASS,f2158581ac6e3919,664,PASS,f2158581ac6e3919,653,PASS,f2158581ac6e3919,683,OUTCOME_AND_HASH_MATCH,+0.75,OUTCOME_AND_HASH_MATCH,+1.66,OUTCOME_AND_HASH_MATCH,-4.59,OUTCOME_AND_HASH_MATCH,-2.09
vulkan,primitive_type.line_strip.vertex_shader,leaf,PASS,f2158581ac6e3919,676,PASS,f2158581ac6e3919,657,PASS,f2158581ac6e3919,668,PASS,f2158581ac6e3919,694,OUTCOME_AND_HASH_MATCH,+2.81,OUTCOME_AND_HASH_MATCH,-1.67,OUTCOME_AND_HASH_MATCH,-3.89,OUTCOME_AND_HASH_MATCH,-2.66
vulkan,primitive_type.lines.fixed_function,leaf,PASS,1766a7f93aa72a14,1266,PASS,1766a7f93aa72a14,1272,PASS,1766a7f93aa72a14,1257,PASS,1766a7f93aa72a14,1323,OUTCOME_AND_HASH_MATCH,-0.47,OUTCOME_AND_HASH_MATCH,+1.18,OUTCOME_AND_HASH_MATCH,-5.25,OUTCOME_AND_HASH_MATCH,-4.50
vulkan,primitive_type.lines.vertex_shader,leaf,PASS,1766a7f93aa72a14,1265,PASS,1766a7f93aa72a14,1256,PASS,1766a7f93aa72a14,1246,PASS,1766a7f93aa72a14,1290,OUTCOME_AND_HASH_MATCH,+0.71,OUTCOME_AND_HASH_MATCH,+0.80,OUTCOME_AND_HASH_MATCH,-3.53,OUTCOME_AND_HASH_MATCH,-1.98
vulkan,primitive_type.points.fixed_function,leaf,PASS,5b296619f665c070,664,PASS,5b296619f665c070,666,PASS,5b296619f665c070,665,PASS,5b296619f665c070,691,OUTCOME_AND_HASH_MATCH,-0.30,OUTCOME_AND_HASH_MATCH,+0.15,OUTCOME_AND_HASH_MATCH,-3.91,OUTCOME_AND_HASH_MATCH,-4.07
vulkan,primitive_type.points.vertex_shader,leaf,PASS,5b296619f665c070,667,PASS,5b296619f665c070,666,PASS,5b296619f665c070,673,PASS,5b296619f665c070,688,OUTCOME_AND_HASH_MATCH,+0.15,OUTCOME_AND_HASH_MATCH,-1.05,OUTCOME_AND_HASH_MATCH,-2.23,OUTCOME_AND_HASH_MATCH,-3.15
vulkan,primitive_type.polygon.fixed_function,leaf,PASS,2c4beaa06aba1000,681,PASS,2c4beaa06aba1000,665,PASS,2c4beaa06aba1000,644,PASS,2c4beaa06aba1000,682,OUTCOME_AND_HASH_MATCH,+2.35,OUTCOME_AND_HASH_MATCH,+3.16,OUTCOME_AND_HASH_MATCH,-5.90,OUTCOME_AND_HASH_MATCH,-0.15
vulkan,primitive_type.polygon.vertex_shader,leaf,PASS,2c4beaa06aba1000,677,PASS,2c4beaa06aba1000,673,PASS,2c4beaa06aba1000,675,PASS,2c4beaa06aba1000,678,OUTCOME_AND_HASH_MATCH,+0.59,OUTCOME_AND_HASH_MATCH,-0.30,OUTCOME_AND_HASH_MATCH,-0.44,OUTCOME_AND_HASH_MATCH,-0.15
vulkan,primitive_type.quad_strip.fixed_function,leaf,PASS,f64b4495347cec73,1260,PASS,f64b4495347cec73,1262,PASS,f64b4495347cec73,1253,PASS,f64b4495347cec73,1298,OUTCOME_AND_HASH_MATCH,-0.16,OUTCOME_AND_HASH_MATCH,+0.71,OUTCOME_AND_HASH_MATCH,-3.59,OUTCOME_AND_HASH_MATCH,-3.02
vulkan,primitive_type.quad_strip.vertex_shader,leaf,PASS,f64b4495347cec73,1266,PASS,f64b4495347cec73,1271,PASS,f64b4495347cec73,1239,PASS,f64b4495347cec73,1294,OUTCOME_AND_HASH_MATCH,-0.39,OUTCOME_AND_HASH_MATCH,+2.52,OUTCOME_AND_HASH_MATCH,-4.44,OUTCOME_AND_HASH_MATCH,-2.21
vulkan,primitive_type.quads.fixed_function,leaf,PASS,114a1419338256e5,2496,PASS,114a1419338256e5,2488,PASS,114a1419338256e5,2494,PASS,114a1419338256e5,2549,OUTCOME_AND_HASH_MATCH,+0.32,OUTCOME_AND_HASH_MATCH,-0.24,OUTCOME_AND_HASH_MATCH,-2.21,OUTCOME_AND_HASH_MATCH,-2.12
vulkan,primitive_type.quads.vertex_shader,leaf,PASS,114a1419338256e5,2496,PASS,114a1419338256e5,2506,PASS,114a1419338256e5,2467,PASS,114a1419338256e5,2544,OUTCOME_AND_HASH_MATCH,-0.40,OUTCOME_AND_HASH_MATCH,+1.56,OUTCOME_AND_HASH_MATCH,-3.12,OUTCOME_AND_HASH_MATCH,-1.92
vulkan,primitive_type.triangle_fan.fixed_function,leaf,PASS,36644f0fd11db166,678,PASS,36644f0fd11db166,660,PASS,36644f0fd11db166,648,PASS,36644f0fd11db166,680,OUTCOME_AND_HASH_MATCH,+2.65,OUTCOME_AND_HASH_MATCH,+1.82,OUTCOME_AND_HASH_MATCH,-4.94,OUTCOME_AND_HASH_MATCH,-0.29
vulkan,primitive_type.triangle_fan.vertex_shader,leaf,PASS,36644f0fd11db166,712,PASS,36644f0fd11db166,671,PASS,36644f0fd11db166,667,PASS,36644f0fd11db166,677,OUTCOME_AND_HASH_MATCH,+5.76,OUTCOME_AND_HASH_MATCH,+0.60,OUTCOME_AND_HASH_MATCH,-1.50,OUTCOME_AND_HASH_MATCH,+4.92
vulkan,primitive_type.triangle_strip.fixed_function,leaf,PASS,d7b289579fdaa1ab,669,PASS,d7b289579fdaa1ab,667,PASS,d7b289579fdaa1ab,664,PASS,d7b289579fdaa1ab,669,OUTCOME_AND_HASH_MATCH,+0.30,OUTCOME_AND_HASH_MATCH,+0.45,OUTCOME_AND_HASH_MATCH,-0.75,OUTCOME_AND_HASH_MATCH,+0.00
vulkan,primitive_type.triangle_strip.vertex_shader,leaf,PASS,d7b289579fdaa1ab,686,PASS,d7b289579fdaa1ab,675,PASS,d7b289579fdaa1ab,656,PASS,d7b289579fdaa1ab,685,OUTCOME_AND_HASH_MATCH,+1.60,OUTCOME_AND_HASH_MATCH,+2.81,OUTCOME_AND_HASH_MATCH,-4.42,OUTCOME_AND_HASH_MATCH,+0.15
vulkan,primitive_type.triangles.fixed_function,leaf,PASS,72f05baf369ceb60,1875,PASS,72f05baf369ceb60,1868,PASS,72f05baf369ceb60,1830,PASS,72f05baf369ceb60,1920,OUTCOME_AND_HASH_MATCH,+0.37,OUTCOME_AND_HASH_MATCH,+2.03,OUTCOME_AND_HASH_MATCH,-4.92,OUTCOME_AND_HASH_MATCH,-2.40
vulkan,primitive_type.triangles.vertex_shader,leaf,PASS,72f05baf369ceb60,1858,PASS,72f05baf369ceb60,1855,PASS,72f05baf369ceb60,1854,PASS,72f05baf369ceb60,1895,OUTCOME_AND_HASH_MATCH,+0.16,OUTCOME_AND_HASH_MATCH,+0.05,OUTCOME_AND_HASH_MATCH,-2.21,OUTCOME_AND_HASH_MATCH,-1.99
vulkan,report_query.clear_boundary,leaf,PASS,b5eb7c4b9c8da325,1500,PASS,b5eb7c4b9c8da325,1546,PASS,b5eb7c4b9c8da325,1773,PASS,b5eb7c4b9c8da325,1541,OUTCOME_AND_HASH_MATCH,-3.07,OUTCOME_AND_HASH_MATCH,-14.68,OUTCOME_AND_HASH_MATCH,+13.09,OUTCOME_AND_HASH_MATCH,-2.73
vulkan,report_query.dma_descriptor_rewrite,leaf,PASS,c0c0fdbececda325,8098,PASS,c0c0fdbececda325,12147,PASS,c0c0fdbececda325,22865,PASS,c0c0fdbececda325,6122,OUTCOME_AND_HASH_MATCH,-50.00,OUTCOME_AND_HASH_MATCH,-88.24,OUTCOME_AND_HASH_MATCH,+73.23,OUTCOME_AND_HASH_MATCH,+24.40
vulkan,report_query.dma_range_guard,leaf,FAIL,3f648ce11a4da325,12128167,FAIL,3f648ce11a4da325,12038401,FAIL,3f648ce11a4da325,12031605,FAIL,3f648ce11a4da325,12033200,OUTCOME_AND_HASH_MATCH,,OUTCOME_AND_HASH_MATCH,,OUTCOME_AND_HASH_MATCH,,OUTCOME_AND_HASH_MATCH,
vulkan,report_query.dma_target_switch,leaf,PASS,4c4bd8cd440da325,1436,PASS,4c4bd8cd440da325,1600,PASS,4c4bd8cd440da325,1751,PASS,4c4bd8cd440da325,1803,OUTCOME_AND_HASH_MATCH,-11.42,OUTCOME_AND_HASH_MATCH,-9.44,OUTCOME_AND_HASH_MATCH,-2.97,OUTCOME_AND_HASH_MATCH,-25.56
vulkan,report_query.fifo_producer_ordering,leaf,PASS,0d907c24a88da325,2153,PASS,0d907c24a88da325,2360,PASS,0d907c24a88da325,2791,PASS,0d907c24a88da325,2734,OUTCOME_AND_HASH_MATCH,-9.61,OUTCOME_AND_HASH_MATCH,-18.26,OUTCOME_AND_HASH_MATCH,+2.04,OUTCOME_AND_HASH_MATCH,-26.99
vulkan,report_query.multiple_boundaries,leaf,PASS,0c966fc9ba4da325,1212,PASS,0c966fc9ba4da325,1229,PASS,0c966fc9ba4da325,1362,PASS,0c966fc9ba4da325,1445,OUTCOME_AND_HASH_MATCH,-1.40,OUTCOME_AND_HASH_MATCH,-10.82,OUTCOME_AND_HASH_MATCH,-6.09,OUTCOME_AND_HASH_MATCH,-19.22
vulkan,report_query.single_boundary,leaf,PASS,60e674c9fecda325,1218,PASS,60e674c9fecda325,1269,PASS,60e674c9fecda325,1356,PASS,60e674c9fecda325,1409,OUTCOME_AND_HASH_MATCH,-4.19,OUTCOME_AND_HASH_MATCH,-6.86,OUTCOME_AND_HASH_MATCH,-3.91,OUTCOME_AND_HASH_MATCH,-15.68
vulkan,report_query.zero_query,leaf,PASS,23875dfeb40da325,1105,PASS,23875dfeb40da325,1174,PASS,23875dfeb40da325,1307,PASS,23875dfeb40da325,1372,OUTCOME_AND_HASH_MATCH,-6.24,OUTCOME_AND_HASH_MATCH,-11.33,OUTCOME_AND_HASH_MATCH,-4.97,OUTCOME_AND_HASH_MATCH,-24.16
vulkan,surface.basic,leaf,PASS,5a719d88d8221fb2,35276,PASS,5a719d88d8221fb2,35911,PASS,5a719d88d8221fb2,36521,PASS,5a719d88d8221fb2,40232,OUTCOME_AND_HASH_MATCH,-1.80,OUTCOME_AND_HASH_MATCH,-1.70,OUTCOME_AND_HASH_MATCH,-10.16,OUTCOME_AND_HASH_MATCH,-14.05
vulkan,surface.cpu_read_after_gpu_write,leaf,PASS,76ea18af98322325,1847,PASS,76ea18af98322325,1889,PASS,76ea18af98322325,2161,PASS,76ea18af98322325,2219,OUTCOME_AND_HASH_MATCH,-2.27,OUTCOME_AND_HASH_MATCH,-14.40,OUTCOME_AND_HASH_MATCH,-2.68,OUTCOME_AND_HASH_MATCH,-20.14
vulkan,surface.cpu_read_clean_surface,leaf,PASS,d3267b427820a325,57,PASS,d3267b427820a325,57,PASS,d3267b427820a325,59,PASS,d3267b427820a325,58,OUTCOME_AND_HASH_MATCH,+0.00,OUTCOME_AND_HASH_MATCH,-3.51,OUTCOME_AND_HASH_MATCH,+1.69,OUTCOME_AND_HASH_MATCH,-1.75
vulkan,surface.framebuffer_working_set_002,leaf,PASS,9f3b0609a42777d5,2070,PASS,9f3b0609a42777d5,1965,PASS,9f3b0609a42777d5,2366,PASS,9f3b0609a42777d5,2093,OUTCOME_AND_HASH_MATCH,+5.07,OUTCOME_AND_HASH_MATCH,-20.41,OUTCOME_AND_HASH_MATCH,+11.54,OUTCOME_AND_HASH_MATCH,-1.11
vulkan,surface.framebuffer_working_set_008,leaf,PASS,64cbf95dec8f59e5,2158,PASS,64cbf95dec8f59e5,1986,PASS,64cbf95dec8f59e5,2119,PASS,64cbf95dec8f59e5,2169,OUTCOME_AND_HASH_MATCH,+7.97,OUTCOME_AND_HASH_MATCH,-6.70,OUTCOME_AND_HASH_MATCH,-2.36,OUTCOME_AND_HASH_MATCH,-0.51
vulkan,surface.framebuffer_working_set_032,leaf,PASS,a6116feb11a28c25,2206,PASS,a6116feb11a28c25,2265,PASS,a6116feb11a28c25,2041,PASS,a6116feb11a28c25,2346,OUTCOME_AND_HASH_MATCH,-2.67,OUTCOME_AND_HASH_MATCH,+9.89,OUTCOME_AND_HASH_MATCH,-14.94,OUTCOME_AND_HASH_MATCH,-6.35
vulkan,surface.framebuffer_working_set_064,leaf,PASS,a6116feb11a28c25,2102,PASS,a6116feb11a28c25,2515,PASS,a6116feb11a28c25,2167,PASS,a6116feb11a28c25,2268,OUTCOME_AND_HASH_MATCH,-19.65,OUTCOME_AND_HASH_MATCH,+13.84,OUTCOME_AND_HASH_MATCH,-4.66,OUTCOME_AND_HASH_MATCH,-7.90
vulkan,surface.full_clear_elision_guard,leaf,PASS,4f05ccd43f43d495,2927,PASS,4f05ccd43f43d495,3032,PASS,4f05ccd43f43d495,3069,PASS,4f05ccd43f43d495,3302,OUTCOME_AND_HASH_MATCH,-3.59,OUTCOME_AND_HASH_MATCH,-1.22,OUTCOME_AND_HASH_MATCH,-7.59,OUTCOME_AND_HASH_MATCH,-12.81
vulkan,surface.overlapping_surface_churn_representative,leaf,PASS,caf66d4bf5691525,2942,PASS,caf66d4bf5691525,3420,PASS,caf66d4bf5691525,3631,PASS,caf66d4bf5691525,3753,OUTCOME_AND_HASH_MATCH,-16.25,OUTCOME_AND_HASH_MATCH,-6.17,OUTCOME_AND_HASH_MATCH,-3.36,OUTCOME_AND_HASH_MATCH,-27.57
vulkan,surface.overlapping_surface_churn_stress,leaf,PASS,caf66d4bf5691525,46066,PASS,caf66d4bf5691525,48443,PASS,caf66d4bf5691525,48182,PASS,caf66d4bf5691525,48549,OUTCOME_AND_HASH_MATCH,-5.16,OUTCOME_AND_HASH_MATCH,+0.54,OUTCOME_AND_HASH_MATCH,-0.76,OUTCOME_AND_HASH_MATCH,-5.39
vulkan,surface.partial_channel_clear_guard,leaf,PASS,eb2cb498aa73af25,1920,PASS,eb2cb498aa73af25,2229,PASS,eb2cb498aa73af25,2236,PASS,eb2cb498aa73af25,2364,OUTCOME_AND_HASH_MATCH,-16.09,OUTCOME_AND_HASH_MATCH,-0.31,OUTCOME_AND_HASH_MATCH,-5.72,OUTCOME_AND_HASH_MATCH,-23.12
vulkan,surface.surface_download_path,leaf,PASS,2b0e8aac0f8838e8,32035,PASS,2b0e8aac0f8838e8,33264,PASS,2b0e8aac0f8838e8,33287,PASS,2b0e8aac0f8838e8,33276,OUTCOME_AND_HASH_MATCH,-3.84,OUTCOME_AND_HASH_MATCH,-0.07,OUTCOME_AND_HASH_MATCH,+0.03,OUTCOME_AND_HASH_MATCH,-3.87
vulkan,surface.surface_list_lookup_002,leaf,PASS,dce4c9394e7a3f35,1644,PASS,dce4c9394e7a3f35,1771,PASS,dce4c9394e7a3f35,1698,PASS,dce4c9394e7a3f35,1673,OUTCOME_AND_HASH_MATCH,-7.73,OUTCOME_AND_HASH_MATCH,+4.12,OUTCOME_AND_HASH_MATCH,+1.47,OUTCOME_AND_HASH_MATCH,-1.76
vulkan,surface.surface_list_lookup_008,leaf,PASS,bf1fe5b8fe78a94d,1661,PASS,bf1fe5b8fe78a94d,1696,PASS,bf1fe5b8fe78a94d,1666,PASS,bf1fe5b8fe78a94d,1670,OUTCOME_AND_HASH_MATCH,-2.11,OUTCOME_AND_HASH_MATCH,+1.77,OUTCOME_AND_HASH_MATCH,-0.24,OUTCOME_AND_HASH_MATCH,-0.54
vulkan,surface.surface_list_lookup_032,leaf,PASS,c6275b91195a5325,1730,PASS,c6275b91195a5325,1860,PASS,c6275b91195a5325,1714,PASS,c6275b91195a5325,1771,OUTCOME_AND_HASH_MATCH,-7.51,OUTCOME_AND_HASH_MATCH,+7.85,OUTCOME_AND_HASH_MATCH,-3.33,OUTCOME_AND_HASH_MATCH,-2.37
vulkan,surface.surface_list_lookup_128,leaf,PASS,c6275b91195a5325,1872,PASS,c6275b91195a5325,1935,PASS,c6275b91195a5325,2100,PASS,c6275b91195a5325,1907,OUTCOME_AND_HASH_MATCH,-3.37,OUTCOME_AND_HASH_MATCH,-8.53,OUTCOME_AND_HASH_MATCH,+9.19,OUTCOME_AND_HASH_MATCH,-1.87
vulkan,surface.vulkan_memory_pressure.representative,group,PASS,7e188dabb186cb25,,PASS,7e188dabb186cb25,,PASS,7e188dabb186cb25,,PASS,7e188dabb186cb25,,OUTCOME_AND_HASH_MATCH,,OUTCOME_AND_HASH_MATCH,,OUTCOME_AND_HASH_MATCH,,OUTCOME_AND_HASH_MATCH,
vulkan,surface.vulkan_memory_pressure.representative.alias_resize,leaf,PASS,0c26236493b4d325,27840,PASS,0c26236493b4d325,28893,PASS,0c26236493b4d325,28254,PASS,0c26236493b4d325,28345,OUTCOME_AND_HASH_MATCH,-3.78,OUTCOME_AND_HASH_MATCH,+2.21,OUTCOME_AND_HASH_MATCH,-0.32,OUTCOME_AND_HASH_MATCH,-1.81
vulkan,surface.vulkan_memory_pressure.representative.growth,leaf,PASS,c1b304b452852b25,27202,PASS,c1b304b452852b25,28147,PASS,c1b304b452852b25,27722,PASS,c1b304b452852b25,27775,OUTCOME_AND_HASH_MATCH,-3.47,OUTCOME_AND_HASH_MATCH,+1.51,OUTCOME_AND_HASH_MATCH,-0.19,OUTCOME_AND_HASH_MATCH,-2.11
vulkan,surface.vulkan_memory_pressure.representative.idle_retention,leaf,PASS,3a8651789ea0fa25,604,PASS,3a8651789ea0fa25,603,PASS,3a8651789ea0fa25,596,PASS,3a8651789ea0fa25,667,OUTCOME_AND_HASH_MATCH,+0.17,OUTCOME_AND_HASH_MATCH,+1.16,OUTCOME_AND_HASH_MATCH,-11.91,OUTCOME_AND_HASH_MATCH,-10.43
vulkan,surface.vulkan_memory_pressure.representative.plateau,leaf,PASS,730005d86af45b25,26653,PASS,730005d86af45b25,28218,PASS,730005d86af45b25,28279,PASS,730005d86af45b25,27733,OUTCOME_AND_HASH_MATCH,-5.87,OUTCOME_AND_HASH_MATCH,-0.22,OUTCOME_AND_HASH_MATCH,+1.93,OUTCOME_AND_HASH_MATCH,-4.05
vulkan,surface.vulkan_memory_pressure.representative.reuse,leaf,PASS,3ba0d18066aacb25,26270,PASS,3ba0d18066aacb25,30437,PASS,3ba0d18066aacb25,28720,PASS,3ba0d18066aacb25,29621,OUTCOME_AND_HASH_MATCH,-15.86,OUTCOME_AND_HASH_MATCH,+5.64,OUTCOME_AND_HASH_MATCH,-3.14,OUTCOME_AND_HASH_MATCH,-12.76
vulkan,surface.vulkan_memory_pressure.stress,group,PASS,7e188dabb186cb25,,PASS,7e188dabb186cb25,,PASS,7e188dabb186cb25,,PASS,7e188dabb186cb25,,OUTCOME_AND_HASH_MATCH,,OUTCOME_AND_HASH_MATCH,,OUTCOME_AND_HASH_MATCH,,OUTCOME_AND_HASH_MATCH,
vulkan,surface.vulkan_memory_pressure.stress.alias_resize,leaf,PASS,84a8d75f1f9d1b25,123865,PASS,84a8d75f1f9d1b25,143391,PASS,84a8d75f1f9d1b25,142785,PASS,84a8d75f1f9d1b25,140396,OUTCOME_AND_HASH_MATCH,-15.76,OUTCOME_AND_HASH_MATCH,+0.42,OUTCOME_AND_HASH_MATCH,+1.67,OUTCOME_AND_HASH_MATCH,-13.35
vulkan,surface.vulkan_memory_pressure.stress.growth,leaf,PASS,94cdb4bddb0e4b25,114965,PASS,94cdb4bddb0e4b25,123524,PASS,94cdb4bddb0e4b25,124672,PASS,94cdb4bddb0e4b25,121853,OUTCOME_AND_HASH_MATCH,-7.44,OUTCOME_AND_HASH_MATCH,-0.93,OUTCOME_AND_HASH_MATCH,+2.26,OUTCOME_AND_HASH_MATCH,-5.99
vulkan,surface.vulkan_memory_pressure.stress.idle_retention,leaf,PASS,430711a262877725,598,PASS,430711a262877725,581,PASS,430711a262877725,576,PASS,430711a262877725,584,OUTCOME_AND_HASH_MATCH,+2.84,OUTCOME_AND_HASH_MATCH,+0.86,OUTCOME_AND_HASH_MATCH,-1.39,OUTCOME_AND_HASH_MATCH,+2.34
vulkan,surface.vulkan_memory_pressure.stress.plateau,leaf,PASS,196f33989be28325,117393,PASS,196f33989be28325,126814,PASS,196f33989be28325,123531,PASS,196f33989be28325,123969,OUTCOME_AND_HASH_MATCH,-8.03,OUTCOME_AND_HASH_MATCH,+2.59,OUTCOME_AND_HASH_MATCH,-0.35,OUTCOME_AND_HASH_MATCH,-5.60
vulkan,surface.vulkan_memory_pressure.stress.reuse,leaf,PASS,fb2a6abd1cbfc725,125993,PASS,fb2a6abd1cbfc725,140294,PASS,fb2a6abd1cbfc725,140261,PASS,fb2a6abd1cbfc725,139043,OUTCOME_AND_HASH_MATCH,-11.35,OUTCOME_AND_HASH_MATCH,+0.02,OUTCOME_AND_HASH_MATCH,+0.87,OUTCOME_AND_HASH_MATCH,-10.36
vulkan,texture_cubemap_fallback.unbordered_subblock_dxt1,leaf,PASS,be0f2013c1997ca5,16646,PASS,be0f2013c1997ca5,16662,PASS,be0f2013c1997ca5,16633,PASS,be0f2013c1997ca5,16646,OUTCOME_AND_HASH_MATCH,-0.10,OUTCOME_AND_HASH_MATCH,+0.17,OUTCOME_AND_HASH_MATCH,-0.08,OUTCOME_AND_HASH_MATCH,+0.00
vulkan,tiny_draw.arrays.fixed_function,leaf,PASS,acf025546cf667b5,20781,PASS,acf025546cf667b5,20453,PASS,acf025546cf667b5,20674,PASS,acf025546cf667b5,21312,OUTCOME_AND_HASH_MATCH,+1.58,OUTCOME_AND_HASH_MATCH,-1.08,OUTCOME_AND_HASH_MATCH,-3.09,OUTCOME_AND_HASH_MATCH,-2.56
vulkan,tiny_draw.arrays.vertex_shader,leaf,PASS,acf025546cf667b5,20864,PASS,acf025546cf667b5,21216,PASS,acf025546cf667b5,20823,PASS,acf025546cf667b5,21658,OUTCOME_AND_HASH_MATCH,-1.69,OUTCOME_AND_HASH_MATCH,+1.85,OUTCOME_AND_HASH_MATCH,-4.01,OUTCOME_AND_HASH_MATCH,-3.81
vulkan,tiny_draw.inline_arrays.fixed_function,leaf,PASS,acf025546cf667b5,35582,PASS,acf025546cf667b5,34634,PASS,acf025546cf667b5,34472,PASS,acf025546cf667b5,34746,OUTCOME_AND_HASH_MATCH,+2.66,OUTCOME_AND_HASH_MATCH,+0.47,OUTCOME_AND_HASH_MATCH,-0.79,OUTCOME_AND_HASH_MATCH,+2.35
vulkan,tiny_draw.inline_arrays.vertex_shader,leaf,PASS,acf025546cf667b5,35378,PASS,acf025546cf667b5,34878,PASS,acf025546cf667b5,34050,PASS,acf025546cf667b5,35141,OUTCOME_AND_HASH_MATCH,+1.41,OUTCOME_AND_HASH_MATCH,+2.37,OUTCOME_AND_HASH_MATCH,-3.20,OUTCOME_AND_HASH_MATCH,+0.67
vulkan,tiny_draw.inline_buffers.fixed_function,leaf,PASS,acf025546cf667b5,43769,PASS,acf025546cf667b5,41891,PASS,acf025546cf667b5,41637,PASS,acf025546cf667b5,41573,OUTCOME_AND_HASH_MATCH,+4.29,OUTCOME_AND_HASH_MATCH,+0.61,OUTCOME_AND_HASH_MATCH,+0.15,OUTCOME_AND_HASH_MATCH,+5.02
vulkan,tiny_draw.inline_buffers.vertex_shader,leaf,PASS,acf025546cf667b5,43102,PASS,acf025546cf667b5,42044,PASS,acf025546cf667b5,41586,PASS,acf025546cf667b5,41627,OUTCOME_AND_HASH_MATCH,+2.45,OUTCOME_AND_HASH_MATCH,+1.09,OUTCOME_AND_HASH_MATCH,-0.10,OUTCOME_AND_HASH_MATCH,+3.42
vulkan,tiny_draw.inline_elements.fixed_function,leaf,PASS,acf025546cf667b5,20183,PASS,acf025546cf667b5,20324,PASS,acf025546cf667b5,20544,PASS,acf025546cf667b5,20637,OUTCOME_AND_HASH_MATCH,-0.70,OUTCOME_AND_HASH_MATCH,-1.08,OUTCOME_AND_HASH_MATCH,-0.45,OUTCOME_AND_HASH_MATCH,-2.25
vulkan,tiny_draw.inline_elements.vertex_shader,leaf,PASS,acf025546cf667b5,20439,PASS,acf025546cf667b5,20283,PASS,acf025546cf667b5,20710,PASS,acf025546cf667b5,20770,OUTCOME_AND_HASH_MATCH,+0.76,OUTCOME_AND_HASH_MATCH,-2.11,OUTCOME_AND_HASH_MATCH,-0.29,OUTCOME_AND_HASH_MATCH,-1.62
vulkan,uniform_thrash.uniform_thrash,leaf,PASS,09eb5907ef624c25,1786,PASS,09eb5907ef624c25,1711,PASS,09eb5907ef624c25,1675,PASS,09eb5907ef624c25,1651,OUTCOME_AND_HASH_MATCH,+4.20,OUTCOME_AND_HASH_MATCH,+2.10,OUTCOME_AND_HASH_MATCH,+1.43,OUTCOME_AND_HASH_MATCH,+7.56
vulkan,vertex_buffer_allocation.disjoint_same_page,leaf,PASS,fdcd25a37910bb25,39892,PASS,fdcd25a37910bb25,42227,PASS,fdcd25a37910bb25,38005,PASS,fdcd25a37910bb25,36992,OUTCOME_AND_HASH_MATCH,-5.85,OUTCOME_AND_HASH_MATCH,+10.00,OUTCOME_AND_HASH_MATCH,+2.67,OUTCOME_AND_HASH_MATCH,+7.27
vulkan,vertex_buffer_allocation.mixed.arrays,leaf,PASS,377e6c029807f325,23940,PASS,377e6c029807f325,23885,PASS,377e6c029807f325,23700,PASS,377e6c029807f325,23907,OUTCOME_AND_HASH_MATCH,+0.23,OUTCOME_AND_HASH_MATCH,+0.77,OUTCOME_AND_HASH_MATCH,-0.87,OUTCOME_AND_HASH_MATCH,+0.14
vulkan,vertex_buffer_allocation.mixed.inline_arrays,leaf,PASS,377e6c029807f325,134187,PASS,377e6c029807f325,133781,PASS,377e6c029807f325,131392,PASS,377e6c029807f325,136801,OUTCOME_AND_HASH_MATCH,+0.30,OUTCOME_AND_HASH_MATCH,+1.79,OUTCOME_AND_HASH_MATCH,-4.12,OUTCOME_AND_HASH_MATCH,-1.95
vulkan,vertex_buffer_allocation.mixed.inline_buffers,leaf,PASS,377e6c029807f325,602753,PASS,377e6c029807f325,594163,PASS,377e6c029807f325,593012,PASS,377e6c029807f325,602789,OUTCOME_AND_HASH_MATCH,+1.43,OUTCOME_AND_HASH_MATCH,+0.19,OUTCOME_AND_HASH_MATCH,-1.65,OUTCOME_AND_HASH_MATCH,-0.01
vulkan,vertex_buffer_allocation.mixed.inline_elements,leaf,PASS,377e6c029807f325,36199,PASS,377e6c029807f325,41119,PASS,377e6c029807f325,34123,PASS,377e6c029807f325,35185,OUTCOME_AND_HASH_MATCH,-13.59,OUTCOME_AND_HASH_MATCH,+17.01,OUTCOME_AND_HASH_MATCH,-3.11,OUTCOME_AND_HASH_MATCH,+2.80
vulkan,vertex_buffer_allocation.ordered_same_page_overwrite,leaf,PASS,bbc8caeedc9dff25,14865,PASS,bbc8caeedc9dff25,14919,PASS,bbc8caeedc9dff25,5135,PASS,bbc8caeedc9dff25,15624,OUTCOME_AND_HASH_MATCH,-0.36,OUTCOME_AND_HASH_MATCH,+65.58,OUTCOME_AND_HASH_MATCH,-204.26,OUTCOME_AND_HASH_MATCH,-5.11
vulkan,vertex_buffer_allocation.rising_transient_growth,leaf,PASS,377e6c029807f325,654833,PASS,377e6c029807f325,659573,PASS,377e6c029807f325,650895,PASS,377e6c029807f325,676604,OUTCOME_AND_HASH_MATCH,-0.72,OUTCOME_AND_HASH_MATCH,+1.32,OUTCOME_AND_HASH_MATCH,-3.95,OUTCOME_AND_HASH_MATCH,-3.32
vulkan,vertex_buffer_allocation.three_generation_overwrite,leaf,PASS,05e2405b56d7f125,321953,PASS,05e2405b56d7f125,339539,PASS,05e2405b56d7f125,344066,PASS,05e2405b56d7f125,131595,OUTCOME_AND_HASH_MATCH,-5.46,OUTCOME_AND_HASH_MATCH,-1.33,OUTCOME_AND_HASH_MATCH,+61.75,OUTCOME_AND_HASH_MATCH,+59.13
vulkan,vertex_buffer_allocation.tiny.arrays,leaf,PASS,377e6c029807f325,87796,PASS,377e6c029807f325,91902,PASS,377e6c029807f325,80687,PASS,377e6c029807f325,30975,OUTCOME_AND_HASH_MATCH,-4.68,OUTCOME_AND_HASH_MATCH,+12.20,OUTCOME_AND_HASH_MATCH,+61.61,OUTCOME_AND_HASH_MATCH,+64.72
vulkan,vertex_buffer_allocation.tiny.inline_arrays,leaf,PASS,377e6c029807f325,44593,PASS,377e6c029807f325,46010,PASS,377e6c029807f325,37474,PASS,377e6c029807f325,42506,OUTCOME_AND_HASH_MATCH,-3.18,OUTCOME_AND_HASH_MATCH,+18.55,OUTCOME_AND_HASH_MATCH,-13.43,OUTCOME_AND_HASH_MATCH,+4.68
vulkan,vertex_buffer_allocation.tiny.inline_buffers,leaf,PASS,377e6c029807f325,40198,PASS,377e6c029807f325,39114,PASS,377e6c029807f325,38826,PASS,377e6c029807f325,39238,OUTCOME_AND_HASH_MATCH,+2.70,OUTCOME_AND_HASH_MATCH,+0.74,OUTCOME_AND_HASH_MATCH,-1.06,OUTCOME_AND_HASH_MATCH,+2.39
vulkan,vertex_buffer_allocation.tiny.inline_elements,leaf,PASS,377e6c029807f325,53346,PASS,377e6c029807f325,53967,PASS,377e6c029807f325,46338,PASS,377e6c029807f325,47278,OUTCOME_AND_HASH_MATCH,-1.16,OUTCOME_AND_HASH_MATCH,+14.14,OUTCOME_AND_HASH_MATCH,-2.03,OUTCOME_AND_HASH_MATCH,+11.37
opengl,busy_pfifo.pfifo_saturation,leaf,PASS,1508607624bb8506,101538,PASS,1508607624bb8506,110236,PASS,1508607624bb8506,107472,PASS,1508607624bb8506,107510,OUTCOME_AND_HASH_MATCH,-8.57,OUTCOME_AND_HASH_MATCH,+2.51,OUTCOME_AND_HASH_MATCH,-0.04,OUTCOME_AND_HASH_MATCH,-5.88
opengl,busy_pfifo.pgraph_pattern_polling,leaf,PASS,386d0f085e98c325,4230123,PASS,386d0f085e98c325,4369472,PASS,386d0f085e98c325,4425085,PASS,386d0f085e98c325,4601052,OUTCOME_AND_HASH_MATCH,-3.29,OUTCOME_AND_HASH_MATCH,-1.27,OUTCOME_AND_HASH_MATCH,-3.98,OUTCOME_AND_HASH_MATCH,-8.77
opengl,cpu_floating_point.sse_scalar,leaf,PASS,6962077c244da325,500037,PASS,6962077c244da325,498076,PASS,6962077c244da325,493262,PASS,6962077c244da325,493780,OUTCOME_AND_HASH_MATCH,+0.39,OUTCOME_AND_HASH_MATCH,+0.97,OUTCOME_AND_HASH_MATCH,-0.11,OUTCOME_AND_HASH_MATCH,+1.25
opengl,cpu_floating_point.x87_scalar,leaf,PASS,6962077c244da325,789776,PASS,6962077c244da325,791558,PASS,6962077c244da325,791586,PASS,6962077c244da325,793359,OUTCOME_AND_HASH_MATCH,-0.23,OUTCOME_AND_HASH_MATCH,-0.00,OUTCOME_AND_HASH_MATCH,-0.22,OUTCOME_AND_HASH_MATCH,-0.45
opengl,cpu_translation_blocks.direct_loop,leaf,PASS,bd1fc9bf0c318325,9802,PASS,bd1fc9bf0c318325,9917,PASS,bd1fc9bf0c318325,9899,PASS,bd1fc9bf0c318325,9954,OUTCOME_AND_HASH_MATCH,-1.17,OUTCOME_AND_HASH_MATCH,+0.18,OUTCOME_AND_HASH_MATCH,-0.56,OUTCOME_AND_HASH_MATCH,-1.55
opengl,cpu_translation_blocks.indirect_dispatch,leaf,PASS,c0426cf669a02325,39520,PASS,c0426cf669a02325,39599,PASS,c0426cf669a02325,39817,PASS,c0426cf669a02325,39851,OUTCOME_AND_HASH_MATCH,-0.20,OUTCOME_AND_HASH_MATCH,-0.55,OUTCOME_AND_HASH_MATCH,-0.09,OUTCOME_AND_HASH_MATCH,-0.84
opengl,cpu_translation_blocks.indirect_dispatch_stress,leaf,PASS,fbd507cb0c622325,792252,PASS,fbd507cb0c622325,792372,PASS,fbd507cb0c622325,792984,PASS,fbd507cb0c622325,799791,OUTCOME_AND_HASH_MATCH,-0.02,OUTCOME_AND_HASH_MATCH,-0.08,OUTCOME_AND_HASH_MATCH,-0.86,OUTCOME_AND_HASH_MATCH,-0.95
opengl,fill_rate.solid,leaf,PASS,08b0f60773aac775,1983,PASS,08b0f60773aac775,1934,PASS,08b0f60773aac775,1890,PASS,08b0f60773aac775,1950,OUTCOME_AND_HASH_MATCH,+2.47,OUTCOME_AND_HASH_MATCH,+2.28,OUTCOME_AND_HASH_MATCH,-3.17,OUTCOME_AND_HASH_MATCH,+1.66
opengl,fill_rate.textured,leaf,PASS,99b433323df1684d,1980,PASS,99b433323df1684d,1914,PASS,99b433323df1684d,1941,PASS,99b433323df1684d,1919,OUTCOME_AND_HASH_MATCH,+3.33,OUTCOME_AND_HASH_MATCH,-1.41,OUTCOME_AND_HASH_MATCH,+1.13,OUTCOME_AND_HASH_MATCH,+3.08
opengl,game_load.cross_title_hotpath,group,PASS,e30500792076e325,,PASS,e30500792076e325,,PASS,e30500792076e325,,PASS,e30500792076e325,,OUTCOME_AND_HASH_MATCH,,OUTCOME_AND_HASH_MATCH,,OUTCOME_AND_HASH_MATCH,,OUTCOME_AND_HASH_MATCH,
opengl,game_load.cross_title_hotpath.blend_constant_reuse,leaf,PASS,58e80f99c5a56325,99612,PASS,58e80f99c5a56325,99624,PASS,58e80f99c5a56325,100039,PASS,58e80f99c5a56325,99171,OUTCOME_AND_HASH_MATCH,-0.01,OUTCOME_AND_HASH_MATCH,-0.42,OUTCOME_AND_HASH_MATCH,+0.87,OUTCOME_AND_HASH_MATCH,+0.44
opengl,game_load.cross_title_hotpath.gpu_wait_control,leaf,PASS,e30500792076e325,2176,PASS,e30500792076e325,2429,PASS,e30500792076e325,2414,PASS,e30500792076e325,2333,OUTCOME_AND_HASH_MATCH,-11.63,OUTCOME_AND_HASH_MATCH,+0.62,OUTCOME_AND_HASH_MATCH,+3.36,OUTCOME_AND_HASH_MATCH,-7.22
opengl,game_load.cross_title_hotpath.pgr2_lagspot_inline_elements,leaf,PASS,2b9db92162606325,83136,PASS,2b9db92162606325,83416,PASS,2b9db92162606325,84033,PASS,2b9db92162606325,99317,OUTCOME_AND_HASH_MATCH,-0.34,OUTCOME_AND_HASH_MATCH,-0.74,OUTCOME_AND_HASH_MATCH,-18.19,OUTCOME_AND_HASH_MATCH,-19.46
opengl,game_load.cross_title_hotpath.pgr2_small_draws,leaf,PASS,151015a16ca46325,100454,PASS,151015a16ca46325,103364,PASS,151015a16ca46325,104322,PASS,151015a16ca46325,105976,OUTCOME_AND_HASH_MATCH,-2.90,OUTCOME_AND_HASH_MATCH,-0.93,OUTCOME_AND_HASH_MATCH,-1.59,OUTCOME_AND_HASH_MATCH,-5.50
opengl,game_load.cross_title_hotpath.pipeline_state_churn,leaf,PASS,4f8b2eab497ca325,66370,PASS,4f8b2eab497ca325,66928,PASS,4f8b2eab497ca325,66484,PASS,4f8b2eab497ca325,66813,OUTCOME_AND_HASH_MATCH,-0.84,OUTCOME_AND_HASH_MATCH,+0.66,OUTCOME_AND_HASH_MATCH,-0.49,OUTCOME_AND_HASH_MATCH,-0.67
opengl,game_load.cross_title_hotpath.queued_vertex_cpu_writes,leaf,PASS,ea21c900993ea325,50417,PASS,ea21c900993ea325,49737,PASS,ea21c900993ea325,49882,PASS,ea21c900993ea325,49961,OUTCOME_AND_HASH_MATCH,+1.35,OUTCOME_AND_HASH_MATCH,-0.29,OUTCOME_AND_HASH_MATCH,-0.16,OUTCOME_AND_HASH_MATCH,+0.90
opengl,game_load.cross_title_hotpath.s3tc_streaming_fenced_draws,leaf,PASS,1a65246e1a0ea325,2095039,PASS,1a65246e1a0ea325,2173918,PASS,1a65246e1a0ea325,2170873,PASS,1a65246e1a0ea325,2123420,OUTCOME_AND_HASH_MATCH,-3.77,OUTCOME_AND_HASH_MATCH,+0.14,OUTCOME_AND_HASH_MATCH,+2.19,OUTCOME_AND_HASH_MATCH,-1.35
opengl,game_load.cross_title_hotpath.scaled_surface_pressure,leaf,PASS,32a69ec6dce52325,231123,PASS,32a69ec6dce52325,232906,PASS,32a69ec6dce52325,234908,PASS,32a69ec6dce52325,233296,OUTCOME_AND_HASH_MATCH,-0.77,OUTCOME_AND_HASH_MATCH,-0.86,OUTCOME_AND_HASH_MATCH,+0.69,OUTCOME_AND_HASH_MATCH,-0.94
opengl,game_load.cross_title_hotpath.surface_reuse,leaf,PASS,37f87c4938cd6325,6510,PASS,37f87c4938cd6325,6154,PASS,37f87c4938cd6325,6193,PASS,37f87c4938cd6325,6298,OUTCOME_AND_HASH_MATCH,+5.47,OUTCOME_AND_HASH_MATCH,-0.63,OUTCOME_AND_HASH_MATCH,-1.70,OUTCOME_AND_HASH_MATCH,+3.26
opengl,game_load.cross_title_hotpath.texture_binding_reuse,leaf,PASS,6b9bae4b9c97a325,132965,PASS,6b9bae4b9c97a325,133481,PASS,6b9bae4b9c97a325,133343,PASS,6b9bae4b9c97a325,133843,OUTCOME_AND_HASH_MATCH,-0.39,OUTCOME_AND_HASH_MATCH,+0.10,OUTCOME_AND_HASH_MATCH,-0.37,OUTCOME_AND_HASH_MATCH,-0.66
opengl,game_load.cross_title_hotpath.texture_update_reuse,leaf,PASS,44fcd2c900a5a325,3090,PASS,44fcd2c900a5a325,2718,PASS,44fcd2c900a5a325,2924,PASS,44fcd2c900a5a325,3190,OUTCOME_AND_HASH_MATCH,+12.04,OUTCOME_AND_HASH_MATCH,-7.58,OUTCOME_AND_HASH_MATCH,-9.10,OUTCOME_AND_HASH_MATCH,-3.24
opengl,game_load.doax_menu_representative.cpu_only,leaf,PASS,c9ffff20249e2325,13663,PASS,c9ffff20249e2325,13684,PASS,c9ffff20249e2325,13516,PASS,c9ffff20249e2325,13492,OUTCOME_AND_HASH_MATCH,-0.15,OUTCOME_AND_HASH_MATCH,+1.23,OUTCOME_AND_HASH_MATCH,+0.18,OUTCOME_AND_HASH_MATCH,+1.25
opengl,game_load.doax_menu_representative.cpu_pfifo_gpu,leaf,PASS,04157941d1aa6325,32245,PASS,04157941d1aa6325,32480,PASS,04157941d1aa6325,32087,PASS,04157941d1aa6325,32706,OUTCOME_AND_HASH_MATCH,-0.73,OUTCOME_AND_HASH_MATCH,+1.21,OUTCOME_AND_HASH_MATCH,-1.93,OUTCOME_AND_HASH_MATCH,-1.43
opengl,game_load.doax_menu_representative.cpu_pfifo_gpu_streaming,leaf,PASS,e6d7900d809f6325,35051,PASS,e6d7900d809f6325,35284,PASS,e6d7900d809f6325,35385,PASS,e6d7900d809f6325,35792,OUTCOME_AND_HASH_MATCH,-0.66,OUTCOME_AND_HASH_MATCH,-0.29,OUTCOME_AND_HASH_MATCH,-1.15,OUTCOME_AND_HASH_MATCH,-2.11
opengl,game_load.doax_menu_representative.full_system,leaf,PASS,3ebb8ee340a52325,35181,PASS,3ebb8ee340a52325,35763,PASS,3ebb8ee340a52325,35402,PASS,3ebb8ee340a52325,36083,OUTCOME_AND_HASH_MATCH,-1.65,OUTCOME_AND_HASH_MATCH,+1.01,OUTCOME_AND_HASH_MATCH,-1.92,OUTCOME_AND_HASH_MATCH,-2.56
opengl,game_load.doax_menu_representative.gpu_only,leaf,PASS,fbd6d6be7f982325,16423,PASS,fbd6d6be7f982325,16404,PASS,fbd6d6be7f982325,16644,PASS,fbd6d6be7f982325,16785,OUTCOME_AND_HASH_MATCH,+0.12,OUTCOME_AND_HASH_MATCH,-1.46,OUTCOME_AND_HASH_MATCH,-0.85,OUTCOME_AND_HASH_MATCH,-2.20
opengl,game_load.doax_menu_representative.pfifo_only,leaf,PASS,db52eb2ea2ee6325,2243,PASS,db52eb2ea2ee6325,2367,PASS,db52eb2ea2ee6325,2523,PASS,db52eb2ea2ee6325,2550,OUTCOME_AND_HASH_MATCH,-5.53,OUTCOME_AND_HASH_MATCH,-6.59,OUTCOME_AND_HASH_MATCH,-1.07,OUTCOME_AND_HASH_MATCH,-13.69
opengl,game_load.doax_menu_representative.streaming_only,leaf,PASS,f94303d175056325,5154,PASS,f94303d175056325,4829,PASS,f94303d175056325,5061,PASS,f94303d175056325,4656,OUTCOME_AND_HASH_MATCH,+6.31,OUTCOME_AND_HASH_MATCH,-4.80,OUTCOME_AND_HASH_MATCH,+8.00,OUTCOME_AND_HASH_MATCH,+9.66
opengl,game_load.doax_menu_stress.cpu_only,leaf,PASS,312802588e58a325,27242,PASS,312802588e58a325,27156,PASS,312802588e58a325,27022,PASS,312802588e58a325,26755,OUTCOME_AND_HASH_MATCH,+0.32,OUTCOME_AND_HASH_MATCH,+0.49,OUTCOME_AND_HASH_MATCH,+0.99,OUTCOME_AND_HASH_MATCH,+1.79
opengl,game_load.doax_menu_stress.cpu_pfifo_gpu,leaf,PASS,c94959246d55a325,63877,PASS,c94959246d55a325,64310,PASS,c94959246d55a325,64819,PASS,c94959246d55a325,64693,OUTCOME_AND_HASH_MATCH,-0.68,OUTCOME_AND_HASH_MATCH,-0.79,OUTCOME_AND_HASH_MATCH,+0.19,OUTCOME_AND_HASH_MATCH,-1.28
opengl,game_load.doax_menu_stress.cpu_pfifo_gpu_streaming,leaf,PASS,5dbf320b91a86325,69332,PASS,5dbf320b91a86325,70124,PASS,5dbf320b91a86325,70127,PASS,5dbf320b91a86325,70836,OUTCOME_AND_HASH_MATCH,-1.14,OUTCOME_AND_HASH_MATCH,-0.00,OUTCOME_AND_HASH_MATCH,-1.01,OUTCOME_AND_HASH_MATCH,-2.17
opengl,game_load.doax_menu_stress.full_system,leaf,PASS,545f7965debce325,69725,PASS,545f7965debce325,70245,PASS,545f7965debce325,70036,PASS,545f7965debce325,71022,OUTCOME_AND_HASH_MATCH,-0.75,OUTCOME_AND_HASH_MATCH,+0.30,OUTCOME_AND_HASH_MATCH,-1.41,OUTCOME_AND_HASH_MATCH,-1.86
opengl,game_load.doax_menu_stress.gpu_only,leaf,PASS,30126b41ecb96325,31995,PASS,30126b41ecb96325,33042,PASS,30126b41ecb96325,32497,PASS,30126b41ecb96325,33063,OUTCOME_AND_HASH_MATCH,-3.27,OUTCOME_AND_HASH_MATCH,+1.65,OUTCOME_AND_HASH_MATCH,-1.74,OUTCOME_AND_HASH_MATCH,-3.34
opengl,game_load.doax_menu_stress.pfifo_only,leaf,PASS,6251472ce3a6e325,4668,PASS,6251472ce3a6e325,4431,PASS,6251472ce3a6e325,4584,PASS,6251472ce3a6e325,4533,OUTCOME_AND_HASH_MATCH,+5.08,OUTCOME_AND_HASH_MATCH,-3.45,OUTCOME_AND_HASH_MATCH,+1.11,OUTCOME_AND_HASH_MATCH,+2.89
opengl,game_load.doax_menu_stress.streaming_only,leaf,PASS,5b922e3ee1312325,8788,PASS,5b922e3ee1312325,8889,PASS,5b922e3ee1312325,8810,PASS,5b922e3ee1312325,8916,OUTCOME_AND_HASH_MATCH,-1.15,OUTCOME_AND_HASH_MATCH,+0.89,OUTCOME_AND_HASH_MATCH,-1.20,OUTCOME_AND_HASH_MATCH,-1.46
opengl,game_load.long_unlocked_scene,group,PASS,4efd9244c4ad2325,,PASS,4efd9244c4ad2325,,PASS,4efd9244c4ad2325,,PASS,4efd9244c4ad2325,,OUTCOME_AND_HASH_MATCH,,OUTCOME_AND_HASH_MATCH,,OUTCOME_AND_HASH_MATCH,,OUTCOME_AND_HASH_MATCH,
opengl,game_load.long_unlocked_scene.alpha_overdraw,leaf,PASS,4efd9244c4ad2325,31574,PASS,4efd9244c4ad2325,33060,PASS,4efd9244c4ad2325,32814,PASS,4efd9244c4ad2325,32832,OUTCOME_AND_HASH_MATCH,-4.71,OUTCOME_AND_HASH_MATCH,+0.74,OUTCOME_AND_HASH_MATCH,-0.05,OUTCOME_AND_HASH_MATCH,-3.98
opengl,game_load.long_unlocked_scene.combined,leaf,PASS,4efd9244c4ad2325,69580,PASS,4efd9244c4ad2325,69760,PASS,4efd9244c4ad2325,70510,PASS,4efd9244c4ad2325,70808,OUTCOME_AND_HASH_MATCH,-0.26,OUTCOME_AND_HASH_MATCH,-1.08,OUTCOME_AND_HASH_MATCH,-0.42,OUTCOME_AND_HASH_MATCH,-1.76
opengl,game_load.long_unlocked_scene.cpu,leaf,PASS,4efd9244c4ad2325,24434,PASS,4efd9244c4ad2325,23873,PASS,4efd9244c4ad2325,24050,PASS,4efd9244c4ad2325,24103,OUTCOME_AND_HASH_MATCH,+2.30,OUTCOME_AND_HASH_MATCH,-0.74,OUTCOME_AND_HASH_MATCH,-0.22,OUTCOME_AND_HASH_MATCH,+1.35
opengl,game_load.long_unlocked_scene.full_system,leaf,PASS,4efd9244c4ad2325,69397,PASS,4efd9244c4ad2325,70594,PASS,4efd9244c4ad2325,70587,PASS,4efd9244c4ad2325,71233,OUTCOME_AND_HASH_MATCH,-1.72,OUTCOME_AND_HASH_MATCH,+0.01,OUTCOME_AND_HASH_MATCH,-0.92,OUTCOME_AND_HASH_MATCH,-2.65
opengl,game_load.long_unlocked_scene.pfifo,leaf,PASS,4efd9244c4ad2325,4712,PASS,4efd9244c4ad2325,4527,PASS,4efd9244c4ad2325,4690,PASS,4efd9244c4ad2325,4822,OUTCOME_AND_HASH_MATCH,+3.93,OUTCOME_AND_HASH_MATCH,-3.60,OUTCOME_AND_HASH_MATCH,-2.81,OUTCOME_AND_HASH_MATCH,-2.33
opengl,game_load.long_unlocked_scene.streaming_surface_reuse,leaf,PASS,4efd9244c4ad2325,9182,PASS,4efd9244c4ad2325,8903,PASS,4efd9244c4ad2325,8868,PASS,4efd9244c4ad2325,9242,OUTCOME_AND_HASH_MATCH,+3.04,OUTCOME_AND_HASH_MATCH,+0.39,OUTCOME_AND_HASH_MATCH,-4.22,OUTCOME_AND_HASH_MATCH,-0.65
opengl,game_load.pgr2_ai_backup.cpu_only,leaf,PASS,e086b0a920c42325,42340,PASS,e086b0a920c42325,42105,PASS,e086b0a920c42325,42444,PASS,e086b0a920c42325,42692,OUTCOME_AND_HASH_MATCH,+0.56,OUTCOME_AND_HASH_MATCH,-0.81,OUTCOME_AND_HASH_MATCH,-0.58,OUTCOME_AND_HASH_MATCH,-0.83
opengl,game_load.pgr2_ai_backup.cpu_pfifo_gpu,leaf,PASS,48c0585f003ea325,139991,PASS,48c0585f003ea325,141848,PASS,48c0585f003ea325,142913,PASS,48c0585f003ea325,143509,OUTCOME_AND_HASH_MATCH,-1.33,OUTCOME_AND_HASH_MATCH,-0.75,OUTCOME_AND_HASH_MATCH,-0.42,OUTCOME_AND_HASH_MATCH,-2.51
opengl,game_load.pgr2_ai_backup.cpu_pfifo_gpu_streaming,leaf,PASS,e0430415b6dbe325,143037,PASS,e0430415b6dbe325,144455,PASS,e0430415b6dbe325,146310,PASS,e0430415b6dbe325,147758,OUTCOME_AND_HASH_MATCH,-0.99,OUTCOME_AND_HASH_MATCH,-1.28,OUTCOME_AND_HASH_MATCH,-0.99,OUTCOME_AND_HASH_MATCH,-3.30
opengl,game_load.pgr2_ai_backup.full_system,leaf,PASS,cb91c33db5046325,142733,PASS,cb91c33db5046325,144770,PASS,cb91c33db5046325,146497,PASS,cb91c33db5046325,147927,OUTCOME_AND_HASH_MATCH,-1.43,OUTCOME_AND_HASH_MATCH,-1.19,OUTCOME_AND_HASH_MATCH,-0.98,OUTCOME_AND_HASH_MATCH,-3.64
opengl,game_load.pgr2_ai_backup.gpu_only,leaf,PASS,f8348ac6eeaaa325,83221,PASS,f8348ac6eeaaa325,85600,PASS,f8348ac6eeaaa325,85090,PASS,f8348ac6eeaaa325,86156,OUTCOME_AND_HASH_MATCH,-2.86,OUTCOME_AND_HASH_MATCH,+0.60,OUTCOME_AND_HASH_MATCH,-1.25,OUTCOME_AND_HASH_MATCH,-3.53
opengl,game_load.pgr2_ai_backup.pfifo_only,leaf,PASS,5bc1b07714da2325,14294,PASS,5bc1b07714da2325,14620,PASS,5bc1b07714da2325,15905,PASS,5bc1b07714da2325,15223,OUTCOME_AND_HASH_MATCH,-2.28,OUTCOME_AND_HASH_MATCH,-8.79,OUTCOME_AND_HASH_MATCH,+4.29,OUTCOME_AND_HASH_MATCH,-6.50
opengl,game_load.pgr2_ai_backup.streaming_only,leaf,PASS,f43007e31b972325,3509,PASS,f43007e31b972325,3360,PASS,f43007e31b972325,3371,PASS,f43007e31b972325,3394,OUTCOME_AND_HASH_MATCH,+4.25,OUTCOME_AND_HASH_MATCH,-0.33,OUTCOME_AND_HASH_MATCH,-0.68,OUTCOME_AND_HASH_MATCH,+3.28
opengl,game_load.repeated_display,leaf,PASS,e758dbbf4edc2325,16621,PASS,e758dbbf4edc2325,16529,PASS,e758dbbf4edc2325,16546,PASS,e758dbbf4edc2325,16564,OUTCOME_AND_HASH_MATCH,+0.55,OUTCOME_AND_HASH_MATCH,-0.10,OUTCOME_AND_HASH_MATCH,-0.11,OUTCOME_AND_HASH_MATCH,+0.34
opengl,game_load.repeated_display_boosted,leaf,PASS,60315b1c33b6a325,49804,PASS,60315b1c33b6a325,49882,PASS,60315b1c33b6a325,49862,PASS,60315b1c33b6a325,49955,OUTCOME_AND_HASH_MATCH,-0.16,OUTCOME_AND_HASH_MATCH,+0.04,OUTCOME_AND_HASH_MATCH,-0.19,OUTCOME_AND_HASH_MATCH,-0.30
opengl,game_load.s3tc_sync_factor,group,PASS,3403675459d4d3d5,,PASS,3403675459d4d3d5,,PASS,3403675459d4d3d5,,PASS,3403675459d4d3d5,,OUTCOME_AND_HASH_MATCH,,OUTCOME_AND_HASH_MATCH,,OUTCOME_AND_HASH_MATCH,,OUTCOME_AND_HASH_MATCH,
opengl,game_load.s3tc_sync_factor.bc2_bordered_fallback,leaf,PASS,3403675459d4d3d5,49750,PASS,3403675459d4d3d5,49930,PASS,3403675459d4d3d5,49509,PASS,3403675459d4d3d5,49885,OUTCOME_AND_HASH_MATCH,-0.36,OUTCOME_AND_HASH_MATCH,+0.84,OUTCOME_AND_HASH_MATCH,-0.76,OUTCOME_AND_HASH_MATCH,-0.27
opengl,game_load.s3tc_sync_factor.bc2_native_eligible,leaf,PASS,3403675459d4d3d5,16743,PASS,3403675459d4d3d5,16771,PASS,3403675459d4d3d5,17030,PASS,3403675459d4d3d5,16798,OUTCOME_AND_HASH_MATCH,-0.17,OUTCOME_AND_HASH_MATCH,-1.54,OUTCOME_AND_HASH_MATCH,+1.36,OUTCOME_AND_HASH_MATCH,-0.33
opengl,game_load.s3tc_sync_factor.bc3_bordered_fallback,leaf,PASS,3403675459d4d3d5,49906,PASS,3403675459d4d3d5,49471,PASS,3403675459d4d3d5,50084,PASS,3403675459d4d3d5,50071,OUTCOME_AND_HASH_MATCH,+0.87,OUTCOME_AND_HASH_MATCH,-1.24,OUTCOME_AND_HASH_MATCH,+0.03,OUTCOME_AND_HASH_MATCH,-0.33
opengl,game_load.s3tc_sync_factor.bc3_native_eligible,leaf,PASS,3403675459d4d3d5,16594,PASS,3403675459d4d3d5,16361,PASS,3403675459d4d3d5,16402,PASS,3403675459d4d3d5,16250,OUTCOME_AND_HASH_MATCH,+1.40,OUTCOME_AND_HASH_MATCH,-0.25,OUTCOME_AND_HASH_MATCH,+0.93,OUTCOME_AND_HASH_MATCH,+2.07
opengl,game_load.s3tc_sync_factor.dxt1_dirty_once_redraw,leaf,PASS,428c04bbb0a62725,16635,PASS,428c04bbb0a62725,16634,PASS,428c04bbb0a62725,16680,PASS,428c04bbb0a62725,16603,OUTCOME_AND_HASH_MATCH,+0.01,OUTCOME_AND_HASH_MATCH,-0.28,OUTCOME_AND_HASH_MATCH,+0.46,OUTCOME_AND_HASH_MATCH,+0.19
opengl,game_load.s3tc_sync_factor.dxt1_ring_payload_generations,leaf,PASS,3403675459d4d3d5,16583,PASS,3403675459d4d3d5,16672,PASS,3403675459d4d3d5,16810,PASS,3403675459d4d3d5,16795,OUTCOME_AND_HASH_MATCH,-0.54,OUTCOME_AND_HASH_MATCH,-0.83,OUTCOME_AND_HASH_MATCH,+0.09,OUTCOME_AND_HASH_MATCH,-1.28
opengl,game_load.s3tc_sync_factor.dxt1_same_address_queued,leaf,PASS,394105fecb74eb3b,16641,PASS,284969650b5c95a9,16478,PASS,ca2581a3f8a7a39d,16520,PASS,c34548afbfafec0b,16664,HASH_INELIGIBLE_OUTCOME_MATCH,+0.98,HASH_INELIGIBLE_OUTCOME_MATCH,-0.25,HASH_INELIGIBLE_OUTCOME_MATCH,-0.87,HASH_INELIGIBLE_OUTCOME_MATCH,-0.14
opengl,game_load.s3tc_sync_factor.dxt1_same_address_wait,leaf,PASS,3403675459d4d3d5,16695,PASS,3403675459d4d3d5,16641,PASS,3403675459d4d3d5,16738,PASS,3403675459d4d3d5,16721,OUTCOME_AND_HASH_MATCH,+0.32,OUTCOME_AND_HASH_MATCH,-0.58,OUTCOME_AND_HASH_MATCH,+0.10,OUTCOME_AND_HASH_MATCH,-0.16
opengl,game_load.s3tc_sync_factor.rgba8_dirty_once_redraw,leaf,PASS,428c04bbb0a62725,16402,PASS,428c04bbb0a62725,16690,PASS,428c04bbb0a62725,16674,PASS,428c04bbb0a62725,16671,OUTCOME_AND_HASH_MATCH,-1.76,OUTCOME_AND_HASH_MATCH,+0.10,OUTCOME_AND_HASH_MATCH,+0.02,OUTCOME_AND_HASH_MATCH,-1.64
opengl,game_load.s3tc_sync_factor.rgba8_ring_payload_generations,leaf,PASS,3403675459d4d3d5,49612,PASS,3403675459d4d3d5,49948,PASS,3403675459d4d3d5,49635,PASS,3403675459d4d3d5,49947,OUTCOME_AND_HASH_MATCH,-0.68,OUTCOME_AND_HASH_MATCH,+0.63,OUTCOME_AND_HASH_MATCH,-0.63,OUTCOME_AND_HASH_MATCH,-0.68
opengl,game_load.s3tc_sync_factor.rgba8_same_address_queued,leaf,PASS,b45fb588bdd0f4ff,50057,PASS,29bc25e5652179cb,49708,PASS,2df01f4db8d1e591,49961,PASS,87e5f05240f6299a,50042,HASH_INELIGIBLE_OUTCOME_MATCH,+0.70,HASH_INELIGIBLE_OUTCOME_MATCH,-0.51,HASH_INELIGIBLE_OUTCOME_MATCH,-0.16,HASH_INELIGIBLE_OUTCOME_MATCH,+0.03
opengl,game_load.s3tc_sync_factor.rgba8_same_address_wait,leaf,PASS,3403675459d4d3d5,49398,PASS,3403675459d4d3d5,49747,PASS,3403675459d4d3d5,49688,PASS,3403675459d4d3d5,49703,OUTCOME_AND_HASH_MATCH,-0.71,OUTCOME_AND_HASH_MATCH,+0.12,OUTCOME_AND_HASH_MATCH,-0.03,OUTCOME_AND_HASH_MATCH,-0.62
opengl,high_vertex_count.arrays,leaf,PASS,a27c67890c2d9083,69,PASS,a27c67890c2d9083,73,PASS,a27c67890c2d9083,71,PASS,a27c67890c2d9083,72,OUTCOME_AND_HASH_MATCH,-5.80,OUTCOME_AND_HASH_MATCH,+2.74,OUTCOME_AND_HASH_MATCH,-1.41,OUTCOME_AND_HASH_MATCH,-4.35
opengl,high_vertex_count.inline_arrays,leaf,PASS,a27c67890c2d9083,44776,PASS,a27c67890c2d9083,43378,PASS,a27c67890c2d9083,43296,PASS,a27c67890c2d9083,44530,OUTCOME_AND_HASH_MATCH,+3.12,OUTCOME_AND_HASH_MATCH,+0.19,OUTCOME_AND_HASH_MATCH,-2.85,OUTCOME_AND_HASH_MATCH,+0.55
opengl,high_vertex_count.inline_buffers,leaf,PASS,a27c67890c2d9083,214903,PASS,a27c67890c2d9083,222093,PASS,a27c67890c2d9083,218647,PASS,a27c67890c2d9083,224183,OUTCOME_AND_HASH_MATCH,-3.35,OUTCOME_AND_HASH_MATCH,+1.55,OUTCOME_AND_HASH_MATCH,-2.53,OUTCOME_AND_HASH_MATCH,-4.32
opengl,high_vertex_count.inline_elements,leaf,PASS,a27c67890c2d9083,4020,PASS,a27c67890c2d9083,3963,PASS,a27c67890c2d9083,3914,PASS,a27c67890c2d9083,3917,OUTCOME_AND_HASH_MATCH,+1.42,OUTCOME_AND_HASH_MATCH,+1.24,OUTCOME_AND_HASH_MATCH,-0.08,OUTCOME_AND_HASH_MATCH,+2.56
opengl,pfifo_array_elements.array_element16,leaf,PASS,9c884de2a5d32325,1356,PASS,9c884de2a5d32325,1306,PASS,9c884de2a5d32325,1312,PASS,9c884de2a5d32325,1316,OUTCOME_AND_HASH_MATCH,+3.69,OUTCOME_AND_HASH_MATCH,-0.46,OUTCOME_AND_HASH_MATCH,-0.30,OUTCOME_AND_HASH_MATCH,+2.95
opengl,pfifo_array_elements.array_element32,leaf,PASS,e079f0cf1a994325,1345,PASS,e079f0cf1a994325,1943,PASS,e079f0cf1a994325,1302,PASS,e079f0cf1a994325,1311,OUTCOME_AND_HASH_MATCH,-44.46,OUTCOME_AND_HASH_MATCH,+32.99,OUTCOME_AND_HASH_MATCH,-0.69,OUTCOME_AND_HASH_MATCH,+2.53
opengl,pfifo_array_elements.array_element_pgr2,leaf,PASS,bbc8b0702ffd0325,1212,PASS,bbc8b0702ffd0325,1180,PASS,bbc8b0702ffd0325,1189,PASS,bbc8b0702ffd0325,1186,OUTCOME_AND_HASH_MATCH,+2.64,OUTCOME_AND_HASH_MATCH,-0.76,OUTCOME_AND_HASH_MATCH,+0.25,OUTCOME_AND_HASH_MATCH,+2.15
opengl,pfifo_packet_boundary.array_element16_overflow,leaf,PASS,4d1756526f052325,14796,PASS,4d1756526f052325,14600,PASS,4d1756526f052325,14548,PASS,4d1756526f052325,17018,OUTCOME_AND_HASH_MATCH,+1.32,OUTCOME_AND_HASH_MATCH,+0.36,OUTCOME_AND_HASH_MATCH,-16.98,OUTCOME_AND_HASH_MATCH,-15.02
opengl,pfifo_packet_boundary.array_element32_overflow,leaf,PASS,6eb7071be692a325,29661,PASS,6eb7071be692a325,28962,PASS,6eb7071be692a325,29366,PASS,6eb7071be692a325,32254,OUTCOME_AND_HASH_MATCH,+2.36,OUTCOME_AND_HASH_MATCH,-1.39,OUTCOME_AND_HASH_MATCH,-9.83,OUTCOME_AND_HASH_MATCH,-8.74
opengl,pfifo_packet_boundary.incrementing_inline_fallback,leaf,PASS,640439ee8ecd2325,103,PASS,640439ee8ecd2325,360,PASS,640439ee8ecd2325,127,PASS,640439ee8ecd2325,103,OUTCOME_AND_HASH_MATCH,-249.51,OUTCOME_AND_HASH_MATCH,+64.72,OUTCOME_AND_HASH_MATCH,+18.90,OUTCOME_AND_HASH_MATCH,+0.00
opengl,pfifo_packet_boundary.inline_array_overflow,leaf,PASS,847da1930526a325,28777,PASS,847da1930526a325,29073,PASS,847da1930526a325,28902,PASS,847da1930526a325,32261,OUTCOME_AND_HASH_MATCH,-1.03,OUTCOME_AND_HASH_MATCH,+0.59,OUTCOME_AND_HASH_MATCH,-11.62,OUTCOME_AND_HASH_MATCH,-12.11
opengl,pipeline_texture_switch.clear_texture_normal,leaf,PASS,22ba4f1405cda325,9009,PASS,22ba4f1405cda325,9939,PASS,22ba4f1405cda325,9733,PASS,22ba4f1405cda325,9704,OUTCOME_AND_HASH_MATCH,-10.32,OUTCOME_AND_HASH_MATCH,+2.07,OUTCOME_AND_HASH_MATCH,+0.30,OUTCOME_AND_HASH_MATCH,-7.71
opengl,pipeline_texture_switch.palette_dma_remap,leaf,PASS,fbf687de65082325,19359,PASS,fbf687de65082325,19261,PASS,fbf687de65082325,19014,PASS,fbf687de65082325,13293,OUTCOME_AND_HASH_MATCH,+0.51,OUTCOME_AND_HASH_MATCH,+1.28,OUTCOME_AND_HASH_MATCH,+30.09,OUTCOME_AND_HASH_MATCH,+31.33
opengl,pipeline_texture_switch.palette_only_update,leaf,PASS,467aab2f95cda325,18665,PASS,467aab2f95cda325,17842,PASS,467aab2f95cda325,17952,PASS,467aab2f95cda325,18527,OUTCOME_AND_HASH_MATCH,+4.41,OUTCOME_AND_HASH_MATCH,-0.62,OUTCOME_AND_HASH_MATCH,-3.20,OUTCOME_AND_HASH_MATCH,+0.74
opengl,pipeline_texture_switch.sampler_only_identity,leaf,PASS,0b8438c8404da325,20721,PASS,0b8438c8404da325,21138,PASS,0b8438c8404da325,20830,PASS,0b8438c8404da325,21589,OUTCOME_AND_HASH_MATCH,-2.01,OUTCOME_AND_HASH_MATCH,+1.46,OUTCOME_AND_HASH_MATCH,-3.64,OUTCOME_AND_HASH_MATCH,-4.19
opengl,pipeline_texture_switch.shader_negative_control,leaf,PASS,f110c8bd6338c325,16743,PASS,f110c8bd6338c325,17321,PASS,f110c8bd6338c325,17070,PASS,f110c8bd6338c325,17362,OUTCOME_AND_HASH_MATCH,-3.45,OUTCOME_AND_HASH_MATCH,+1.45,OUTCOME_AND_HASH_MATCH,-1.71,OUTCOME_AND_HASH_MATCH,-3.70
opengl,pipeline_texture_switch.shared_page_overlap,leaf,PASS,83bb59a8648da325,18548,PASS,83bb59a8648da325,18502,PASS,83bb59a8648da325,18237,PASS,83bb59a8648da325,18768,OUTCOME_AND_HASH_MATCH,+0.25,OUTCOME_AND_HASH_MATCH,+1.43,OUTCOME_AND_HASH_MATCH,-2.91,OUTCOME_AND_HASH_MATCH,-1.19
opengl,pipeline_texture_switch.texture_dma_remap,leaf,PASS,fbf687de65082325,19206,PASS,fbf687de65082325,18631,PASS,fbf687de65082325,18457,PASS,fbf687de65082325,18450,OUTCOME_AND_HASH_MATCH,+2.99,OUTCOME_AND_HASH_MATCH,+0.93,OUTCOME_AND_HASH_MATCH,+0.04,OUTCOME_AND_HASH_MATCH,+3.94
opengl,pipeline_texture_switch.texture_switch,leaf,PASS,8ae05d31fb00c325,17366,PASS,8ae05d31fb00c325,17810,PASS,8ae05d31fb00c325,17544,PASS,8ae05d31fb00c325,17751,OUTCOME_AND_HASH_MATCH,-2.56,OUTCOME_AND_HASH_MATCH,+1.49,OUTCOME_AND_HASH_MATCH,-1.18,OUTCOME_AND_HASH_MATCH,-2.22
opengl,primitive_type.line_loop.fixed_function,leaf,PASS,e029a36a3b91c6cc,710,PASS,e029a36a3b91c6cc,702,PASS,e029a36a3b91c6cc,690,PASS,e029a36a3b91c6cc,697,OUTCOME_AND_HASH_MATCH,+1.13,OUTCOME_AND_HASH_MATCH,+1.71,OUTCOME_AND_HASH_MATCH,-1.01,OUTCOME_AND_HASH_MATCH,+1.83
opengl,primitive_type.line_loop.vertex_shader,leaf,PASS,e029a36a3b91c6cc,723,PASS,e029a36a3b91c6cc,686,PASS,e029a36a3b91c6cc,694,PASS,e029a36a3b91c6cc,697,OUTCOME_AND_HASH_MATCH,+5.12,OUTCOME_AND_HASH_MATCH,-1.17,OUTCOME_AND_HASH_MATCH,-0.43,OUTCOME_AND_HASH_MATCH,+3.60
opengl,primitive_type.line_strip.fixed_function,leaf,PASS,05e55de77521d31a,761,PASS,05e55de77521d31a,695,PASS,05e55de77521d31a,682,PASS,05e55de77521d31a,699,OUTCOME_AND_HASH_MATCH,+8.67,OUTCOME_AND_HASH_MATCH,+1.87,OUTCOME_AND_HASH_MATCH,-2.49,OUTCOME_AND_HASH_MATCH,+8.15
opengl,primitive_type.line_strip.vertex_shader,leaf,PASS,05e55de77521d31a,721,PASS,05e55de77521d31a,667,PASS,05e55de77521d31a,680,PASS,05e55de77521d31a,676,OUTCOME_AND_HASH_MATCH,+7.49,OUTCOME_AND_HASH_MATCH,-1.95,OUTCOME_AND_HASH_MATCH,+0.59,OUTCOME_AND_HASH_MATCH,+6.24
opengl,primitive_type.lines.fixed_function,leaf,PASS,e1c19d5c7e7898ab,1392,PASS,e1c19d5c7e7898ab,1333,PASS,e1c19d5c7e7898ab,1321,PASS,e1c19d5c7e7898ab,1387,OUTCOME_AND_HASH_MATCH,+4.24,OUTCOME_AND_HASH_MATCH,+0.90,OUTCOME_AND_HASH_MATCH,-5.00,OUTCOME_AND_HASH_MATCH,+0.36
opengl,primitive_type.lines.vertex_shader,leaf,PASS,e1c19d5c7e7898ab,1400,PASS,e1c19d5c7e7898ab,1330,PASS,e1c19d5c7e7898ab,1327,PASS,e1c19d5c7e7898ab,1333,OUTCOME_AND_HASH_MATCH,+5.00,OUTCOME_AND_HASH_MATCH,+0.23,OUTCOME_AND_HASH_MATCH,-0.45,OUTCOME_AND_HASH_MATCH,+4.79
opengl,primitive_type.points.fixed_function,leaf,PASS,5b296619f665c070,696,PASS,5b296619f665c070,659,PASS,5b296619f665c070,688,PASS,5b296619f665c070,679,OUTCOME_AND_HASH_MATCH,+5.32,OUTCOME_AND_HASH_MATCH,-4.40,OUTCOME_AND_HASH_MATCH,+1.31,OUTCOME_AND_HASH_MATCH,+2.44
opengl,primitive_type.points.vertex_shader,leaf,PASS,5b296619f665c070,713,PASS,5b296619f665c070,660,PASS,5b296619f665c070,654,PASS,5b296619f665c070,653,OUTCOME_AND_HASH_MATCH,+7.43,OUTCOME_AND_HASH_MATCH,+0.91,OUTCOME_AND_HASH_MATCH,+0.15,OUTCOME_AND_HASH_MATCH,+8.42
opengl,primitive_type.polygon.fixed_function,leaf,PASS,2c4beaa06aba1000,724,PASS,2c4beaa06aba1000,678,PASS,2c4beaa06aba1000,695,PASS,2c4beaa06aba1000,660,OUTCOME_AND_HASH_MATCH,+6.35,OUTCOME_AND_HASH_MATCH,-2.51,OUTCOME_AND_HASH_MATCH,+5.04,OUTCOME_AND_HASH_MATCH,+8.84
opengl,primitive_type.polygon.vertex_shader,leaf,PASS,2c4beaa06aba1000,731,PASS,2c4beaa06aba1000,672,PASS,2c4beaa06aba1000,664,PASS,2c4beaa06aba1000,688,OUTCOME_AND_HASH_MATCH,+8.07,OUTCOME_AND_HASH_MATCH,+1.19,OUTCOME_AND_HASH_MATCH,-3.61,OUTCOME_AND_HASH_MATCH,+5.88
opengl,primitive_type.quad_strip.fixed_function,leaf,PASS,f64b4495347cec73,1407,PASS,f64b4495347cec73,1344,PASS,f64b4495347cec73,1309,PASS,f64b4495347cec73,1334,OUTCOME_AND_HASH_MATCH,+4.48,OUTCOME_AND_HASH_MATCH,+2.60,OUTCOME_AND_HASH_MATCH,-1.91,OUTCOME_AND_HASH_MATCH,+5.19
opengl,primitive_type.quad_strip.vertex_shader,leaf,PASS,f64b4495347cec73,1404,PASS,f64b4495347cec73,1342,PASS,f64b4495347cec73,1340,PASS,f64b4495347cec73,1326,OUTCOME_AND_HASH_MATCH,+4.42,OUTCOME_AND_HASH_MATCH,+0.15,OUTCOME_AND_HASH_MATCH,+1.04,OUTCOME_AND_HASH_MATCH,+5.56
opengl,primitive_type.quads.fixed_function,leaf,PASS,114a1419338256e5,2762,PASS,114a1419338256e5,2621,PASS,114a1419338256e5,2609,PASS,114a1419338256e5,2659,OUTCOME_AND_HASH_MATCH,+5.10,OUTCOME_AND_HASH_MATCH,+0.46,OUTCOME_AND_HASH_MATCH,-1.92,OUTCOME_AND_HASH_MATCH,+3.73
opengl,primitive_type.quads.vertex_shader,leaf,PASS,114a1419338256e5,2733,PASS,114a1419338256e5,2608,PASS,114a1419338256e5,2598,PASS,114a1419338256e5,2606,OUTCOME_AND_HASH_MATCH,+4.57,OUTCOME_AND_HASH_MATCH,+0.38,OUTCOME_AND_HASH_MATCH,-0.31,OUTCOME_AND_HASH_MATCH,+4.65
opengl,primitive_type.triangle_fan.fixed_function,leaf,PASS,36644f0fd11db166,704,PASS,36644f0fd11db166,665,PASS,36644f0fd11db166,664,PASS,36644f0fd11db166,679,OUTCOME_AND_HASH_MATCH,+5.54,OUTCOME_AND_HASH_MATCH,+0.15,OUTCOME_AND_HASH_MATCH,-2.26,OUTCOME_AND_HASH_MATCH,+3.55
opengl,primitive_type.triangle_fan.vertex_shader,leaf,PASS,36644f0fd11db166,732,PASS,36644f0fd11db166,695,PASS,36644f0fd11db166,688,PASS,36644f0fd11db166,665,OUTCOME_AND_HASH_MATCH,+5.05,OUTCOME_AND_HASH_MATCH,+1.01,OUTCOME_AND_HASH_MATCH,+3.34,OUTCOME_AND_HASH_MATCH,+9.15
opengl,primitive_type.triangle_strip.fixed_function,leaf,PASS,d7b289579fdaa1ab,720,PASS,d7b289579fdaa1ab,679,PASS,d7b289579fdaa1ab,666,PASS,d7b289579fdaa1ab,684,OUTCOME_AND_HASH_MATCH,+5.69,OUTCOME_AND_HASH_MATCH,+1.91,OUTCOME_AND_HASH_MATCH,-2.70,OUTCOME_AND_HASH_MATCH,+5.00
opengl,primitive_type.triangle_strip.vertex_shader,leaf,PASS,d7b289579fdaa1ab,732,PASS,d7b289579fdaa1ab,685,PASS,d7b289579fdaa1ab,678,PASS,d7b289579fdaa1ab,677,OUTCOME_AND_HASH_MATCH,+6.42,OUTCOME_AND_HASH_MATCH,+1.02,OUTCOME_AND_HASH_MATCH,+0.15,OUTCOME_AND_HASH_MATCH,+7.51
opengl,primitive_type.triangles.fixed_function,leaf,PASS,72f05baf369ceb60,2011,PASS,72f05baf369ceb60,1961,PASS,72f05baf369ceb60,1961,PASS,72f05baf369ceb60,1962,OUTCOME_AND_HASH_MATCH,+2.49,OUTCOME_AND_HASH_MATCH,+0.00,OUTCOME_AND_HASH_MATCH,-0.05,OUTCOME_AND_HASH_MATCH,+2.44
opengl,primitive_type.triangles.vertex_shader,leaf,PASS,72f05baf369ceb60,2080,PASS,72f05baf369ceb60,1968,PASS,72f05baf369ceb60,1948,PASS,72f05baf369ceb60,2016,OUTCOME_AND_HASH_MATCH,+5.38,OUTCOME_AND_HASH_MATCH,+1.02,OUTCOME_AND_HASH_MATCH,-3.49,OUTCOME_AND_HASH_MATCH,+3.08
opengl,report_query.clear_boundary,leaf,PASS,b5eb7c4b9c8da325,662,PASS,b5eb7c4b9c8da325,632,PASS,b5eb7c4b9c8da325,663,PASS,b5eb7c4b9c8da325,701,OUTCOME_AND_HASH_MATCH,+4.53,OUTCOME_AND_HASH_MATCH,-4.91,OUTCOME_AND_HASH_MATCH,-5.73,OUTCOME_AND_HASH_MATCH,-5.89
opengl,report_query.dma_descriptor_rewrite,leaf,PASS,c0c0fdbececda325,2655,PASS,c0c0fdbececda325,1353,PASS,c0c0fdbececda325,1322,PASS,c0c0fdbececda325,1349,OUTCOME_AND_HASH_MATCH,+49.04,OUTCOME_AND_HASH_MATCH,+2.29,OUTCOME_AND_HASH_MATCH,-2.04,OUTCOME_AND_HASH_MATCH,+49.19
opengl,report_query.dma_range_guard,leaf,FAIL,3f648ce11a4da325,10036742,FAIL,3f648ce11a4da325,10031231,FAIL,3f648ce11a4da325,10208190,FAIL,3f648ce11a4da325,10028036,OUTCOME_AND_HASH_MATCH,,OUTCOME_AND_HASH_MATCH,,OUTCOME_AND_HASH_MATCH,,OUTCOME_AND_HASH_MATCH,
opengl,report_query.dma_target_switch,leaf,PASS,4c4bd8cd440da325,1295,PASS,4c4bd8cd440da325,1405,PASS,4c4bd8cd440da325,1397,PASS,4c4bd8cd440da325,1425,OUTCOME_AND_HASH_MATCH,-8.49,OUTCOME_AND_HASH_MATCH,+0.57,OUTCOME_AND_HASH_MATCH,-2.00,OUTCOME_AND_HASH_MATCH,-10.04
opengl,report_query.fifo_producer_ordering,leaf,PASS,0d907c24a88da325,1257,PASS,0d907c24a88da325,1706,PASS,0d907c24a88da325,1780,PASS,0d907c24a88da325,1263,OUTCOME_AND_HASH_MATCH,-35.72,OUTCOME_AND_HASH_MATCH,-4.34,OUTCOME_AND_HASH_MATCH,+29.04,OUTCOME_AND_HASH_MATCH,-0.48
opengl,report_query.multiple_boundaries,leaf,PASS,0c966fc9ba4da325,715,PASS,0c966fc9ba4da325,474,PASS,0c966fc9ba4da325,520,PASS,0c966fc9ba4da325,533,OUTCOME_AND_HASH_MATCH,+33.71,OUTCOME_AND_HASH_MATCH,-9.70,OUTCOME_AND_HASH_MATCH,-2.50,OUTCOME_AND_HASH_MATCH,+25.45
opengl,report_query.single_boundary,leaf,PASS,60e674c9fecda325,603,PASS,60e674c9fecda325,699,PASS,60e674c9fecda325,710,PASS,60e674c9fecda325,729,OUTCOME_AND_HASH_MATCH,-15.92,OUTCOME_AND_HASH_MATCH,-1.57,OUTCOME_AND_HASH_MATCH,-2.68,OUTCOME_AND_HASH_MATCH,-20.90
opengl,report_query.zero_query,leaf,PASS,23875dfeb40da325,27,PASS,23875dfeb40da325,28,PASS,23875dfeb40da325,32,PASS,23875dfeb40da325,28,OUTCOME_AND_HASH_MATCH,-3.70,OUTCOME_AND_HASH_MATCH,-14.29,OUTCOME_AND_HASH_MATCH,+12.50,OUTCOME_AND_HASH_MATCH,-3.70
opengl,surface.basic,leaf,PASS,0f44c0df337b52bc,14064,PASS,0f44c0df337b52bc,14251,PASS,0f44c0df337b52bc,14238,PASS,0f44c0df337b52bc,14757,OUTCOME_AND_HASH_MATCH,-1.33,OUTCOME_AND_HASH_MATCH,+0.09,OUTCOME_AND_HASH_MATCH,-3.65,OUTCOME_AND_HASH_MATCH,-4.93
opengl,surface.cpu_read_after_gpu_write,leaf,PASS,76ea18af98322325,472,PASS,76ea18af98322325,455,PASS,76ea18af98322325,450,PASS,76ea18af98322325,459,OUTCOME_AND_HASH_MATCH,+3.60,OUTCOME_AND_HASH_MATCH,+1.10,OUTCOME_AND_HASH_MATCH,-2.00,OUTCOME_AND_HASH_MATCH,+2.75
opengl,surface.cpu_read_clean_surface,leaf,PASS,d3267b427820a325,60,PASS,d3267b427820a325,61,PASS,d3267b427820a325,61,PASS,d3267b427820a325,60,OUTCOME_AND_HASH_MATCH,-1.67,OUTCOME_AND_HASH_MATCH,+0.00,OUTCOME_AND_HASH_MATCH,+1.64,OUTCOME_AND_HASH_MATCH,+0.00
opengl,surface.framebuffer_working_set_002,leaf,PASS,9f3b0609a42777d5,1592,PASS,9f3b0609a42777d5,1541,PASS,9f3b0609a42777d5,1523,PASS,9f3b0609a42777d5,1532,OUTCOME_AND_HASH_MATCH,+3.20,OUTCOME_AND_HASH_MATCH,+1.17,OUTCOME_AND_HASH_MATCH,-0.59,OUTCOME_AND_HASH_MATCH,+3.77
opengl,surface.framebuffer_working_set_008,leaf,PASS,64cbf95dec8f59e5,1180,PASS,64cbf95dec8f59e5,1547,PASS,64cbf95dec8f59e5,1627,PASS,64cbf95dec8f59e5,1608,OUTCOME_AND_HASH_MATCH,-31.10,OUTCOME_AND_HASH_MATCH,-5.17,OUTCOME_AND_HASH_MATCH,+1.17,OUTCOME_AND_HASH_MATCH,-36.27
opengl,surface.framebuffer_working_set_032,leaf,PASS,a6116feb11a28c25,1544,PASS,a6116feb11a28c25,1614,PASS,a6116feb11a28c25,1571,PASS,a6116feb11a28c25,1649,OUTCOME_AND_HASH_MATCH,-4.53,OUTCOME_AND_HASH_MATCH,+2.66,OUTCOME_AND_HASH_MATCH,-4.96,OUTCOME_AND_HASH_MATCH,-6.80
opengl,surface.framebuffer_working_set_064,leaf,PASS,a6116feb11a28c25,1526,PASS,a6116feb11a28c25,1643,PASS,a6116feb11a28c25,1637,PASS,a6116feb11a28c25,1638,OUTCOME_AND_HASH_MATCH,-7.67,OUTCOME_AND_HASH_MATCH,+0.37,OUTCOME_AND_HASH_MATCH,-0.06,OUTCOME_AND_HASH_MATCH,-7.34
opengl,surface.full_clear_elision_guard,leaf,PASS,4f05ccd43f43d495,1425,PASS,4f05ccd43f43d495,1376,PASS,4f05ccd43f43d495,1366,PASS,4f05ccd43f43d495,1376,OUTCOME_AND_HASH_MATCH,+3.44,OUTCOME_AND_HASH_MATCH,+0.73,OUTCOME_AND_HASH_MATCH,-0.73,OUTCOME_AND_HASH_MATCH,+3.44
opengl,surface.overlapping_surface_churn_representative,leaf,PASS,caf66d4bf5691525,2068,PASS,caf66d4bf5691525,1924,PASS,caf66d4bf5691525,1937,PASS,caf66d4bf5691525,1952,OUTCOME_AND_HASH_MATCH,+6.96,OUTCOME_AND_HASH_MATCH,-0.68,OUTCOME_AND_HASH_MATCH,-0.77,OUTCOME_AND_HASH_MATCH,+5.61
opengl,surface.overlapping_surface_churn_stress,leaf,PASS,caf66d4bf5691525,28017,PASS,caf66d4bf5691525,27035,PASS,caf66d4bf5691525,26701,PASS,caf66d4bf5691525,27561,OUTCOME_AND_HASH_MATCH,+3.51,OUTCOME_AND_HASH_MATCH,+1.24,OUTCOME_AND_HASH_MATCH,-3.22,OUTCOME_AND_HASH_MATCH,+1.63
opengl,surface.partial_channel_clear_guard,leaf,PASS,eb2cb498aa73af25,1441,PASS,eb2cb498aa73af25,1379,PASS,eb2cb498aa73af25,1371,PASS,eb2cb498aa73af25,1364,OUTCOME_AND_HASH_MATCH,+4.30,OUTCOME_AND_HASH_MATCH,+0.58,OUTCOME_AND_HASH_MATCH,+0.51,OUTCOME_AND_HASH_MATCH,+5.34
opengl,surface.surface_download_path,leaf,PASS,2b0e8aac0f8838e8,13682,PASS,2b0e8aac0f8838e8,12760,PASS,2b0e8aac0f8838e8,12966,PASS,2b0e8aac0f8838e8,12790,OUTCOME_AND_HASH_MATCH,+6.74,OUTCOME_AND_HASH_MATCH,-1.61,OUTCOME_AND_HASH_MATCH,+1.36,OUTCOME_AND_HASH_MATCH,+6.52
opengl,surface.surface_list_lookup_002,leaf,PASS,dce4c9394e7a3f35,1568,PASS,dce4c9394e7a3f35,1565,PASS,dce4c9394e7a3f35,1526,PASS,dce4c9394e7a3f35,1575,OUTCOME_AND_HASH_MATCH,+0.19,OUTCOME_AND_HASH_MATCH,+2.49,OUTCOME_AND_HASH_MATCH,-3.21,OUTCOME_AND_HASH_MATCH,-0.45
opengl,surface.surface_list_lookup_008,leaf,PASS,bf1fe5b8fe78a94d,1430,PASS,bf1fe5b8fe78a94d,1561,PASS,bf1fe5b8fe78a94d,1545,PASS,bf1fe5b8fe78a94d,1529,OUTCOME_AND_HASH_MATCH,-9.16,OUTCOME_AND_HASH_MATCH,+1.02,OUTCOME_AND_HASH_MATCH,+1.04,OUTCOME_AND_HASH_MATCH,-6.92
opengl,surface.surface_list_lookup_032,leaf,PASS,c6275b91195a5325,1602,PASS,c6275b91195a5325,1637,PASS,c6275b91195a5325,1609,PASS,c6275b91195a5325,1614,OUTCOME_AND_HASH_MATCH,-2.18,OUTCOME_AND_HASH_MATCH,+1.71,OUTCOME_AND_HASH_MATCH,-0.31,OUTCOME_AND_HASH_MATCH,-0.75
opengl,surface.surface_list_lookup_128,leaf,PASS,c6275b91195a5325,1564,PASS,c6275b91195a5325,1590,PASS,c6275b91195a5325,1639,PASS,c6275b91195a5325,1626,OUTCOME_AND_HASH_MATCH,-1.66,OUTCOME_AND_HASH_MATCH,-3.08,OUTCOME_AND_HASH_MATCH,+0.79,OUTCOME_AND_HASH_MATCH,-3.96
opengl,surface.vulkan_memory_pressure.representative,group,PASS,7e188dabb186cb25,,PASS,7e188dabb186cb25,,PASS,7e188dabb186cb25,,PASS,7e188dabb186cb25,,OUTCOME_AND_HASH_MATCH,,OUTCOME_AND_HASH_MATCH,,OUTCOME_AND_HASH_MATCH,,OUTCOME_AND_HASH_MATCH,
opengl,surface.vulkan_memory_pressure.representative.alias_resize,leaf,PASS,0c26236493b4d325,14279,PASS,0c26236493b4d325,13513,PASS,0c26236493b4d325,13583,PASS,0c26236493b4d325,13516,OUTCOME_AND_HASH_MATCH,+5.36,OUTCOME_AND_HASH_MATCH,-0.52,OUTCOME_AND_HASH_MATCH,+0.49,OUTCOME_AND_HASH_MATCH,+5.34
opengl,surface.vulkan_memory_pressure.representative.growth,leaf,PASS,c1b304b452852b25,14025,PASS,c1b304b452852b25,13499,PASS,c1b304b452852b25,13097,PASS,c1b304b452852b25,13573,OUTCOME_AND_HASH_MATCH,+3.75,OUTCOME_AND_HASH_MATCH,+2.98,OUTCOME_AND_HASH_MATCH,-3.63,OUTCOME_AND_HASH_MATCH,+3.22
opengl,surface.vulkan_memory_pressure.representative.idle_retention,leaf,PASS,3a8651789ea0fa25,769,PASS,3a8651789ea0fa25,758,PASS,3a8651789ea0fa25,728,PASS,3a8651789ea0fa25,717,OUTCOME_AND_HASH_MATCH,+1.43,OUTCOME_AND_HASH_MATCH,+3.96,OUTCOME_AND_HASH_MATCH,+1.51,OUTCOME_AND_HASH_MATCH,+6.76
opengl,surface.vulkan_memory_pressure.representative.plateau,leaf,PASS,730005d86af45b25,13668,PASS,730005d86af45b25,13053,PASS,730005d86af45b25,13097,PASS,730005d86af45b25,13132,OUTCOME_AND_HASH_MATCH,+4.50,OUTCOME_AND_HASH_MATCH,-0.34,OUTCOME_AND_HASH_MATCH,-0.27,OUTCOME_AND_HASH_MATCH,+3.92
opengl,surface.vulkan_memory_pressure.representative.reuse,leaf,PASS,3ba0d18066aacb25,13937,PASS,3ba0d18066aacb25,13499,PASS,3ba0d18066aacb25,15895,PASS,3ba0d18066aacb25,13102,OUTCOME_AND_HASH_MATCH,+3.14,OUTCOME_AND_HASH_MATCH,-17.75,OUTCOME_AND_HASH_MATCH,+17.57,OUTCOME_AND_HASH_MATCH,+5.99
opengl,surface.vulkan_memory_pressure.stress,group,PASS,7e188dabb186cb25,,PASS,7e188dabb186cb25,,PASS,7e188dabb186cb25,,PASS,7e188dabb186cb25,,OUTCOME_AND_HASH_MATCH,,OUTCOME_AND_HASH_MATCH,,OUTCOME_AND_HASH_MATCH,,OUTCOME_AND_HASH_MATCH,
opengl,surface.vulkan_memory_pressure.stress.alias_resize,leaf,PASS,84a8d75f1f9d1b25,56047,PASS,84a8d75f1f9d1b25,55620,PASS,84a8d75f1f9d1b25,55065,PASS,84a8d75f1f9d1b25,55911,OUTCOME_AND_HASH_MATCH,+0.76,OUTCOME_AND_HASH_MATCH,+1.00,OUTCOME_AND_HASH_MATCH,-1.54,OUTCOME_AND_HASH_MATCH,+0.24
opengl,surface.vulkan_memory_pressure.stress.growth,leaf,PASS,94cdb4bddb0e4b25,53820,PASS,94cdb4bddb0e4b25,52732,PASS,94cdb4bddb0e4b25,51738,PASS,94cdb4bddb0e4b25,52411,OUTCOME_AND_HASH_MATCH,+2.02,OUTCOME_AND_HASH_MATCH,+1.89,OUTCOME_AND_HASH_MATCH,-1.30,OUTCOME_AND_HASH_MATCH,+2.62
opengl,surface.vulkan_memory_pressure.stress.idle_retention,leaf,PASS,430711a262877725,861,PASS,430711a262877725,884,PASS,430711a262877725,860,PASS,430711a262877725,853,OUTCOME_AND_HASH_MATCH,-2.67,OUTCOME_AND_HASH_MATCH,+2.71,OUTCOME_AND_HASH_MATCH,+0.81,OUTCOME_AND_HASH_MATCH,+0.93
opengl,surface.vulkan_memory_pressure.stress.plateau,leaf,PASS,196f33989be28325,53185,PASS,196f33989be28325,52173,PASS,196f33989be28325,52745,PASS,196f33989be28325,52120,OUTCOME_AND_HASH_MATCH,+1.90,OUTCOME_AND_HASH_MATCH,-1.10,OUTCOME_AND_HASH_MATCH,+1.18,OUTCOME_AND_HASH_MATCH,+2.00
opengl,surface.vulkan_memory_pressure.stress.reuse,leaf,PASS,fb2a6abd1cbfc725,56559,PASS,fb2a6abd1cbfc725,55645,PASS,fb2a6abd1cbfc725,55591,PASS,fb2a6abd1cbfc725,55449,OUTCOME_AND_HASH_MATCH,+1.62,OUTCOME_AND_HASH_MATCH,+0.10,OUTCOME_AND_HASH_MATCH,+0.26,OUTCOME_AND_HASH_MATCH,+1.96
opengl,texture_cubemap_fallback.unbordered_subblock_dxt1,leaf,FAIL,0a68f0aa371576a5,16676,FAIL,0a68f0aa371576a5,16562,FAIL,0a68f0aa371576a5,16657,FAIL,0a68f0aa371576a5,16623,OUTCOME_AND_HASH_MATCH,,OUTCOME_AND_HASH_MATCH,,OUTCOME_AND_HASH_MATCH,,OUTCOME_AND_HASH_MATCH,
opengl,tiny_draw.arrays.fixed_function,leaf,PASS,acf025546cf667b5,20956,PASS,acf025546cf667b5,21215,PASS,acf025546cf667b5,21377,PASS,acf025546cf667b5,21597,OUTCOME_AND_HASH_MATCH,-1.24,OUTCOME_AND_HASH_MATCH,-0.76,OUTCOME_AND_HASH_MATCH,-1.03,OUTCOME_AND_HASH_MATCH,-3.06
opengl,tiny_draw.arrays.vertex_shader,leaf,PASS,acf025546cf667b5,21162,PASS,acf025546cf667b5,21305,PASS,acf025546cf667b5,21360,PASS,acf025546cf667b5,21475,OUTCOME_AND_HASH_MATCH,-0.68,OUTCOME_AND_HASH_MATCH,-0.26,OUTCOME_AND_HASH_MATCH,-0.54,OUTCOME_AND_HASH_MATCH,-1.48
opengl,tiny_draw.inline_arrays.fixed_function,leaf,PASS,acf025546cf667b5,79775,PASS,acf025546cf667b5,75422,PASS,acf025546cf667b5,77241,PASS,acf025546cf667b5,75947,OUTCOME_AND_HASH_MATCH,+5.46,OUTCOME_AND_HASH_MATCH,-2.41,OUTCOME_AND_HASH_MATCH,+1.68,OUTCOME_AND_HASH_MATCH,+4.80
opengl,tiny_draw.inline_arrays.vertex_shader,leaf,PASS,acf025546cf667b5,77852,PASS,acf025546cf667b5,73408,PASS,acf025546cf667b5,75765,PASS,acf025546cf667b5,74180,OUTCOME_AND_HASH_MATCH,+5.71,OUTCOME_AND_HASH_MATCH,-3.21,OUTCOME_AND_HASH_MATCH,+2.09,OUTCOME_AND_HASH_MATCH,+4.72
opengl,tiny_draw.inline_buffers.fixed_function,leaf,PASS,acf025546cf667b5,76536,PASS,acf025546cf667b5,74017,PASS,acf025546cf667b5,74963,PASS,acf025546cf667b5,74132,OUTCOME_AND_HASH_MATCH,+3.29,OUTCOME_AND_HASH_MATCH,-1.28,OUTCOME_AND_HASH_MATCH,+1.11,OUTCOME_AND_HASH_MATCH,+3.14
opengl,tiny_draw.inline_buffers.vertex_shader,leaf,PASS,acf025546cf667b5,74277,PASS,acf025546cf667b5,71086,PASS,acf025546cf667b5,71891,PASS,acf025546cf667b5,71370,OUTCOME_AND_HASH_MATCH,+4.30,OUTCOME_AND_HASH_MATCH,-1.13,OUTCOME_AND_HASH_MATCH,+0.72,OUTCOME_AND_HASH_MATCH,+3.91
opengl,tiny_draw.inline_elements.fixed_function,leaf,PASS,acf025546cf667b5,20986,PASS,acf025546cf667b5,21552,PASS,acf025546cf667b5,21227,PASS,acf025546cf667b5,21517,OUTCOME_AND_HASH_MATCH,-2.70,OUTCOME_AND_HASH_MATCH,+1.51,OUTCOME_AND_HASH_MATCH,-1.37,OUTCOME_AND_HASH_MATCH,-2.53
opengl,tiny_draw.inline_elements.vertex_shader,leaf,PASS,acf025546cf667b5,21043,PASS,acf025546cf667b5,21421,PASS,acf025546cf667b5,21514,PASS,acf025546cf667b5,21617,OUTCOME_AND_HASH_MATCH,-1.80,OUTCOME_AND_HASH_MATCH,-0.43,OUTCOME_AND_HASH_MATCH,-0.48,OUTCOME_AND_HASH_MATCH,-2.73
opengl,uniform_thrash.uniform_thrash,leaf,PASS,09eb5907ef624c25,1832,PASS,09eb5907ef624c25,1792,PASS,09eb5907ef624c25,1746,PASS,09eb5907ef624c25,1746,OUTCOME_AND_HASH_MATCH,+2.18,OUTCOME_AND_HASH_MATCH,+2.57,OUTCOME_AND_HASH_MATCH,+0.00,OUTCOME_AND_HASH_MATCH,+4.69
opengl,vertex_buffer_allocation.disjoint_same_page,leaf,PASS,fdcd25a37910bb25,22808,PASS,fdcd25a37910bb25,23121,PASS,fdcd25a37910bb25,23117,PASS,fdcd25a37910bb25,23672,OUTCOME_AND_HASH_MATCH,-1.37,OUTCOME_AND_HASH_MATCH,+0.02,OUTCOME_AND_HASH_MATCH,-2.40,OUTCOME_AND_HASH_MATCH,-3.79
opengl,vertex_buffer_allocation.mixed.arrays,leaf,PASS,377e6c029807f325,24152,PASS,377e6c029807f325,24243,PASS,377e6c029807f325,24034,PASS,377e6c029807f325,24238,OUTCOME_AND_HASH_MATCH,-0.38,OUTCOME_AND_HASH_MATCH,+0.86,OUTCOME_AND_HASH_MATCH,-0.85,OUTCOME_AND_HASH_MATCH,-0.36
opengl,vertex_buffer_allocation.mixed.inline_arrays,leaf,PASS,377e6c029807f325,129752,PASS,377e6c029807f325,128566,PASS,377e6c029807f325,127265,PASS,377e6c029807f325,132201,OUTCOME_AND_HASH_MATCH,+0.91,OUTCOME_AND_HASH_MATCH,+1.01,OUTCOME_AND_HASH_MATCH,-3.88,OUTCOME_AND_HASH_MATCH,-1.89
opengl,vertex_buffer_allocation.mixed.inline_buffers,leaf,PASS,377e6c029807f325,549405,PASS,377e6c029807f325,556156,PASS,377e6c029807f325,557246,PASS,377e6c029807f325,560298,OUTCOME_AND_HASH_MATCH,-1.23,OUTCOME_AND_HASH_MATCH,-0.20,OUTCOME_AND_HASH_MATCH,-0.55,OUTCOME_AND_HASH_MATCH,-1.98
opengl,vertex_buffer_allocation.mixed.inline_elements,leaf,PASS,377e6c029807f325,32673,PASS,377e6c029807f325,32575,PASS,377e6c029807f325,32717,PASS,377e6c029807f325,33176,OUTCOME_AND_HASH_MATCH,+0.30,OUTCOME_AND_HASH_MATCH,-0.44,OUTCOME_AND_HASH_MATCH,-1.40,OUTCOME_AND_HASH_MATCH,-1.54
opengl,vertex_buffer_allocation.ordered_same_page_overwrite,leaf,PASS,bbc8caeedc9dff25,16521,PASS,bbc8caeedc9dff25,16524,PASS,bbc8caeedc9dff25,16119,PASS,bbc8caeedc9dff25,16410,OUTCOME_AND_HASH_MATCH,-0.02,OUTCOME_AND_HASH_MATCH,+2.45,OUTCOME_AND_HASH_MATCH,-1.81,OUTCOME_AND_HASH_MATCH,+0.67
opengl,vertex_buffer_allocation.rising_transient_growth,leaf,PASS,377e6c029807f325,622178,PASS,377e6c029807f325,616083,PASS,377e6c029807f325,606791,PASS,377e6c029807f325,629151,OUTCOME_AND_HASH_MATCH,+0.98,OUTCOME_AND_HASH_MATCH,+1.51,OUTCOME_AND_HASH_MATCH,-3.68,OUTCOME_AND_HASH_MATCH,-1.12
opengl,vertex_buffer_allocation.three_generation_overwrite,leaf,PASS,05e2405b56d7f125,214242,PASS,05e2405b56d7f125,200848,PASS,05e2405b56d7f125,197681,PASS,05e2405b56d7f125,205205,OUTCOME_AND_HASH_MATCH,+6.25,OUTCOME_AND_HASH_MATCH,+1.58,OUTCOME_AND_HASH_MATCH,-3.81,OUTCOME_AND_HASH_MATCH,+4.22
opengl,vertex_buffer_allocation.tiny.arrays,leaf,PASS,377e6c029807f325,28428,PASS,377e6c029807f325,29247,PASS,377e6c029807f325,28572,PASS,377e6c029807f325,28694,OUTCOME_AND_HASH_MATCH,-2.88,OUTCOME_AND_HASH_MATCH,+2.31,OUTCOME_AND_HASH_MATCH,-0.43,OUTCOME_AND_HASH_MATCH,-0.94
opengl,vertex_buffer_allocation.tiny.inline_arrays,leaf,PASS,377e6c029807f325,88328,PASS,377e6c029807f325,84454,PASS,377e6c029807f325,84549,PASS,377e6c029807f325,83303,OUTCOME_AND_HASH_MATCH,+4.39,OUTCOME_AND_HASH_MATCH,-0.11,OUTCOME_AND_HASH_MATCH,+1.47,OUTCOME_AND_HASH_MATCH,+5.69
opengl,vertex_buffer_allocation.tiny.inline_buffers,leaf,PASS,377e6c029807f325,109936,PASS,377e6c029807f325,100628,PASS,377e6c029807f325,101888,PASS,377e6c029807f325,99459,OUTCOME_AND_HASH_MATCH,+8.47,OUTCOME_AND_HASH_MATCH,-1.25,OUTCOME_AND_HASH_MATCH,+2.38,OUTCOME_AND_HASH_MATCH,+9.53
opengl,vertex_buffer_allocation.tiny.inline_elements,leaf,PASS,377e6c029807f325,28199,PASS,377e6c029807f325,28967,PASS,377e6c029807f325,28538,PASS,377e6c029807f325,30241,OUTCOME_AND_HASH_MATCH,-2.72,OUTCOME_AND_HASH_MATCH,+1.48,OUTCOME_AND_HASH_MATCH,-5.97,OUTCOME_AND_HASH_MATCH,-7.24
