renderer,test,result,a0,a1,b0,range_canaries_intact,validation_active,unique_vuids,summary_sha256
opengl,report_query.zero_query,PASS,0,3735928559,3735928559,True,,0,058c677c3f005b6049918b661c87476da06f3ed954161954ceb81203540bccba
opengl,report_query.single_boundary,PASS,16384,3735928559,3735928559,True,,0,bdc1cc74781232c65583d60b4a27afa22527d449cb00f185693b7707fdc08d6a
opengl,report_query.multiple_boundaries,PASS,16384,32768,3735928559,True,,0,46a6f2f27c68dbadb06fce3f543fc6c650abbee3eaad8a355d550bc40615eca6
opengl,report_query.clear_boundary,PASS,16384,16384,3735928559,True,,0,e9fadee208fc134f6201820bde69d291045fcb59032eee86393022bc084e5a69
opengl,report_query.dma_target_switch,PASS,16384,3735928559,16384,True,,0,0ec7132b566da149cc09b4cff5b5c8e3cb5a6ccb770ac02df3c6dcab3043d290
opengl,report_query.dma_range_guard,PASS,16384,3351758791,0,True,,0,e1df1f09c936ef3fd414bab552c48c8908219cf3fb666ed365dfd192da13b6fd
vulkan,report_query.zero_query,PASS,0,3735928559,3735928559,True,True,0,0deb8417b585bb7536c3edcd2dbff12298dbfeffcb6e4fef084e8e4d945478fb
vulkan,report_query.single_boundary,PASS,16384,3735928559,3735928559,True,True,0,33ad173355aaf22c3cb4450eeed98aac2d471b18b1deefefab55f726bc27dc6a
vulkan,report_query.multiple_boundaries,PASS,16384,32768,3735928559,True,True,0,7370a73e54e4dcc8a49d0c529b2546581d56ca124d826d88e745848164db1ec4
vulkan,report_query.clear_boundary,PASS,16384,16384,3735928559,True,True,0,19c07998ca8818e60df3c667db1069498bf4747cbb36b473656f1e2d2f5a5e42
vulkan,report_query.dma_target_switch,PASS,16384,3735928559,16384,True,True,0,fc4681c63a474d60053c9e861f795b446ddcbd92d9e248a5dbc2e61209b1fed5
vulkan,report_query.dma_range_guard,PASS,16384,3351758791,0,True,True,0,4d20f7dc6a52b0c2c60f0357d6cd1a2fac09dfe9df3a80645f96510b1629dd54
