renderer,test_id,kind,outcome,framebuffer_fnv1a64,guest_total_us_diagnostic_only,performance_qualified
opengl,busy_pfifo.pfifo_saturation,leaf,PASS,1508607624bb8506,1105678,false
opengl,busy_pfifo.pgraph_pattern_polling,leaf,PASS,386d0f085e98c325,4350969,false
opengl,cpu_floating_point.sse_scalar,leaf,PASS,6962077c244da325,4968294,false
opengl,cpu_floating_point.x87_scalar,leaf,PASS,6962077c244da325,7915330,false
opengl,cpu_translation_blocks.direct_loop,leaf,PASS,bd1fc9bf0c318325,98321,false
opengl,cpu_translation_blocks.indirect_dispatch,leaf,PASS,c0426cf669a02325,394365,false
opengl,cpu_translation_blocks.indirect_dispatch_stress,leaf,PASS,fbd507cb0c622325,7808339,false
opengl,fill_rate.solid,leaf,PASS,08b0f60773aac775,17339,false
opengl,fill_rate.textured,leaf,PASS,99b433323df1684d,18384,false
opengl,game_load.long_unlocked_scene.cpu,leaf,PASS,4efd9244c4ad2325,190960,false
opengl,game_load.long_unlocked_scene.pfifo,leaf,PASS,4efd9244c4ad2325,39224,false
opengl,game_load.long_unlocked_scene.alpha_overdraw,leaf,PASS,4efd9244c4ad2325,260553,false
opengl,game_load.long_unlocked_scene.streaming_surface_reuse,leaf,PASS,4efd9244c4ad2325,71784,false
opengl,game_load.long_unlocked_scene.combined,leaf,PASS,4efd9244c4ad2325,558735,false
opengl,game_load.long_unlocked_scene.full_system,leaf,PASS,4efd9244c4ad2325,564332,false
opengl,game_load.long_unlocked_scene,group,PASS,4efd9244c4ad2325,0,false
opengl,game_load.cross_title_hotpath.queued_vertex_cpu_writes,leaf,PASS,ea21c900993ea325,413009,false
opengl,game_load.cross_title_hotpath.pgr2_small_draws,leaf,PASS,151015a16ca46325,834744,false
opengl,game_load.cross_title_hotpath.texture_update_reuse,leaf,PASS,44fcd2c900a5a325,23283,false
opengl,game_load.cross_title_hotpath.surface_reuse,leaf,PASS,37f87c4938cd6325,47907,false
opengl,game_load.cross_title_hotpath.pipeline_state_churn,leaf,PASS,4f8b2eab497ca325,522582,false
opengl,game_load.cross_title_hotpath.blend_constant_reuse,leaf,PASS,58e80f99c5a56325,801799,false
opengl,game_load.cross_title_hotpath.texture_binding_reuse,leaf,PASS,6b9bae4b9c97a325,1071912,false
opengl,game_load.cross_title_hotpath.pgr2_lagspot_inline_elements,leaf,PASS,2b9db92162606325,674576,false
opengl,game_load.cross_title_hotpath.scaled_surface_pressure,leaf,PASS,32a69ec6dce52325,1811406,false
opengl,game_load.cross_title_hotpath.s3tc_streaming_fenced_draws,leaf,PASS,1a65246e1a0ea325,15886288,false
opengl,game_load.cross_title_hotpath.gpu_wait_control,leaf,PASS,e30500792076e325,18073,false
opengl,game_load.cross_title_hotpath,group,PASS,e30500792076e325,0,false
opengl,game_load.s3tc_sync_factor.dxt1_same_address_wait,leaf,PASS,3403675459d4d3d5,141478,false
opengl,game_load.s3tc_sync_factor.dxt1_same_address_queued,leaf,PASS,75c2c901cfa2f7db,132440,false
opengl,game_load.s3tc_sync_factor.dxt1_ring_payload_generations,leaf,PASS,3403675459d4d3d5,125188,false
opengl,game_load.s3tc_sync_factor.dxt1_dirty_once_redraw,leaf,PASS,428c04bbb0a62725,123835,false
opengl,game_load.s3tc_sync_factor.rgba8_same_address_wait,leaf,PASS,3403675459d4d3d5,399652,false
opengl,game_load.s3tc_sync_factor.rgba8_same_address_queued,leaf,PASS,4f576cead75ee55a,385906,false
opengl,game_load.s3tc_sync_factor.rgba8_ring_payload_generations,leaf,PASS,3403675459d4d3d5,391750,false
opengl,game_load.s3tc_sync_factor.rgba8_dirty_once_redraw,leaf,PASS,428c04bbb0a62725,131679,false
opengl,game_load.s3tc_sync_factor.bc2_native_eligible,leaf,PASS,3403675459d4d3d5,128583,false
opengl,game_load.s3tc_sync_factor.bc2_bordered_fallback,leaf,PASS,3403675459d4d3d5,401291,false
opengl,game_load.s3tc_sync_factor.bc3_native_eligible,leaf,PASS,3403675459d4d3d5,132024,false
opengl,game_load.s3tc_sync_factor.bc3_bordered_fallback,leaf,PASS,3403675459d4d3d5,398040,false
opengl,game_load.s3tc_sync_factor,group,PASS,3403675459d4d3d5,0,false
opengl,game_load.repeated_display,leaf,PASS,e758dbbf4edc2325,132862,false
opengl,game_load.repeated_display_boosted,leaf,PASS,60315b1c33b6a325,400256,false
opengl,game_load.doax_menu_representative.cpu_only,leaf,PASS,c9ffff20249e2325,108342,false
opengl,game_load.doax_menu_representative.pfifo_only,leaf,PASS,db52eb2ea2ee6325,20536,false
opengl,game_load.doax_menu_representative.gpu_only,leaf,PASS,fbd6d6be7f982325,132866,false
opengl,game_load.doax_menu_representative.streaming_only,leaf,PASS,f94303d175056325,36863,false
opengl,game_load.doax_menu_representative.cpu_pfifo_gpu,leaf,PASS,04157941d1aa6325,258625,false
opengl,game_load.doax_menu_representative.cpu_pfifo_gpu_streaming,leaf,PASS,e6d7900d809f6325,286591,false
opengl,game_load.doax_menu_representative.full_system,leaf,PASS,3ebb8ee340a52325,291573,false
opengl,game_load.doax_menu_stress.cpu_only,leaf,PASS,312802588e58a325,216202,false
opengl,game_load.doax_menu_stress.pfifo_only,leaf,PASS,6251472ce3a6e325,38193,false
opengl,game_load.doax_menu_stress.gpu_only,leaf,PASS,30126b41ecb96325,264522,false
opengl,game_load.doax_menu_stress.streaming_only,leaf,PASS,5b922e3ee1312325,68812,false
opengl,game_load.doax_menu_stress.cpu_pfifo_gpu,leaf,PASS,c94959246d55a325,517505,false
opengl,game_load.doax_menu_stress.cpu_pfifo_gpu_streaming,leaf,PASS,5dbf320b91a86325,559416,false
opengl,game_load.doax_menu_stress.full_system,leaf,PASS,545f7965debce325,570706,false
opengl,game_load.pgr2_ai_backup.cpu_only,leaf,PASS,e086b0a920c42325,338767,false
opengl,game_load.pgr2_ai_backup.pfifo_only,leaf,PASS,5bc1b07714da2325,124493,false
opengl,game_load.pgr2_ai_backup.gpu_only,leaf,PASS,f8348ac6eeaaa325,686099,false
opengl,game_load.pgr2_ai_backup.streaming_only,leaf,PASS,f43007e31b972325,28170,false
opengl,game_load.pgr2_ai_backup.cpu_pfifo_gpu,leaf,PASS,48c0585f003ea325,1136896,false
opengl,game_load.pgr2_ai_backup.cpu_pfifo_gpu_streaming,leaf,PASS,e0430415b6dbe325,1155616,false
opengl,game_load.pgr2_ai_backup.full_system,leaf,PASS,cb91c33db5046325,1172811,false
opengl,high_vertex_count.arrays,leaf,PASS,a27c67890c2d9083,21716,false
opengl,high_vertex_count.inline_arrays,leaf,PASS,a27c67890c2d9083,465437,false
opengl,high_vertex_count.inline_buffers,leaf,PASS,a27c67890c2d9083,1086041,false
opengl,high_vertex_count.inline_elements,leaf,PASS,a27c67890c2d9083,207025,false
opengl,pfifo_array_elements.array_element_pgr2,leaf,PASS,bbc8b0702ffd0325,9349,false
opengl,pfifo_array_elements.array_element16,leaf,PASS,9c884de2a5d32325,9512,false
opengl,pfifo_array_elements.array_element32,leaf,PASS,e079f0cf1a994325,10744,false
opengl,pfifo_packet_boundary.array_element16_overflow,leaf,PASS,4d1756526f052325,14618,false
opengl,pfifo_packet_boundary.array_element32_overflow,leaf,PASS,6eb7071be692a325,29047,false
opengl,pfifo_packet_boundary.inline_array_overflow,leaf,PASS,847da1930526a325,28892,false
opengl,pfifo_packet_boundary.incrementing_inline_fallback,leaf,PASS,640439ee8ecd2325,386,false
opengl,texture_cubemap_fallback.unbordered_subblock_dxt1,leaf,FAIL,0a68f0aa371576a5,133400,false
opengl,pipeline_texture_switch.clear_texture_normal,leaf,PASS,22ba4f1405cda325,79191,false
opengl,pipeline_texture_switch.palette_only_update,leaf,PASS,467aab2f95cda325,18387,false
opengl,pipeline_texture_switch.sampler_only_identity,leaf,PASS,0b8438c8404da325,172659,false
opengl,pipeline_texture_switch.shader_negative_control,leaf,PASS,f110c8bd6338c325,139714,false
opengl,pipeline_texture_switch.shared_page_overlap,leaf,PASS,83bb59a8648da325,18536,false
opengl,pipeline_texture_switch.texture_switch,leaf,PASS,8ae05d31fb00c325,143375,false
opengl,primitive_type.line_loop.fixed_function,leaf,PASS,e029a36a3b91c6cc,8626,false
opengl,primitive_type.line_loop.vertex_shader,leaf,PASS,e029a36a3b91c6cc,7674,false
opengl,primitive_type.line_strip.fixed_function,leaf,PASS,05e55de77521d31a,7600,false
opengl,primitive_type.line_strip.vertex_shader,leaf,PASS,05e55de77521d31a,7582,false
opengl,primitive_type.lines.fixed_function,leaf,PASS,e1c19d5c7e7898ab,13947,false
opengl,primitive_type.lines.vertex_shader,leaf,PASS,e1c19d5c7e7898ab,14159,false
opengl,primitive_type.points.fixed_function,leaf,PASS,5b296619f665c070,7614,false
opengl,primitive_type.points.vertex_shader,leaf,PASS,5b296619f665c070,7554,false
opengl,primitive_type.polygon.fixed_function,leaf,PASS,2c4beaa06aba1000,7467,false
opengl,primitive_type.polygon.vertex_shader,leaf,PASS,2c4beaa06aba1000,7527,false
opengl,primitive_type.quad_strip.fixed_function,leaf,PASS,f64b4495347cec73,13422,false
opengl,primitive_type.quad_strip.vertex_shader,leaf,PASS,f64b4495347cec73,13271,false
opengl,primitive_type.quads.fixed_function,leaf,PASS,114a1419338256e5,26619,false
opengl,primitive_type.quads.vertex_shader,leaf,PASS,114a1419338256e5,24856,false
opengl,primitive_type.triangle_fan.fixed_function,leaf,PASS,36644f0fd11db166,7165,false
opengl,primitive_type.triangle_fan.vertex_shader,leaf,PASS,36644f0fd11db166,7695,false
opengl,primitive_type.triangle_strip.fixed_function,leaf,PASS,d7b289579fdaa1ab,7728,false
opengl,primitive_type.triangle_strip.vertex_shader,leaf,PASS,d7b289579fdaa1ab,7529,false
opengl,primitive_type.triangles.fixed_function,leaf,PASS,72f05baf369ceb60,19629,false
opengl,primitive_type.triangles.vertex_shader,leaf,PASS,72f05baf369ceb60,19168,false
opengl,query_pressure.repeated_page_4097,leaf,PASS,89ccbb563c63e0a5,415311,false
opengl,report_query.clear_boundary,leaf,PASS,b5eb7c4b9c8da325,2806,false
opengl,report_query.dma_descriptor_rewrite,leaf,PASS,c0c0fdbececda325,3289,false
opengl,report_query.dma_range_guard,leaf,PASS,3f648ce11a4da325,1122,false
opengl,report_query.dma_target_switch,leaf,PASS,4c4bd8cd440da325,4121,false
opengl,report_query.fifo_producer_ordering,leaf,PASS,0d907c24a88da325,4590,false
opengl,report_query.multiple_boundaries,leaf,PASS,0c966fc9ba4da325,2775,false
opengl,report_query.single_boundary,leaf,PASS,60e674c9fecda325,3142,false
opengl,report_query.zero_query,leaf,PASS,23875dfeb40da325,676,false
opengl,surface.basic,leaf,PASS,0f44c0df337b52bc,148276,false
opengl,surface.cpu_read_after_gpu_write,leaf,PASS,76ea18af98322325,11151,false
opengl,surface.cpu_read_clean_surface,leaf,PASS,d3267b427820a325,13593,false
opengl,surface.framebuffer_working_set_002,leaf,PASS,9f3b0609a42777d5,26056,false
opengl,surface.framebuffer_working_set_008,leaf,PASS,64cbf95dec8f59e5,26745,false
opengl,surface.framebuffer_working_set_032,leaf,PASS,a6116feb11a28c25,27338,false
opengl,surface.framebuffer_working_set_064,leaf,PASS,a6116feb11a28c25,33018,false
opengl,surface.full_clear_elision_guard,leaf,PASS,4f05ccd43f43d495,141666,false
opengl,surface.overlapping_surface_churn_representative,leaf,PASS,caf66d4bf5691525,212147,false
opengl,surface.overlapping_surface_churn_stress,leaf,PASS,caf66d4bf5691525,267477,false
opengl,surface.partial_channel_clear_guard,leaf,PASS,eb2cb498aa73af25,138990,false
opengl,surface.surface_download_path,leaf,PASS,2b0e8aac0f8838e8,126779,false
opengl,surface.surface_list_lookup_002,leaf,PASS,dce4c9394e7a3f35,26032,false
opengl,surface.surface_list_lookup_008,leaf,PASS,bf1fe5b8fe78a94d,26405,false
opengl,surface.surface_list_lookup_032,leaf,PASS,c6275b91195a5325,29415,false
opengl,surface.surface_list_lookup_128,leaf,PASS,c6275b91195a5325,33016,false
opengl,surface.vulkan_memory_pressure.representative.growth,leaf,PASS,c1b304b452852b25,57671,false
opengl,surface.vulkan_memory_pressure.representative.plateau,leaf,PASS,730005d86af45b25,51129,false
opengl,surface.vulkan_memory_pressure.representative.alias_resize,leaf,PASS,0c26236493b4d325,58604,false
opengl,surface.vulkan_memory_pressure.representative.reuse,leaf,PASS,3ba0d18066aacb25,59005,false
opengl,surface.vulkan_memory_pressure.representative.idle_retention,leaf,PASS,3a8651789ea0fa25,3583,false
opengl,surface.vulkan_memory_pressure.representative,group,PASS,7e188dabb186cb25,0,false
opengl,surface.vulkan_memory_pressure.stress.growth,leaf,PASS,94cdb4bddb0e4b25,220988,false
opengl,surface.vulkan_memory_pressure.stress.plateau,leaf,PASS,196f33989be28325,198834,false
opengl,surface.vulkan_memory_pressure.stress.alias_resize,leaf,PASS,84a8d75f1f9d1b25,252960,false
opengl,surface.vulkan_memory_pressure.stress.reuse,leaf,PASS,fb2a6abd1cbfc725,235379,false
opengl,surface.vulkan_memory_pressure.stress.idle_retention,leaf,PASS,430711a262877725,3191,false
opengl,surface.vulkan_memory_pressure.stress,group,PASS,7e188dabb186cb25,0,false
opengl,tiny_draw.arrays.fixed_function,leaf,PASS,acf025546cf667b5,211513,false
opengl,tiny_draw.arrays.vertex_shader,leaf,PASS,acf025546cf667b5,214739,false
opengl,tiny_draw.inline_arrays.fixed_function,leaf,PASS,acf025546cf667b5,739591,false
opengl,tiny_draw.inline_arrays.vertex_shader,leaf,PASS,acf025546cf667b5,716256,false
opengl,tiny_draw.inline_buffers.fixed_function,leaf,PASS,acf025546cf667b5,702723,false
opengl,tiny_draw.inline_buffers.vertex_shader,leaf,PASS,acf025546cf667b5,689184,false
opengl,tiny_draw.inline_elements.fixed_function,leaf,PASS,acf025546cf667b5,212584,false
opengl,tiny_draw.inline_elements.vertex_shader,leaf,PASS,acf025546cf667b5,214578,false
opengl,uniform_thrash.uniform_thrash,leaf,PASS,09eb5907ef624c25,18451,false
opengl,vertex_buffer_allocation.mixed.arrays,leaf,PASS,377e6c029807f325,254894,false
opengl,vertex_buffer_allocation.mixed.inline_arrays,leaf,PASS,377e6c029807f325,1340650,false
opengl,vertex_buffer_allocation.mixed.inline_buffers,leaf,PASS,377e6c029807f325,5491443,false
opengl,vertex_buffer_allocation.mixed.inline_elements,leaf,PASS,377e6c029807f325,340021,false
opengl,vertex_buffer_allocation.tiny.arrays,leaf,PASS,377e6c029807f325,293320,false
opengl,vertex_buffer_allocation.tiny.inline_arrays,leaf,PASS,377e6c029807f325,914450,false
opengl,vertex_buffer_allocation.tiny.inline_buffers,leaf,PASS,377e6c029807f325,1002977,false
opengl,vertex_buffer_allocation.tiny.inline_elements,leaf,PASS,377e6c029807f325,350665,false
opengl,vertex_buffer_allocation.rising_transient_growth,leaf,PASS,377e6c029807f325,656968,false
opengl,vertex_buffer_allocation.disjoint_same_page,leaf,PASS,fdcd25a37910bb25,229732,false
vulkan,busy_pfifo.pfifo_saturation,leaf,PASS,1508607624bb8506,1118100,false
vulkan,busy_pfifo.pgraph_pattern_polling,leaf,PASS,386d0f085e98c325,4307912,false
vulkan,cpu_floating_point.sse_scalar,leaf,PASS,6962077c244da325,5046093,false
vulkan,cpu_floating_point.x87_scalar,leaf,PASS,6962077c244da325,8000073,false
vulkan,cpu_translation_blocks.direct_loop,leaf,PASS,bd1fc9bf0c318325,98436,false
vulkan,cpu_translation_blocks.indirect_dispatch,leaf,PASS,c0426cf669a02325,397738,false
vulkan,cpu_translation_blocks.indirect_dispatch_stress,leaf,PASS,fbd507cb0c622325,7937349,false
vulkan,fill_rate.solid,leaf,PASS,08b0f60773aac775,19011,false
vulkan,fill_rate.textured,leaf,PASS,99b433323df1684d,20004,false
vulkan,game_load.long_unlocked_scene.cpu,leaf,PASS,4efd9244c4ad2325,192217,false
vulkan,game_load.long_unlocked_scene.pfifo,leaf,PASS,4efd9244c4ad2325,40322,false
vulkan,game_load.long_unlocked_scene.alpha_overdraw,leaf,PASS,4efd9244c4ad2325,264148,false
vulkan,game_load.long_unlocked_scene.streaming_surface_reuse,leaf,PASS,4efd9244c4ad2325,94580,false
vulkan,game_load.long_unlocked_scene.combined,leaf,PASS,4efd9244c4ad2325,585801,false
vulkan,game_load.long_unlocked_scene.full_system,leaf,PASS,4efd9244c4ad2325,594929,false
vulkan,game_load.long_unlocked_scene,group,PASS,4efd9244c4ad2325,0,false
vulkan,game_load.cross_title_hotpath.queued_vertex_cpu_writes,leaf,PASS,ea21c900993ea325,679805,false
vulkan,game_load.cross_title_hotpath.pgr2_small_draws,leaf,PASS,151015a16ca46325,845327,false
vulkan,game_load.cross_title_hotpath.texture_update_reuse,leaf,PASS,44fcd2c900a5a325,24379,false
vulkan,game_load.cross_title_hotpath.surface_reuse,leaf,PASS,37f87c4938cd6325,78490,false
vulkan,game_load.cross_title_hotpath.pipeline_state_churn,leaf,PASS,4f8b2eab497ca325,532991,false
vulkan,game_load.cross_title_hotpath.blend_constant_reuse,leaf,PASS,58e80f99c5a56325,1343254,false
vulkan,game_load.cross_title_hotpath.texture_binding_reuse,leaf,PASS,6b9bae4b9c97a325,1743187,false
vulkan,game_load.cross_title_hotpath.pgr2_lagspot_inline_elements,leaf,PASS,2b9db92162606325,987085,false
vulkan,game_load.cross_title_hotpath.scaled_surface_pressure,leaf,PASS,32a69ec6dce52325,5110022,false
vulkan,game_load.cross_title_hotpath.s3tc_streaming_fenced_draws,leaf,PASS,1a65246e1a0ea325,9816392,false
vulkan,game_load.cross_title_hotpath.gpu_wait_control,leaf,PASS,e30500792076e325,10334,false
vulkan,game_load.cross_title_hotpath,group,PASS,e30500792076e325,0,false
vulkan,game_load.s3tc_sync_factor.dxt1_same_address_wait,leaf,PASS,3403675459d4d3d5,124078,false
vulkan,game_load.s3tc_sync_factor.dxt1_same_address_queued,leaf,PASS,047ee32796e06929,136094,false
vulkan,game_load.s3tc_sync_factor.dxt1_ring_payload_generations,leaf,PASS,3403675459d4d3d5,126225,false
vulkan,game_load.s3tc_sync_factor.dxt1_dirty_once_redraw,leaf,PASS,428c04bbb0a62725,124572,false
vulkan,game_load.s3tc_sync_factor.rgba8_same_address_wait,leaf,PASS,3403675459d4d3d5,399909,false
vulkan,game_load.s3tc_sync_factor.rgba8_same_address_queued,leaf,PASS,f3c3ed307d3ff3f8,389406,false
vulkan,game_load.s3tc_sync_factor.rgba8_ring_payload_generations,leaf,PASS,3403675459d4d3d5,393137,false
vulkan,game_load.s3tc_sync_factor.rgba8_dirty_once_redraw,leaf,PASS,428c04bbb0a62725,130530,false
vulkan,game_load.s3tc_sync_factor.bc2_native_eligible,leaf,PASS,3403675459d4d3d5,133374,false
vulkan,game_load.s3tc_sync_factor.bc2_bordered_fallback,leaf,PASS,db28300321744de5,387590,false
vulkan,game_load.s3tc_sync_factor.bc3_native_eligible,leaf,PASS,3403675459d4d3d5,133389,false
vulkan,game_load.s3tc_sync_factor.bc3_bordered_fallback,leaf,PASS,db28300321744de5,387588,false
vulkan,game_load.s3tc_sync_factor,group,PASS,db28300321744de5,0,false
vulkan,game_load.repeated_display,leaf,PASS,e758dbbf4edc2325,131995,false
vulkan,game_load.repeated_display_boosted,leaf,PASS,60315b1c33b6a325,398813,false
vulkan,game_load.doax_menu_representative.cpu_only,leaf,PASS,c9ffff20249e2325,108978,false
vulkan,game_load.doax_menu_representative.pfifo_only,leaf,PASS,db52eb2ea2ee6325,20082,false
vulkan,game_load.doax_menu_representative.gpu_only,leaf,PASS,fbd6d6be7f982325,134687,false
vulkan,game_load.doax_menu_representative.streaming_only,leaf,PASS,f94303d175056325,47958,false
vulkan,game_load.doax_menu_representative.cpu_pfifo_gpu,leaf,PASS,04157941d1aa6325,261620,false
vulkan,game_load.doax_menu_representative.cpu_pfifo_gpu_streaming,leaf,PASS,e6d7900d809f6325,301926,false
vulkan,game_load.doax_menu_representative.full_system,leaf,PASS,3ebb8ee340a52325,305575,false
vulkan,game_load.doax_menu_stress.cpu_only,leaf,PASS,312802588e58a325,214684,false
vulkan,game_load.doax_menu_stress.pfifo_only,leaf,PASS,6251472ce3a6e325,39949,false
vulkan,game_load.doax_menu_stress.gpu_only,leaf,PASS,30126b41ecb96325,255164,false
vulkan,game_load.doax_menu_stress.streaming_only,leaf,PASS,5b922e3ee1312325,98467,false
vulkan,game_load.doax_menu_stress.cpu_pfifo_gpu,leaf,PASS,c94959246d55a325,516735,false
vulkan,game_load.doax_menu_stress.cpu_pfifo_gpu_streaming,leaf,PASS,5dbf320b91a86325,596775,false
vulkan,game_load.doax_menu_stress.full_system,leaf,PASS,545f7965debce325,605017,false
vulkan,game_load.pgr2_ai_backup.cpu_only,leaf,PASS,e086b0a920c42325,338686,false
vulkan,game_load.pgr2_ai_backup.pfifo_only,leaf,PASS,5bc1b07714da2325,122909,false
vulkan,game_load.pgr2_ai_backup.gpu_only,leaf,PASS,f8348ac6eeaaa325,682503,false
vulkan,game_load.pgr2_ai_backup.streaming_only,leaf,PASS,f43007e31b972325,34452,false
vulkan,game_load.pgr2_ai_backup.cpu_pfifo_gpu,leaf,PASS,48c0585f003ea325,1132123,false
vulkan,game_load.pgr2_ai_backup.cpu_pfifo_gpu_streaming,leaf,PASS,e0430415b6dbe325,1188111,false
vulkan,game_load.pgr2_ai_backup.full_system,leaf,PASS,cb91c33db5046325,1198896,false
vulkan,high_vertex_count.arrays,leaf,PASS,a27c67890c2d9083,16176,false
vulkan,high_vertex_count.inline_arrays,leaf,PASS,a27c67890c2d9083,506852,false
vulkan,high_vertex_count.inline_buffers,leaf,PASS,a27c67890c2d9083,1205265,false
vulkan,high_vertex_count.inline_elements,leaf,PASS,a27c67890c2d9083,210731,false
vulkan,pfifo_array_elements.array_element_pgr2,leaf,PASS,bbc8b0702ffd0325,10428,false
vulkan,pfifo_array_elements.array_element16,leaf,PASS,9c884de2a5d32325,4913,false
vulkan,pfifo_array_elements.array_element32,leaf,PASS,e079f0cf1a994325,8223,false
vulkan,pfifo_packet_boundary.array_element16_overflow,leaf,PASS,4d1756526f052325,16072,false
vulkan,pfifo_packet_boundary.array_element32_overflow,leaf,PASS,6eb7071be692a325,31304,false
vulkan,pfifo_packet_boundary.inline_array_overflow,leaf,PASS,847da1930526a325,31704,false
vulkan,pfifo_packet_boundary.incrementing_inline_fallback,leaf,PASS,640439ee8ecd2325,155,false
vulkan,texture_cubemap_fallback.unbordered_subblock_dxt1,leaf,PASS,be0f2013c1997ca5,127576,false
vulkan,pipeline_texture_switch.clear_texture_normal,leaf,PASS,22ba4f1405cda325,225733,false
vulkan,pipeline_texture_switch.palette_only_update,leaf,PASS,467aab2f95cda325,24117,false
vulkan,pipeline_texture_switch.sampler_only_identity,leaf,PASS,0b8438c8404da325,174906,false
vulkan,pipeline_texture_switch.shader_negative_control,leaf,PASS,f110c8bd6338c325,165014,false
vulkan,pipeline_texture_switch.shared_page_overlap,leaf,PASS,83bb59a8648da325,19599,false
vulkan,pipeline_texture_switch.texture_switch,leaf,PASS,8ae05d31fb00c325,155692,false
vulkan,primitive_type.line_loop.fixed_function,leaf,PASS,f2158581ac6e3919,11132,false
vulkan,primitive_type.line_loop.vertex_shader,leaf,PASS,f2158581ac6e3919,7258,false
vulkan,primitive_type.line_strip.fixed_function,leaf,PASS,f2158581ac6e3919,9214,false
vulkan,primitive_type.line_strip.vertex_shader,leaf,PASS,f2158581ac6e3919,7255,false
vulkan,primitive_type.lines.fixed_function,leaf,PASS,1766a7f93aa72a14,15418,false
vulkan,primitive_type.lines.vertex_shader,leaf,PASS,1766a7f93aa72a14,13542,false
vulkan,primitive_type.points.fixed_function,leaf,PASS,5b296619f665c070,12157,false
vulkan,primitive_type.points.vertex_shader,leaf,PASS,5b296619f665c070,13018,false
vulkan,primitive_type.polygon.fixed_function,leaf,PASS,2c4beaa06aba1000,9213,false
vulkan,primitive_type.polygon.vertex_shader,leaf,PASS,2c4beaa06aba1000,6898,false
vulkan,primitive_type.quad_strip.fixed_function,leaf,PASS,f64b4495347cec73,19244,false
vulkan,primitive_type.quad_strip.vertex_shader,leaf,PASS,f64b4495347cec73,15445,false
vulkan,primitive_type.quads.fixed_function,leaf,PASS,114a1419338256e5,25260,false
vulkan,primitive_type.quads.vertex_shader,leaf,PASS,114a1419338256e5,25599,false
vulkan,primitive_type.triangle_fan.fixed_function,leaf,PASS,36644f0fd11db166,9399,false
vulkan,primitive_type.triangle_fan.vertex_shader,leaf,PASS,36644f0fd11db166,7562,false
vulkan,primitive_type.triangle_strip.fixed_function,leaf,PASS,d7b289579fdaa1ab,6941,false
vulkan,primitive_type.triangle_strip.vertex_shader,leaf,PASS,d7b289579fdaa1ab,7096,false
vulkan,primitive_type.triangles.fixed_function,leaf,PASS,72f05baf369ceb60,21972,false
vulkan,primitive_type.triangles.vertex_shader,leaf,PASS,72f05baf369ceb60,19273,false
vulkan,query_pressure.repeated_page_4097,leaf,PASS,89ccbb563c63e0a5,633571,false
vulkan,report_query.clear_boundary,leaf,PASS,b5eb7c4b9c8da325,7086,false
vulkan,report_query.dma_descriptor_rewrite,leaf,PASS,c0c0fdbececda325,6422,false
vulkan,report_query.dma_range_guard,leaf,PASS,3f648ce11a4da325,2300,false
vulkan,report_query.dma_target_switch,leaf,PASS,4c4bd8cd440da325,8353,false
vulkan,report_query.fifo_producer_ordering,leaf,PASS,0d907c24a88da325,9944,false
vulkan,report_query.multiple_boundaries,leaf,PASS,0c966fc9ba4da325,6028,false
vulkan,report_query.single_boundary,leaf,PASS,60e674c9fecda325,6278,false
vulkan,report_query.zero_query,leaf,PASS,23875dfeb40da325,5917,false
vulkan,surface.basic,leaf,PASS,5a719d88d8221fb2,410813,false
vulkan,surface.cpu_read_after_gpu_write,leaf,PASS,76ea18af98322325,40971,false
vulkan,surface.cpu_read_clean_surface,leaf,PASS,d3267b427820a325,5920,false
vulkan,surface.framebuffer_working_set_002,leaf,PASS,9f3b0609a42777d5,47484,false
vulkan,surface.framebuffer_working_set_008,leaf,PASS,64cbf95dec8f59e5,46568,false
vulkan,surface.framebuffer_working_set_032,leaf,PASS,a6116feb11a28c25,47778,false
vulkan,surface.framebuffer_working_set_064,leaf,PASS,a6116feb11a28c25,50931,false
vulkan,surface.full_clear_elision_guard,leaf,PASS,4f05ccd43f43d495,282558,false
vulkan,surface.overlapping_surface_churn_representative,leaf,PASS,caf66d4bf5691525,274461,false
vulkan,surface.overlapping_surface_churn_stress,leaf,PASS,caf66d4bf5691525,432412,false
vulkan,surface.partial_channel_clear_guard,leaf,PASS,eb2cb498aa73af25,179530,false
vulkan,surface.surface_download_path,leaf,PASS,2b0e8aac0f8838e8,325886,false
vulkan,surface.surface_list_lookup_002,leaf,PASS,dce4c9394e7a3f35,35884,false
vulkan,surface.surface_list_lookup_008,leaf,PASS,bf1fe5b8fe78a94d,35774,false
vulkan,surface.surface_list_lookup_032,leaf,PASS,c6275b91195a5325,38339,false
vulkan,surface.surface_list_lookup_128,leaf,PASS,c6275b91195a5325,39618,false
vulkan,surface.vulkan_memory_pressure.representative.growth,leaf,PASS,c1b304b452852b25,124797,false
vulkan,surface.vulkan_memory_pressure.representative.plateau,leaf,PASS,730005d86af45b25,105870,false
vulkan,surface.vulkan_memory_pressure.representative.alias_resize,leaf,PASS,0c26236493b4d325,123838,false
vulkan,surface.vulkan_memory_pressure.representative.reuse,leaf,PASS,3ba0d18066aacb25,125003,false
vulkan,surface.vulkan_memory_pressure.representative.idle_retention,leaf,PASS,3a8651789ea0fa25,2913,false
vulkan,surface.vulkan_memory_pressure.representative,group,PASS,7e188dabb186cb25,0,false
vulkan,surface.vulkan_memory_pressure.stress.growth,leaf,PASS,94cdb4bddb0e4b25,517277,false
vulkan,surface.vulkan_memory_pressure.stress.plateau,leaf,PASS,196f33989be28325,475126,false
vulkan,surface.vulkan_memory_pressure.stress.alias_resize,leaf,PASS,84a8d75f1f9d1b25,535340,false
vulkan,surface.vulkan_memory_pressure.stress.reuse,leaf,PASS,fb2a6abd1cbfc725,529905,false
vulkan,surface.vulkan_memory_pressure.stress.idle_retention,leaf,PASS,430711a262877725,2789,false
vulkan,surface.vulkan_memory_pressure.stress,group,PASS,7e188dabb186cb25,0,false
vulkan,tiny_draw.arrays.fixed_function,leaf,PASS,acf025546cf667b5,220651,false
vulkan,tiny_draw.arrays.vertex_shader,leaf,PASS,acf025546cf667b5,219409,false
vulkan,tiny_draw.inline_arrays.fixed_function,leaf,PASS,acf025546cf667b5,327223,false
vulkan,tiny_draw.inline_arrays.vertex_shader,leaf,PASS,acf025546cf667b5,337062,false
vulkan,tiny_draw.inline_buffers.fixed_function,leaf,PASS,acf025546cf667b5,384270,false
vulkan,tiny_draw.inline_buffers.vertex_shader,leaf,PASS,acf025546cf667b5,393001,false
vulkan,tiny_draw.inline_elements.fixed_function,leaf,PASS,acf025546cf667b5,213418,false
vulkan,tiny_draw.inline_elements.vertex_shader,leaf,PASS,acf025546cf667b5,216066,false
vulkan,uniform_thrash.uniform_thrash,leaf,PASS,09eb5907ef624c25,24583,false
vulkan,vertex_buffer_allocation.mixed.arrays,leaf,PASS,377e6c029807f325,250822,false
vulkan,vertex_buffer_allocation.mixed.inline_arrays,leaf,PASS,377e6c029807f325,1435434,false
vulkan,vertex_buffer_allocation.mixed.inline_buffers,leaf,PASS,377e6c029807f325,6113225,false
vulkan,vertex_buffer_allocation.mixed.inline_elements,leaf,PASS,377e6c029807f325,378319,false
vulkan,vertex_buffer_allocation.tiny.arrays,leaf,PASS,377e6c029807f325,866786,false
vulkan,vertex_buffer_allocation.tiny.inline_arrays,leaf,PASS,377e6c029807f325,533455,false
vulkan,vertex_buffer_allocation.tiny.inline_buffers,leaf,PASS,377e6c029807f325,403260,false
vulkan,vertex_buffer_allocation.tiny.inline_elements,leaf,PASS,377e6c029807f325,561859,false
vulkan,vertex_buffer_allocation.rising_transient_growth,leaf,PASS,377e6c029807f325,719416,false
vulkan,vertex_buffer_allocation.disjoint_same_page,leaf,PASS,fdcd25a37910bb25,400470,false
